ATHLETE,COUNTRY,time,record_flag,Reaction Time,wind,date,venue,meet_name,source_url,round
Noah LYLES,USA,9.79,PB,0.178,1.0,01/08/2024 00:00:00,Paris,World Athletics |  100 Metres Result | The XXXIII Olympic Games,https://worldathletics.org/results/olympic-games/2024/the-xxxiii-olympic-games-7153115/men/100-metres/final/result,
Kishane THOMPSON,JAM,9.79,,0.176,1.0,01/08/2024 00:00:00,Paris,World Athletics |  100 Metres Result | The XXXIII Olympic Games,https://worldathletics.org/results/olympic-games/2024/the-xxxiii-olympic-games-7153115/men/100-metres/final/result,
Fred KERLEY,USA,9.81,SB,0.108,1.0,01/08/2024 00:00:00,Paris,World Athletics |  100 Metres Result | The XXXIII Olympic Games,https://worldathletics.org/results/olympic-games/2024/the-xxxiii-olympic-games-7153115/men/100-metres/final/result,
Akani SIMBINE,RSA,9.82,NR,0.149,1.0,01/08/2024 00:00:00,Paris,World Athletics |  100 Metres Result | The XXXIII Olympic Games,https://worldathletics.org/results/olympic-games/2024/the-xxxiii-olympic-games-7153115/men/100-metres/final/result,
Lamont Marcell JACOBS,ITA,9.85,SB,0.114,1.0,01/08/2024 00:00:00,Paris,World Athletics |  100 Metres Result | The XXXIII Olympic Games,https://worldathletics.org/results/olympic-games/2024/the-xxxiii-olympic-games-7153115/men/100-metres/final/result,
Letsile TEBOGO,BOT,9.86,NR,0.178,1.0,01/08/2024 00:00:00,Paris,World Athletics |  100 Metres Result | The XXXIII Olympic Games,https://worldathletics.org/results/olympic-games/2024/the-xxxiii-olympic-games-7153115/men/100-metres/final/result,
Kenneth BEDNAREK,USA,9.88,,0.163,1.0,01/08/2024 00:00:00,Paris,World Athletics |  100 Metres Result | The XXXIII Olympic Games,https://worldathletics.org/results/olympic-games/2024/the-xxxiii-olympic-games-7153115/men/100-metres/final/result,
Oblique SEVILLE,JAM,9.91,,0.171,1.0,01/08/2024 00:00:00,Paris,World Athletics |  100 Metres Result | The XXXIII Olympic Games,https://worldathletics.org/results/olympic-games/2024/the-xxxiii-olympic-games-7153115/men/100-metres/final/result,
Noah LYLES,USA,9.83,=WL,0.145,0.0,19/08/2023 00:00:00,Budapest,"World Athletics |  100 Metres Result | World Athletics Championships, Budapest 2023",https://worldathletics.org/results/world-athletics-championships/2023/world-athletics-championships-budapest-2023-7138987/men/100-metres/final/result,
Letsile TEBOGO,BOT,9.88,NR,0.129,0.0,19/08/2023 00:00:00,Budapest,"World Athletics |  100 Metres Result | World Athletics Championships, Budapest 2023",https://worldathletics.org/results/world-athletics-championships/2023/world-athletics-championships-budapest-2023-7138987/men/100-metres/final/result,
Zharnel HUGHES,GBR,9.88,,0.105,0.0,19/08/2023 00:00:00,Budapest,"World Athletics |  100 Metres Result | World Athletics Championships, Budapest 2023",https://worldathletics.org/results/world-athletics-championships/2023/world-athletics-championships-budapest-2023-7138987/men/100-metres/final/result,
Oblique SEVILLE,JAM,9.88,,0.148,0.0,19/08/2023 00:00:00,Budapest,"World Athletics |  100 Metres Result | World Athletics Championships, Budapest 2023",https://worldathletics.org/results/world-athletics-championships/2023/world-athletics-championships-budapest-2023-7138987/men/100-metres/final/result,
Christian COLEMAN,USA,9.92,,0.137,0.0,19/08/2023 00:00:00,Budapest,"World Athletics |  100 Metres Result | World Athletics Championships, Budapest 2023",https://worldathletics.org/results/world-athletics-championships/2023/world-athletics-championships-budapest-2023-7138987/men/100-metres/final/result,
Abdul Hakim SANI BROWN,JPN,10.04,,0.177,0.0,19/08/2023 00:00:00,Budapest,"World Athletics |  100 Metres Result | World Athletics Championships, Budapest 2023",https://worldathletics.org/results/world-athletics-championships/2023/world-athletics-championships-budapest-2023-7138987/men/100-metres/final/result,
Ferdinand OMANYALA,KEN,10.07,,0.152,0.0,19/08/2023 00:00:00,Budapest,"World Athletics |  100 Metres Result | World Athletics Championships, Budapest 2023",https://worldathletics.org/results/world-athletics-championships/2023/world-athletics-championships-budapest-2023-7138987/men/100-metres/final/result,
Ryiem FORDE,JAM,10.08,,0.188,0.0,19/08/2023 00:00:00,Budapest,"World Athletics |  100 Metres Result | World Athletics Championships, Budapest 2023",https://worldathletics.org/results/world-athletics-championships/2023/world-athletics-championships-budapest-2023-7138987/men/100-metres/final/result,
Lamont Marcell JACOBS,ITA,9.8,AR,0.161,0.1,30/07/2021 00:00:00,,World Athletics |  100 Metres Result | The XXXII Olympic Games (Athletics),https://worldathletics.org/results/olympic-games/2021/the-xxxii-olympic-games-7132391/men/100-metres/final/result,
Fred KERLEY,USA,9.84,PB,0.128,0.1,30/07/2021 00:00:00,,World Athletics |  100 Metres Result | The XXXII Olympic Games (Athletics),https://worldathletics.org/results/olympic-games/2021/the-xxxii-olympic-games-7132391/men/100-metres/final/result,
Andre DE GRASSE,CAN,9.89,PB,0.155,0.1,30/07/2021 00:00:00,,World Athletics |  100 Metres Result | The XXXII Olympic Games (Athletics),https://worldathletics.org/results/olympic-games/2021/the-xxxii-olympic-games-7132391/men/100-metres/final/result,
Akani SIMBINE,RSA,9.93,,0.141,0.1,30/07/2021 00:00:00,,World Athletics |  100 Metres Result | The XXXII Olympic Games (Athletics),https://worldathletics.org/results/olympic-games/2021/the-xxxii-olympic-games-7132391/men/100-metres/final/result,
Ronnie BAKER,USA,9.95,,0.148,0.1,30/07/2021 00:00:00,,World Athletics |  100 Metres Result | The XXXII Olympic Games (Athletics),https://worldathletics.org/results/olympic-games/2021/the-xxxii-olympic-games-7132391/men/100-metres/final/result,
Bingtian SU,CHN,9.98,,0.167,0.1,30/07/2021 00:00:00,,World Athletics |  100 Metres Result | The XXXII Olympic Games (Athletics),https://worldathletics.org/results/olympic-games/2021/the-xxxii-olympic-games-7132391/men/100-metres/final/result,
Enoch ADEGOKE,NGR,,DNF,0.157,0.1,30/07/2021 00:00:00,,World Athletics |  100 Metres Result | The XXXII Olympic Games (Athletics),https://worldathletics.org/results/olympic-games/2021/the-xxxii-olympic-games-7132391/men/100-metres/final/result,
Zharnel HUGHES,GBR,,DQ,,0.1,30/07/2021 00:00:00,,World Athletics |  100 Metres Result | The XXXII Olympic Games (Athletics),https://worldathletics.org/results/olympic-games/2021/the-xxxii-olympic-games-7132391/men/100-metres/final/result,
Fred KERLEY,USA,9.86,,0.119,,,,FINAL | 100 Metres | Results | Oregon 22 | World Athletics Championships,https://worldathletics.org/competitions/world-athletics-championships/world-athletics-championships-oregon-2022-7137279/results/men/100-metres/final/result,
Marvin BRACY,USA,9.88,,0.118,,,,FINAL | 100 Metres | Results | Oregon 22 | World Athletics Championships,https://worldathletics.org/competitions/world-athletics-championships/world-athletics-championships-oregon-2022-7137279/results/men/100-metres/final/result,
Trayvon BROMELL,USA,9.88,,0.11,,,,FINAL | 100 Metres | Results | Oregon 22 | World Athletics Championships,https://worldathletics.org/competitions/world-athletics-championships/world-athletics-championships-oregon-2022-7137279/results/men/100-metres/final/result,
Oblique SEVILLE,JAM,9.97,,0.154,,,,FINAL | 100 Metres | Results | Oregon 22 | World Athletics Championships,https://worldathletics.org/competitions/world-athletics-championships/world-athletics-championships-oregon-2022-7137279/results/men/100-metres/final/result,
Akani SIMBINE,RSA,10.01,,0.129,,,,FINAL | 100 Metres | Results | Oregon 22 | World Athletics Championships,https://worldathletics.org/competitions/world-athletics-championships/world-athletics-championships-oregon-2022-7137279/results/men/100-metres/final/result,
Christian COLEMAN,USA,10.01,,0.104,,,,FINAL | 100 Metres | Results | Oregon 22 | World Athletics Championships,https://worldathletics.org/competitions/world-athletics-championships/world-athletics-championships-oregon-2022-7137279/results/men/100-metres/final/result,
Abdul Hakim SANI BROWN,JPN,10.06,,0.147,,,,FINAL | 100 Metres | Results | Oregon 22 | World Athletics Championships,https://worldathletics.org/competitions/world-athletics-championships/world-athletics-championships-oregon-2022-7137279/results/men/100-metres/final/result,
Aaron BROWN,CAN,10.07,,0.155,,,,FINAL | 100 Metres | Results | Oregon 22 | World Athletics Championships,https://worldathletics.org/competitions/world-athletics-championships/world-athletics-championships-oregon-2022-7137279/results/men/100-metres/final/result,
Christian COLEMAN,USA,9.76,WL,0.128,0.6,27/09/2019 00:00:00,Doha,"World Athletics |  100 Metres Result | IAAF World Athletics Championships, DOHA 2019",https://worldathletics.org/results/world-athletics-championships/2019/iaaf-world-athletics-championships-doha-2019-7125365/men/100-metres/final/result,
Justin GATLIN,USA,9.89,,0.148,0.6,27/09/2019 00:00:00,Doha,"World Athletics |  100 Metres Result | IAAF World Athletics Championships, DOHA 2019",https://worldathletics.org/results/world-athletics-championships/2019/iaaf-world-athletics-championships-doha-2019-7125365/men/100-metres/final/result,
Andre DE GRASSE,CAN,9.9,PB,0.14,0.6,27/09/2019 00:00:00,Doha,"World Athletics |  100 Metres Result | IAAF World Athletics Championships, DOHA 2019",https://worldathletics.org/results/world-athletics-championships/2019/iaaf-world-athletics-championships-doha-2019-7125365/men/100-metres/final/result,
Akani SIMBINE,RSA,9.93,SB,0.117,0.6,27/09/2019 00:00:00,Doha,"World Athletics |  100 Metres Result | IAAF World Athletics Championships, DOHA 2019",https://worldathletics.org/results/world-athletics-championships/2019/iaaf-world-athletics-championships-doha-2019-7125365/men/100-metres/final/result,
Yohan BLAKE,JAM,9.97,,0.142,0.6,27/09/2019 00:00:00,Doha,"World Athletics |  100 Metres Result | IAAF World Athletics Championships, DOHA 2019",https://worldathletics.org/results/world-athletics-championships/2019/iaaf-world-athletics-championships-doha-2019-7125365/men/100-metres/final/result,
Zharnel HUGHES,GBR,10.03,,0.119,0.6,27/09/2019 00:00:00,Doha,"World Athletics |  100 Metres Result | IAAF World Athletics Championships, DOHA 2019",https://worldathletics.org/results/world-athletics-championships/2019/iaaf-world-athletics-championships-doha-2019-7125365/men/100-metres/final/result,
Filippo TORTU,ITA,10.07,SB,0.158,0.6,27/09/2019 00:00:00,Doha,"World Athletics |  100 Metres Result | IAAF World Athletics Championships, DOHA 2019",https://worldathletics.org/results/world-athletics-championships/2019/iaaf-world-athletics-championships-doha-2019-7125365/men/100-metres/final/result,
Aaron BROWN,CAN,10.08,,0.155,0.6,27/09/2019 00:00:00,Doha,"World Athletics |  100 Metres Result | IAAF World Athletics Championships, DOHA 2019",https://worldathletics.org/results/world-athletics-championships/2019/iaaf-world-athletics-championships-doha-2019-7125365/men/100-metres/final/result,
Justin GATLIN,USA,9.92,SB,0.138,-0.8,04/08/2017 00:00:00,,World Athletics |  100 Metres Result | IAAF World Championships London 2017,https://worldathletics.org/results/world-athletics-championships/2017/iaaf-world-championships-london-2017-7093740/men/100-metres/final/result,
Christian COLEMAN,USA,9.94,,0.123,-0.8,04/08/2017 00:00:00,,World Athletics |  100 Metres Result | IAAF World Championships London 2017,https://worldathletics.org/results/world-athletics-championships/2017/iaaf-world-championships-london-2017-7093740/men/100-metres/final/result,
Usain BOLT,JAM,9.95,SB,0.183,-0.8,04/08/2017 00:00:00,,World Athletics |  100 Metres Result | IAAF World Championships London 2017,https://worldathletics.org/results/world-athletics-championships/2017/iaaf-world-championships-london-2017-7093740/men/100-metres/final/result,
Yohan BLAKE,JAM,9.99,,0.137,-0.8,04/08/2017 00:00:00,,World Athletics |  100 Metres Result | IAAF World Championships London 2017,https://worldathletics.org/results/world-athletics-championships/2017/iaaf-world-championships-london-2017-7093740/men/100-metres/final/result,
Akani SIMBINE,RSA,10.01,,0.141,-0.8,04/08/2017 00:00:00,,World Athletics |  100 Metres Result | IAAF World Championships London 2017,https://worldathletics.org/results/world-athletics-championships/2017/iaaf-world-championships-london-2017-7093740/men/100-metres/final/result,
Jimmy VICAUT,FRA,10.08,,0.152,-0.8,04/08/2017 00:00:00,,World Athletics |  100 Metres Result | IAAF World Championships London 2017,https://worldathletics.org/results/world-athletics-championships/2017/iaaf-world-championships-london-2017-7093740/men/100-metres/final/result,
Reece PRESCOD,GBR,10.17,,0.145,-0.8,04/08/2017 00:00:00,,World Athletics |  100 Metres Result | IAAF World Championships London 2017,https://worldathletics.org/results/world-athletics-championships/2017/iaaf-world-championships-london-2017-7093740/men/100-metres/final/result,
Bingtian SU,CHN,10.27,,0.224,-0.8,04/08/2017 00:00:00,,World Athletics |  100 Metres Result | IAAF World Championships London 2017,https://worldathletics.org/results/world-athletics-championships/2017/iaaf-world-championships-london-2017-7093740/men/100-metres/final/result,
Usain BOLT,JAM,9.79,SB,0.159,-0.5,22/08/2015 00:00:00,,World Athletics |  100 Metres Result | 15th IAAF World Championships,https://worldathletics.org/results/iaaf-world-championships-in-athletics/2015/15th-iaaf-world-championships-7078726/men/100-metres/final/result,
Justin GATLIN,USA,9.8,,0.165,-0.5,22/08/2015 00:00:00,,World Athletics |  100 Metres Result | 15th IAAF World Championships,https://worldathletics.org/results/iaaf-world-championships-in-athletics/2015/15th-iaaf-world-championships-7078726/men/100-metres/final/result,
Trayvon BROMELL,USA,9.92,,0.135,-0.5,22/08/2015 00:00:00,,World Athletics |  100 Metres Result | 15th IAAF World Championships,https://worldathletics.org/results/iaaf-world-championships-in-athletics/2015/15th-iaaf-world-championships-7078726/men/100-metres/final/result,
Andre DE GRASSE,CAN,9.92,PB,0.136,-0.5,22/08/2015 00:00:00,,World Athletics |  100 Metres Result | 15th IAAF World Championships,https://worldathletics.org/results/iaaf-world-championships-in-athletics/2015/15th-iaaf-world-championships-7078726/men/100-metres/final/result,
Michael RODGERS,USA,9.94,,0.139,-0.5,22/08/2015 00:00:00,,World Athletics |  100 Metres Result | 15th IAAF World Championships,https://worldathletics.org/results/iaaf-world-championships-in-athletics/2015/15th-iaaf-world-championships-7078726/men/100-metres/final/result,
Tyson GAY,USA,10.0,,0.128,-0.5,22/08/2015 00:00:00,,World Athletics |  100 Metres Result | 15th IAAF World Championships,https://worldathletics.org/results/iaaf-world-championships-in-athletics/2015/15th-iaaf-world-championships-7078726/men/100-metres/final/result,
Asafa POWELL,JAM,10.0,,0.144,-0.5,22/08/2015 00:00:00,,World Athletics |  100 Metres Result | 15th IAAF World Championships,https://worldathletics.org/results/iaaf-world-championships-in-athletics/2015/15th-iaaf-world-championships-7078726/men/100-metres/final/result,
Jimmy VICAUT,FRA,10.0,,0.17,-0.5,22/08/2015 00:00:00,,World Athletics |  100 Metres Result | 15th IAAF World Championships,https://worldathletics.org/results/iaaf-world-championships-in-athletics/2015/15th-iaaf-world-championships-7078726/men/100-metres/final/result,
Bingtian SU,CHN,10.06,,0.175,-0.5,22/08/2015 00:00:00,,World Athletics |  100 Metres Result | 15th IAAF World Championships,https://worldathletics.org/results/iaaf-world-championships-in-athletics/2015/15th-iaaf-world-championships-7078726/men/100-metres/final/result,
Usain BOLT,JAM,9.77,SB,0.163,-0.3,10/08/2013 00:00:00,,World Athletics |  100 Metres Result | 14th IAAF World Championships,https://worldathletics.org/results/world-athletics-championships/2013/14th-iaaf-world-championships-7003368/men/100-metres/final/result,
Justin GATLIN,USA,9.85,SB,0.163,-0.3,10/08/2013 00:00:00,,World Athletics |  100 Metres Result | 14th IAAF World Championships,https://worldathletics.org/results/world-athletics-championships/2013/14th-iaaf-world-championships-7003368/men/100-metres/final/result,
Nesta CARTER,JAM,9.95,,0.157,-0.3,10/08/2013 00:00:00,,World Athletics |  100 Metres Result | 14th IAAF World Championships,https://worldathletics.org/results/world-athletics-championships/2013/14th-iaaf-world-championships-7003368/men/100-metres/final/result,
Kemar BAILEY-COLE,JAM,9.98,,0.186,-0.3,10/08/2013 00:00:00,,World Athletics |  100 Metres Result | 14th IAAF World Championships,https://worldathletics.org/results/world-athletics-championships/2013/14th-iaaf-world-championships-7003368/men/100-metres/final/result,
Nickel Ashmeade,JAM,9.98,,0.142,-0.3,10/08/2013 00:00:00,,World Athletics |  100 Metres Result | 14th IAAF World Championships,https://worldathletics.org/results/world-athletics-championships/2013/14th-iaaf-world-championships-7003368/men/100-metres/final/result,
Michael RODGERS,USA,10.04,,0.158,-0.3,10/08/2013 00:00:00,,World Athletics |  100 Metres Result | 14th IAAF World Championships,https://worldathletics.org/results/world-athletics-championships/2013/14th-iaaf-world-championships-7003368/men/100-metres/final/result,
Christophe LEMAITRE,FRA,10.06,,0.154,-0.3,10/08/2013 00:00:00,,World Athletics |  100 Metres Result | 14th IAAF World Championships,https://worldathletics.org/results/world-athletics-championships/2013/14th-iaaf-world-championships-7003368/men/100-metres/final/result,
James Dasaolu,GBR,10.21,,0.177,-0.3,10/08/2013 00:00:00,,World Athletics |  100 Metres Result | 14th IAAF World Championships,https://worldathletics.org/results/world-athletics-championships/2013/14th-iaaf-world-championships-7003368/men/100-metres/final/result,
Usain BOLT,JAM,9.63,OR,0.165,1.5,27/07/2012 00:00:00,,World Athletics |  100 Metres Result | The XXX Olympic Games,https://worldathletics.org/results/olympic-games/2012/the-xxx-olympic-games-6999193/men/100-metres/final/result,
Yohan BLAKE,JAM,9.75,=PB,0.179,1.5,27/07/2012 00:00:00,,World Athletics |  100 Metres Result | The XXX Olympic Games,https://worldathletics.org/results/olympic-games/2012/the-xxx-olympic-games-6999193/men/100-metres/final/result,
Justin GATLIN,USA,9.79,PB,0.178,1.5,27/07/2012 00:00:00,,World Athletics |  100 Metres Result | The XXX Olympic Games,https://worldathletics.org/results/olympic-games/2012/the-xxx-olympic-games-6999193/men/100-metres/final/result,
Ryan BAILEY,USA,9.88,=PB,0.176,1.5,27/07/2012 00:00:00,,World Athletics |  100 Metres Result | The XXX Olympic Games,https://worldathletics.org/results/olympic-games/2012/the-xxx-olympic-games-6999193/men/100-metres/final/result,
Churandy MARTINA,NED,9.94,,0.139,1.5,27/07/2012 00:00:00,,World Athletics |  100 Metres Result | The XXX Olympic Games,https://worldathletics.org/results/olympic-games/2012/the-xxx-olympic-games-6999193/men/100-metres/final/result,
Richard THOMPSON,TTO,9.98,,0.16,1.5,27/07/2012 00:00:00,,World Athletics |  100 Metres Result | The XXX Olympic Games,https://worldathletics.org/results/olympic-games/2012/the-xxx-olympic-games-6999193/men/100-metres/final/result,
Asafa POWELL,JAM,11.99,,0.155,1.5,27/07/2012 00:00:00,,World Athletics |  100 Metres Result | The XXX Olympic Games,https://worldathletics.org/results/olympic-games/2012/the-xxx-olympic-games-6999193/men/100-metres/final/result,
Tyson GAY,USA,,DQ,0.145,1.5,27/07/2012 00:00:00,,World Athletics |  100 Metres Result | The XXX Olympic Games,https://worldathletics.org/results/olympic-games/2012/the-xxx-olympic-games-6999193/men/100-metres/final/result,
Yohan BLAKE,JAM,9.92,SB,0.174,-1.4,27/08/2011 00:00:00,,World Athletics |  100 Metres Result | 13th IAAF World Championships in Athletics,https://worldathletics.org/results/world-athletics-championships/2011/13th-iaaf-world-championships-in-athletics-7003367/men/100-metres/final/result,
Walter Dix,USA,10.08,,0.175,-1.4,27/08/2011 00:00:00,,World Athletics |  100 Metres Result | 13th IAAF World Championships in Athletics,https://worldathletics.org/results/world-athletics-championships/2011/13th-iaaf-world-championships-in-athletics-7003367/men/100-metres/final/result,
Kim COLLINS,SKN,10.09,,0.155,-1.4,27/08/2011 00:00:00,,World Athletics |  100 Metres Result | 13th IAAF World Championships in Athletics,https://worldathletics.org/results/world-athletics-championships/2011/13th-iaaf-world-championships-in-athletics-7003367/men/100-metres/final/result,
Christophe LEMAITRE,FRA,10.19,,0.179,-1.4,27/08/2011 00:00:00,,World Athletics |  100 Metres Result | 13th IAAF World Championships in Athletics,https://worldathletics.org/results/world-athletics-championships/2011/13th-iaaf-world-championships-in-athletics-7003367/men/100-metres/final/result,
Daniel Bailey,ANT,10.26,,0.165,-1.4,27/08/2011 00:00:00,,World Athletics |  100 Metres Result | 13th IAAF World Championships in Athletics,https://worldathletics.org/results/world-athletics-championships/2011/13th-iaaf-world-championships-in-athletics-7003367/men/100-metres/final/result,
Jimmy VICAUT,FRA,10.27,,0.162,-1.4,27/08/2011 00:00:00,,World Athletics |  100 Metres Result | 13th IAAF World Championships in Athletics,https://worldathletics.org/results/world-athletics-championships/2011/13th-iaaf-world-championships-in-athletics-7003367/men/100-metres/final/result,
Nesta CARTER,JAM,10.95,,0.154,-1.4,27/08/2011 00:00:00,,World Athletics |  100 Metres Result | 13th IAAF World Championships in Athletics,https://worldathletics.org/results/world-athletics-championships/2011/13th-iaaf-world-championships-in-athletics-7003367/men/100-metres/final/result,
Usain BOLT,JAM,,DQ,-0.104,-1.4,27/08/2011 00:00:00,,World Athletics |  100 Metres Result | 13th IAAF World Championships in Athletics,https://worldathletics.org/results/world-athletics-championships/2011/13th-iaaf-world-championships-in-athletics-7003367/men/100-metres/final/result,
Fred KERLEY,USA,9.87,,,-0.4,08/09/2021 00:00:00,,World Athletics |  100 Metres Result | Weltklasse Zürich,https://worldathletics.org/results/diamond-league-meetings/2021/weltklasse-zurich-7058/men/100-metres/final/result,
Andre DE GRASSE,CAN,9.89,,,-0.4,08/09/2021 00:00:00,,World Athletics |  100 Metres Result | Weltklasse Zürich,https://worldathletics.org/results/diamond-league-meetings/2021/weltklasse-zurich-7058/men/100-metres/final/result,
Ronnie BAKER,USA,9.91,,,-0.4,08/09/2021 00:00:00,,World Athletics |  100 Metres Result | Weltklasse Zürich,https://worldathletics.org/results/diamond-league-meetings/2021/weltklasse-zurich-7058/men/100-metres/final/result,
Trayvon BROMELL,USA,9.96,,,-0.4,08/09/2021 00:00:00,,World Athletics |  100 Metres Result | Weltklasse Zürich,https://worldathletics.org/results/diamond-league-meetings/2021/weltklasse-zurich-7058/men/100-metres/final/result,
Akani SIMBINE,RSA,10.1,,,-0.4,08/09/2021 00:00:00,,World Athletics |  100 Metres Result | Weltklasse Zürich,https://worldathletics.org/results/diamond-league-meetings/2021/weltklasse-zurich-7058/men/100-metres/final/result,
Rohan BROWNING,AUS,10.18,,,-0.4,08/09/2021 00:00:00,,World Athletics |  100 Metres Result | Weltklasse Zürich,https://worldathletics.org/results/diamond-league-meetings/2021/weltklasse-zurich-7058/men/100-metres/final/result,
Michael RODGERS,USA,10.23,,,-0.4,08/09/2021 00:00:00,,World Athletics |  100 Metres Result | Weltklasse Zürich,https://worldathletics.org/results/diamond-league-meetings/2021/weltklasse-zurich-7058/men/100-metres/final/result,
Silvan WICKI,SUI,10.25,,,-0.4,08/09/2021 00:00:00,,World Athletics |  100 Metres Result | Weltklasse Zürich,https://worldathletics.org/results/diamond-league-meetings/2021/weltklasse-zurich-7058/men/100-metres/final/result,
Yupun ABEYKOON,SRI,10.25,,,-0.4,08/09/2021 00:00:00,,World Athletics |  100 Metres Result | Weltklasse Zürich,https://worldathletics.org/results/diamond-league-meetings/2021/weltklasse-zurich-7058/men/100-metres/final/result,
Fred KERLEY,USA,9.94,,,0.1,01/09/2021 00:00:00,Bruxelles,World Athletics |  100 Metres Result | Allianz Memorial Van Damme,https://worldathletics.org/results/diamond-league-meetings/2021/allianz-memorial-van-damme-7056/men/100-metres/final/result,
Trayvon BROMELL,USA,9.97,,,0.1,01/09/2021 00:00:00,Bruxelles,World Athletics |  100 Metres Result | Allianz Memorial Van Damme,https://worldathletics.org/results/diamond-league-meetings/2021/allianz-memorial-van-damme-7056/men/100-metres/final/result,
Michael NORMAN,USA,9.98,,,0.1,01/09/2021 00:00:00,Bruxelles,World Athletics |  100 Metres Result | Allianz Memorial Van Damme,https://worldathletics.org/results/diamond-league-meetings/2021/allianz-memorial-van-damme-7056/men/100-metres/final/result,
Ferdinand OMANYALA,KEN,10.02,,,0.1,01/09/2021 00:00:00,Bruxelles,World Athletics |  100 Metres Result | Allianz Memorial Van Damme,https://worldathletics.org/results/diamond-league-meetings/2021/allianz-memorial-van-damme-7056/men/100-metres/final/result,
Rohan BROWNING,AUS,10.14,,,0.1,01/09/2021 00:00:00,Bruxelles,World Athletics |  100 Metres Result | Allianz Memorial Van Damme,https://worldathletics.org/results/diamond-league-meetings/2021/allianz-memorial-van-damme-7056/men/100-metres/final/result,
Akani SIMBINE,RSA,10.18,,,0.1,01/09/2021 00:00:00,Bruxelles,World Athletics |  100 Metres Result | Allianz Memorial Van Damme,https://worldathletics.org/results/diamond-league-meetings/2021/allianz-memorial-van-damme-7056/men/100-metres/final/result,
Mouhamadou FALL,FRA,10.19,,,0.1,01/09/2021 00:00:00,Bruxelles,World Athletics |  100 Metres Result | Allianz Memorial Van Damme,https://worldathletics.org/results/diamond-league-meetings/2021/allianz-memorial-van-damme-7056/men/100-metres/final/result,
Arthur CISSÉ,CIV,10.34,,,0.1,01/09/2021 00:00:00,Bruxelles,World Athletics |  100 Metres Result | Allianz Memorial Van Damme,https://worldathletics.org/results/diamond-league-meetings/2021/allianz-memorial-van-damme-7056/men/100-metres/final/result,
Julian FORTE,JAM,,,,,28/08/2021 00:00:00,Paris,World Athletics |  100 Metres Result | Meeting de Paris,https://worldathletics.org/results/diamond-league-meetings/2021/meeting-de-paris-7055/men/100-metres/final/result,
Marvin BRACY,USA,,,,,28/08/2021 00:00:00,Paris,World Athletics |  100 Metres Result | Meeting de Paris,https://worldathletics.org/results/diamond-league-meetings/2021/meeting-de-paris-7055/men/100-metres/final/result,
Amaury GOLITIN,FRA,,,,,28/08/2021 00:00:00,Paris,World Athletics |  100 Metres Result | Meeting de Paris,https://worldathletics.org/results/diamond-league-meetings/2021/meeting-de-paris-7055/men/100-metres/final/result,
Cejhae GREENE,ANT,,,,,28/08/2021 00:00:00,Paris,World Athletics |  100 Metres Result | Meeting de Paris,https://worldathletics.org/results/diamond-league-meetings/2021/meeting-de-paris-7055/men/100-metres/final/result,
Méba Mickaël ZEZE,FRA,,,,,28/08/2021 00:00:00,Paris,World Athletics |  100 Metres Result | Meeting de Paris,https://worldathletics.org/results/diamond-league-meetings/2021/meeting-de-paris-7055/men/100-metres/final/result,
Nigel ELLIS,JAM,,,,,28/08/2021 00:00:00,Paris,World Athletics |  100 Metres Result | Meeting de Paris,https://worldathletics.org/results/diamond-league-meetings/2021/meeting-de-paris-7055/men/100-metres/final/result,
Arthur CISSÉ,CIV,,,,,28/08/2021 00:00:00,Paris,World Athletics |  100 Metres Result | Meeting de Paris,https://worldathletics.org/results/diamond-league-meetings/2021/meeting-de-paris-7055/men/100-metres/final/result,
Jimmy VICAUT,FRA,,,,,28/08/2021 00:00:00,Paris,World Athletics |  100 Metres Result | Meeting de Paris,https://worldathletics.org/results/diamond-league-meetings/2021/meeting-de-paris-7055/men/100-metres/final/result,
Andre DE GRASSE,CAN,9.74,,,2.9,20/08/2021 00:00:00,,World Athletics |  100 Metres Result | Prefontaine Classic,https://worldathletics.org/results/diamond-league-meetings/2021/prefontaine-classic-7044/men/100-metres/final/result,
Fred KERLEY,USA,9.78,,,2.9,20/08/2021 00:00:00,,World Athletics |  100 Metres Result | Prefontaine Classic,https://worldathletics.org/results/diamond-league-meetings/2021/prefontaine-classic-7044/men/100-metres/final/result,
Ronnie BAKER,USA,9.82,,,2.9,20/08/2021 00:00:00,,World Athletics |  100 Metres Result | Prefontaine Classic,https://worldathletics.org/results/diamond-league-meetings/2021/prefontaine-classic-7044/men/100-metres/final/result,
Trayvon BROMELL,USA,9.86,,,2.9,20/08/2021 00:00:00,,World Athletics |  100 Metres Result | Prefontaine Classic,https://worldathletics.org/results/diamond-league-meetings/2021/prefontaine-classic-7044/men/100-metres/final/result,
Michael NORMAN,USA,9.9,,,2.9,20/08/2021 00:00:00,,World Athletics |  100 Metres Result | Prefontaine Classic,https://worldathletics.org/results/diamond-league-meetings/2021/prefontaine-classic-7044/men/100-metres/final/result,
Justin GATLIN,USA,9.93,,,2.9,20/08/2021 00:00:00,,World Athletics |  100 Metres Result | Prefontaine Classic,https://worldathletics.org/results/diamond-league-meetings/2021/prefontaine-classic-7044/men/100-metres/final/result,
Akani SIMBINE,RSA,9.95,,,2.9,20/08/2021 00:00:00,,World Athletics |  100 Metres Result | Prefontaine Classic,https://worldathletics.org/results/diamond-league-meetings/2021/prefontaine-classic-7044/men/100-metres/final/result,
Isiah YOUNG,USA,9.98,,,2.9,20/08/2021 00:00:00,,World Athletics |  100 Metres Result | Prefontaine Classic,https://worldathletics.org/results/diamond-league-meetings/2021/prefontaine-classic-7044/men/100-metres/final/result,
Cravon GILLESPIE,USA,10.09,,,2.9,20/08/2021 00:00:00,,World Athletics |  100 Metres Result | Prefontaine Classic,https://worldathletics.org/results/diamond-league-meetings/2021/prefontaine-classic-7044/men/100-metres/final/result,
Ronnie BAKER,USA,9.91,,,0.3,09/07/2021 00:00:00,Monaco,World Athletics |  100 Metres Result | Herculis,https://worldathletics.org/results/diamond-league-meetings/2021/herculis-7052/men/100-metres/final/result,
Akani SIMBINE,RSA,9.98,,,0.3,09/07/2021 00:00:00,Monaco,World Athletics |  100 Metres Result | Herculis,https://worldathletics.org/results/diamond-league-meetings/2021/herculis-7052/men/100-metres/final/result,
Lamont Marcell JACOBS,ITA,9.99,,,0.3,09/07/2021 00:00:00,Monaco,World Athletics |  100 Metres Result | Herculis,https://worldathletics.org/results/diamond-league-meetings/2021/herculis-7052/men/100-metres/final/result,
Andre DE GRASSE,CAN,10.0,,,0.3,09/07/2021 00:00:00,Monaco,World Athletics |  100 Metres Result | Herculis,https://worldathletics.org/results/diamond-league-meetings/2021/herculis-7052/men/100-metres/final/result,
Trayvon BROMELL,USA,10.01,,,0.3,09/07/2021 00:00:00,Monaco,World Athletics |  100 Metres Result | Herculis,https://worldathletics.org/results/diamond-league-meetings/2021/herculis-7052/men/100-metres/final/result,
Fred KERLEY,USA,10.15,,,0.3,09/07/2021 00:00:00,Monaco,World Athletics |  100 Metres Result | Herculis,https://worldathletics.org/results/diamond-league-meetings/2021/herculis-7052/men/100-metres/final/result,
Filippo TORTU,ITA,10.17,,,0.3,09/07/2021 00:00:00,Monaco,World Athletics |  100 Metres Result | Herculis,https://worldathletics.org/results/diamond-league-meetings/2021/herculis-7052/men/100-metres/final/result,
Jimmy VICAUT,FRA,,DQ,,0.3,09/07/2021 00:00:00,Monaco,World Athletics |  100 Metres Result | Herculis,https://worldathletics.org/results/diamond-league-meetings/2021/herculis-7052/men/100-metres/final/result,
Akani SIMBINE,RSA,10.08,,,-0.1,10/06/2021 00:00:00,Firenze,World Athletics |  100 Metres Result | Golden Gala Pietro Mennea,https://worldathletics.org/results/diamond-league-meetings/2021/golden-gala-pietro-mennea-7045/men/100-metres/final/result,
Chijindu UJAH,GBR,10.1,,,-0.1,10/06/2021 00:00:00,Firenze,World Athletics |  100 Metres Result | Golden Gala Pietro Mennea,https://worldathletics.org/results/diamond-league-meetings/2021/golden-gala-pietro-mennea-7045/men/100-metres/final/result,
Emmanuel MATADI,LBR,10.16,,,-0.1,10/06/2021 00:00:00,Firenze,World Athletics |  100 Metres Result | Golden Gala Pietro Mennea,https://worldathletics.org/results/diamond-league-meetings/2021/golden-gala-pietro-mennea-7045/men/100-metres/final/result,
Yupun ABEYKOON,SRI,10.16,,,-0.1,10/06/2021 00:00:00,Firenze,World Athletics |  100 Metres Result | Golden Gala Pietro Mennea,https://worldathletics.org/results/diamond-league-meetings/2021/golden-gala-pietro-mennea-7045/men/100-metres/final/result,
Michael RODGERS,USA,10.25,,,-0.1,10/06/2021 00:00:00,Firenze,World Athletics |  100 Metres Result | Golden Gala Pietro Mennea,https://worldathletics.org/results/diamond-league-meetings/2021/golden-gala-pietro-mennea-7045/men/100-metres/final/result,
Arthur CISSÉ,CIV,10.35,,,-0.1,10/06/2021 00:00:00,Firenze,World Athletics |  100 Metres Result | Golden Gala Pietro Mennea,https://worldathletics.org/results/diamond-league-meetings/2021/golden-gala-pietro-mennea-7045/men/100-metres/final/result,
Cejhae GREENE,ANT,10.39,,,-0.1,10/06/2021 00:00:00,Firenze,World Athletics |  100 Metres Result | Golden Gala Pietro Mennea,https://worldathletics.org/results/diamond-league-meetings/2021/golden-gala-pietro-mennea-7045/men/100-metres/final/result,
Jak Ali HARVEY,TUR,10.46,,,-0.1,10/06/2021 00:00:00,Firenze,World Athletics |  100 Metres Result | Golden Gala Pietro Mennea,https://worldathletics.org/results/diamond-league-meetings/2021/golden-gala-pietro-mennea-7045/men/100-metres/final/result,
Femi OGUNODE,QAT,10.0,,,0.9,28/05/2021 00:00:00,Doha,World Athletics |  100 Metres Result | Diamond League Meeting,https://worldathletics.org/results/diamond-league-meetings/2021/diamond-league-meeting-7042/men/100-metres/final/result,
Mahamat Goubaye YOUSSOUF,CHA,10.26,,,0.9,28/05/2021 00:00:00,Doha,World Athletics |  100 Metres Result | Diamond League Meeting,https://worldathletics.org/results/diamond-league-meetings/2021/diamond-league-meeting-7042/men/100-metres/final/result,
Owaab BARROW,QAT,10.46,,,0.9,28/05/2021 00:00:00,Doha,World Athletics |  100 Metres Result | Diamond League Meeting,https://worldathletics.org/results/diamond-league-meetings/2021/diamond-league-meeting-7042/men/100-metres/final/result,
Mahmoud Hafiz IBRAHIM,KSA,10.48,,,0.9,28/05/2021 00:00:00,Doha,World Athletics |  100 Metres Result | Diamond League Meeting,https://worldathletics.org/results/diamond-league-meetings/2021/diamond-league-meeting-7042/men/100-metres/final/result,
Kayhan ÖZER,TUR,10.48,,,0.9,28/05/2021 00:00:00,Doha,World Athletics |  100 Metres Result | Diamond League Meeting,https://worldathletics.org/results/diamond-league-meetings/2021/diamond-league-meeting-7042/men/100-metres/final/result,
Mahamat Zakaria KHALID,QAT,10.59,,,0.9,28/05/2021 00:00:00,Doha,World Athletics |  100 Metres Result | Diamond League Meeting,https://worldathletics.org/results/diamond-league-meetings/2021/diamond-league-meeting-7042/men/100-metres/final/result,
Saeed Othman ALABSI,QAT,10.6,,,0.9,28/05/2021 00:00:00,Doha,World Athletics |  100 Metres Result | Diamond League Meeting,https://worldathletics.org/results/diamond-league-meetings/2021/diamond-league-meeting-7042/men/100-metres/final/result,
Tosin OGUNODE,QAT,10.72,,,0.9,28/05/2021 00:00:00,Doha,World Athletics |  100 Metres Result | Diamond League Meeting,https://worldathletics.org/results/diamond-league-meetings/2021/diamond-league-meeting-7042/men/100-metres/final/result,
Akani SIMBINE,RSA,9.96,,,0.3,17/09/2020 00:00:00,Roma,World Athletics |  100 Metres Result | Golden Gala Pietro Mennea,https://worldathletics.org/results/diamond-league-meetings/2020/golden-gala-pietro-mennea-6775/men/100-metres/final/result,
Arthur CISSÉ,CIV,10.04,,,0.3,17/09/2020 00:00:00,Roma,World Athletics |  100 Metres Result | Golden Gala Pietro Mennea,https://worldathletics.org/results/diamond-league-meetings/2020/golden-gala-pietro-mennea-6775/men/100-metres/final/result,
Filippo TORTU,ITA,10.09,,,0.3,17/09/2020 00:00:00,Roma,World Athletics |  100 Metres Result | Golden Gala Pietro Mennea,https://worldathletics.org/results/diamond-league-meetings/2020/golden-gala-pietro-mennea-6775/men/100-metres/final/result,
Lamont Marcell JACOBS,ITA,10.11,,,0.3,17/09/2020 00:00:00,Roma,World Athletics |  100 Metres Result | Golden Gala Pietro Mennea,https://worldathletics.org/results/diamond-league-meetings/2020/golden-gala-pietro-mennea-6775/men/100-metres/final/result,
Michael RODGERS,USA,10.12,,,0.3,17/09/2020 00:00:00,Roma,World Athletics |  100 Metres Result | Golden Gala Pietro Mennea,https://worldathletics.org/results/diamond-league-meetings/2020/golden-gala-pietro-mennea-6775/men/100-metres/final/result,
Julian FORTE,JAM,10.15,,,0.3,17/09/2020 00:00:00,Roma,World Athletics |  100 Metres Result | Golden Gala Pietro Mennea,https://worldathletics.org/results/diamond-league-meetings/2020/golden-gala-pietro-mennea-6775/men/100-metres/final/result,
Deniz ALMAS,GER,10.27,,,0.3,17/09/2020 00:00:00,Roma,World Athletics |  100 Metres Result | Golden Gala Pietro Mennea,https://worldathletics.org/results/diamond-league-meetings/2020/golden-gala-pietro-mennea-6775/men/100-metres/final/result,
Mouhamadou FALL,FRA,10.29,,,0.3,17/09/2020 00:00:00,Roma,World Athletics |  100 Metres Result | Golden Gala Pietro Mennea,https://worldathletics.org/results/diamond-league-meetings/2020/golden-gala-pietro-mennea-6775/men/100-metres/final/result,
Mario BURKE,BAR,10.34,,,0.3,17/09/2020 00:00:00,Roma,World Athletics |  100 Metres Result | Golden Gala Pietro Mennea,https://worldathletics.org/results/diamond-league-meetings/2020/golden-gala-pietro-mennea-6775/men/100-metres/final/result,
Salun Ageze Kashaali,NOR,10.59,,,0.2,11/06/2020 00:00:00,Oslo,World Athletics |  100 Metres Result | Impossible Games,https://worldathletics.org/results/diamond-league-meetings/2020/impossible-games-6778/men/100-metres/final/result,
Mathias Hove JOHANSEN,NOR,10.78,,,0.2,11/06/2020 00:00:00,Oslo,World Athletics |  100 Metres Result | Impossible Games,https://worldathletics.org/results/diamond-league-meetings/2020/impossible-games-6778/men/100-metres/final/result,
Christian Marthinussen,NOR,,DQ,,0.2,11/06/2020 00:00:00,Oslo,World Athletics |  100 Metres Result | Impossible Games,https://worldathletics.org/results/diamond-league-meetings/2020/impossible-games-6778/men/100-metres/final/result,
Noah LYLES,USA,9.98,,,-0.4,28/08/2019 00:00:00,,World Athletics |  100 Metres Result | Weltklasse Zürich,https://worldathletics.org/results/diamond-league-meetings/2019/weltklasse-zurich-6538/men/100-metres/final/result,
Zhenye XIE,CHN,10.04,,,-0.4,28/08/2019 00:00:00,,World Athletics |  100 Metres Result | Weltklasse Zürich,https://worldathletics.org/results/diamond-league-meetings/2019/weltklasse-zurich-6538/men/100-metres/final/result,
Yohan BLAKE,JAM,10.07,,,-0.4,28/08/2019 00:00:00,,World Athletics |  100 Metres Result | Weltklasse Zürich,https://worldathletics.org/results/diamond-league-meetings/2019/weltklasse-zurich-6538/men/100-metres/final/result,
Justin GATLIN,USA,10.08,,,-0.4,28/08/2019 00:00:00,,World Athletics |  100 Metres Result | Weltklasse Zürich,https://worldathletics.org/results/diamond-league-meetings/2019/weltklasse-zurich-6538/men/100-metres/final/result,
Akani SIMBINE,RSA,10.1,,,-0.4,28/08/2019 00:00:00,,World Athletics |  100 Metres Result | Weltklasse Zürich,https://worldathletics.org/results/diamond-league-meetings/2019/weltklasse-zurich-6538/men/100-metres/final/result,
Zharnel HUGHES,GBR,10.15,,,-0.4,28/08/2019 00:00:00,,World Athletics |  100 Metres Result | Weltklasse Zürich,https://worldathletics.org/results/diamond-league-meetings/2019/weltklasse-zurich-6538/men/100-metres/final/result,
Adam GEMILI,GBR,10.15,,,-0.4,28/08/2019 00:00:00,,World Athletics |  100 Metres Result | Weltklasse Zürich,https://worldathletics.org/results/diamond-league-meetings/2019/weltklasse-zurich-6538/men/100-metres/final/result,
Michael RODGERS,USA,10.16,,,-0.4,28/08/2019 00:00:00,,World Athletics |  100 Metres Result | Weltklasse Zürich,https://worldathletics.org/results/diamond-league-meetings/2019/weltklasse-zurich-6538/men/100-metres/final/result,
Alex WILSON,SUI,10.4,,,-0.4,28/08/2019 00:00:00,,World Athletics |  100 Metres Result | Weltklasse Zürich,https://worldathletics.org/results/diamond-league-meetings/2019/weltklasse-zurich-6538/men/100-metres/final/result,
Yohan BLAKE,JAM,10.07,,,2.0,18/08/2019 00:00:00,Birmingham,World Athletics |  100 Metres Result | Müller Grand Prix,https://worldathletics.org/results/diamond-league-meetings/2019/muller-grand-prix-6537/men/100-metres/final/result,
Adam GEMILI,GBR,10.07,,,2.0,18/08/2019 00:00:00,Birmingham,World Athletics |  100 Metres Result | Müller Grand Prix,https://worldathletics.org/results/diamond-league-meetings/2019/muller-grand-prix-6537/men/100-metres/final/result,
Michael RODGERS,USA,10.09,,,2.0,18/08/2019 00:00:00,Birmingham,World Athletics |  100 Metres Result | Müller Grand Prix,https://worldathletics.org/results/diamond-league-meetings/2019/muller-grand-prix-6537/men/100-metres/final/result,
Christopher BELCHER,USA,10.13,,,2.0,18/08/2019 00:00:00,Birmingham,World Athletics |  100 Metres Result | Müller Grand Prix,https://worldathletics.org/results/diamond-league-meetings/2019/muller-grand-prix-6537/men/100-metres/final/result,
Andre DE GRASSE,CAN,10.13,,,2.0,18/08/2019 00:00:00,Birmingham,World Athletics |  100 Metres Result | Müller Grand Prix,https://worldathletics.org/results/diamond-league-meetings/2019/muller-grand-prix-6537/men/100-metres/final/result,
Tyquendo TRACEY,JAM,10.14,,,2.0,18/08/2019 00:00:00,Birmingham,World Athletics |  100 Metres Result | Müller Grand Prix,https://worldathletics.org/results/diamond-league-meetings/2019/muller-grand-prix-6537/men/100-metres/final/result,
Akani SIMBINE,RSA,10.15,,,2.0,18/08/2019 00:00:00,Birmingham,World Athletics |  100 Metres Result | Müller Grand Prix,https://worldathletics.org/results/diamond-league-meetings/2019/muller-grand-prix-6537/men/100-metres/final/result,
Zhenye XIE,CHN,10.17,,,2.0,18/08/2019 00:00:00,Birmingham,World Athletics |  100 Metres Result | Müller Grand Prix,https://worldathletics.org/results/diamond-league-meetings/2019/muller-grand-prix-6537/men/100-metres/final/result,
Akani SIMBINE,RSA,9.93,,,0.5,20/07/2019 00:00:00,London,World Athletics |  100 Metres Result | Müller Anniversary Games,https://worldathletics.org/results/diamond-league-meetings/2019/muller-anniversary-games-6536/men/100-metres/final/result,
Zharnel HUGHES,GBR,9.95,,,0.5,20/07/2019 00:00:00,London,World Athletics |  100 Metres Result | Müller Anniversary Games,https://worldathletics.org/results/diamond-league-meetings/2019/muller-anniversary-games-6536/men/100-metres/final/result,
Yohan BLAKE,JAM,9.97,,,0.5,20/07/2019 00:00:00,London,World Athletics |  100 Metres Result | Müller Anniversary Games,https://worldathletics.org/results/diamond-league-meetings/2019/muller-anniversary-games-6536/men/100-metres/final/result,
Yuki KOIKE,JPN,9.98,,,0.5,20/07/2019 00:00:00,London,World Athletics |  100 Metres Result | Müller Anniversary Games,https://worldathletics.org/results/diamond-league-meetings/2019/muller-anniversary-games-6536/men/100-metres/final/result,
Andre DE GRASSE,CAN,9.99,,,0.5,20/07/2019 00:00:00,London,World Athletics |  100 Metres Result | Müller Anniversary Games,https://worldathletics.org/results/diamond-league-meetings/2019/muller-anniversary-games-6536/men/100-metres/final/result,
Adam GEMILI,GBR,10.04,,,0.5,20/07/2019 00:00:00,London,World Athletics |  100 Metres Result | Müller Anniversary Games,https://worldathletics.org/results/diamond-league-meetings/2019/muller-anniversary-games-6536/men/100-metres/final/result,
Yoshihide KIRYU,JPN,10.13,,,0.5,20/07/2019 00:00:00,London,World Athletics |  100 Metres Result | Müller Anniversary Games,https://worldathletics.org/results/diamond-league-meetings/2019/muller-anniversary-games-6536/men/100-metres/final/result,
Cejhae GREENE,ANT,10.19,,,0.5,20/07/2019 00:00:00,London,World Athletics |  100 Metres Result | Müller Anniversary Games,https://worldathletics.org/results/diamond-league-meetings/2019/muller-anniversary-games-6536/men/100-metres/final/result,
Arthur CISSÉ,CIV,10.25,,,0.5,20/07/2019 00:00:00,London,World Athletics |  100 Metres Result | Müller Anniversary Games,https://worldathletics.org/results/diamond-league-meetings/2019/muller-anniversary-games-6536/men/100-metres/final/result,
Justin GATLIN,USA,9.91,,,0.3,11/07/2019 00:00:00,Monaco,World Athletics |  100 Metres Result | Herculis,https://worldathletics.org/results/diamond-league-meetings/2019/herculis-6535/men/100-metres/final/result,
Noah LYLES,USA,9.92,,,0.3,11/07/2019 00:00:00,Monaco,World Athletics |  100 Metres Result | Herculis,https://worldathletics.org/results/diamond-league-meetings/2019/herculis-6535/men/100-metres/final/result,
Michael RODGERS,USA,10.01,,,0.3,11/07/2019 00:00:00,Monaco,World Athletics |  100 Metres Result | Herculis,https://worldathletics.org/results/diamond-league-meetings/2019/herculis-6535/men/100-metres/final/result,
Akani SIMBINE,RSA,10.04,,,0.3,11/07/2019 00:00:00,Monaco,World Athletics |  100 Metres Result | Herculis,https://worldathletics.org/results/diamond-league-meetings/2019/herculis-6535/men/100-metres/final/result,
Cravon GILLESPIE,USA,10.14,,,0.3,11/07/2019 00:00:00,Monaco,World Athletics |  100 Metres Result | Herculis,https://worldathletics.org/results/diamond-league-meetings/2019/herculis-6535/men/100-metres/final/result,
Jimmy VICAUT,FRA,10.17,,,0.3,11/07/2019 00:00:00,Monaco,World Athletics |  100 Metres Result | Herculis,https://worldathletics.org/results/diamond-league-meetings/2019/herculis-6535/men/100-metres/final/result,
Arthur CISSÉ,CIV,10.25,,,0.3,11/07/2019 00:00:00,Monaco,World Athletics |  100 Metres Result | Herculis,https://worldathletics.org/results/diamond-league-meetings/2019/herculis-6535/men/100-metres/final/result,
Divine ODUDURU,NGR,10.26,,,0.3,11/07/2019 00:00:00,Monaco,World Athletics |  100 Metres Result | Herculis,https://worldathletics.org/results/diamond-league-meetings/2019/herculis-6535/men/100-metres/final/result,
Justin GATLIN,USA,9.92,,,0.2,04/07/2019 00:00:00,Lausanne,World Athletics |  100 Metres Result | Athletissima Lausanne,https://worldathletics.org/results/diamond-league-meetings/2019/athletissima-lausanne-6533/men/100-metres/final/result,
Michael RODGERS,USA,10.01,,,0.2,04/07/2019 00:00:00,Lausanne,World Athletics |  100 Metres Result | Athletissima Lausanne,https://worldathletics.org/results/diamond-league-meetings/2019/athletissima-lausanne-6533/men/100-metres/final/result,
Aaron BROWN,CAN,10.07,,,0.2,04/07/2019 00:00:00,Lausanne,World Athletics |  100 Metres Result | Athletissima Lausanne,https://worldathletics.org/results/diamond-league-meetings/2019/athletissima-lausanne-6533/men/100-metres/final/result,
Arthur CISSÉ,CIV,10.08,,,0.2,04/07/2019 00:00:00,Lausanne,World Athletics |  100 Metres Result | Athletissima Lausanne,https://worldathletics.org/results/diamond-league-meetings/2019/athletissima-lausanne-6533/men/100-metres/final/result,
Cameron BURRELL,USA,10.18,,,0.2,04/07/2019 00:00:00,Lausanne,World Athletics |  100 Metres Result | Athletissima Lausanne,https://worldathletics.org/results/diamond-league-meetings/2019/athletissima-lausanne-6533/men/100-metres/final/result,
Devin QUINN,USA,10.19,,,0.2,04/07/2019 00:00:00,Lausanne,World Athletics |  100 Metres Result | Athletissima Lausanne,https://worldathletics.org/results/diamond-league-meetings/2019/athletissima-lausanne-6533/men/100-metres/final/result,
Kendal WILLIAMS,USA,10.2,,,0.2,04/07/2019 00:00:00,Lausanne,World Athletics |  100 Metres Result | Athletissima Lausanne,https://worldathletics.org/results/diamond-league-meetings/2019/athletissima-lausanne-6533/men/100-metres/final/result,
Devon ALLEN,USA,10.33,,,0.2,04/07/2019 00:00:00,Lausanne,World Athletics |  100 Metres Result | Athletissima Lausanne,https://worldathletics.org/results/diamond-league-meetings/2019/athletissima-lausanne-6533/men/100-metres/final/result,
Christian COLEMAN,USA,9.81,,,-0.1,30/06/2019 00:00:00,,World Athletics |  100 Metres Result | Prefontaine Classic,https://worldathletics.org/results/diamond-league-meetings/2019/prefontaine-classic-6528/men/100-metres/final/result,
Justin GATLIN,USA,9.87,,,-0.1,30/06/2019 00:00:00,,World Athletics |  100 Metres Result | Prefontaine Classic,https://worldathletics.org/results/diamond-league-meetings/2019/prefontaine-classic-6528/men/100-metres/final/result,
Zharnel HUGHES,GBR,9.97,,,-0.1,30/06/2019 00:00:00,,World Athletics |  100 Metres Result | Prefontaine Classic,https://worldathletics.org/results/diamond-league-meetings/2019/prefontaine-classic-6528/men/100-metres/final/result,
Cravon GILLESPIE,USA,10.05,,,-0.1,30/06/2019 00:00:00,,World Athletics |  100 Metres Result | Prefontaine Classic,https://worldathletics.org/results/diamond-league-meetings/2019/prefontaine-classic-6528/men/100-metres/final/result,
Michael RODGERS,USA,10.08,,,-0.1,30/06/2019 00:00:00,,World Athletics |  100 Metres Result | Prefontaine Classic,https://worldathletics.org/results/diamond-league-meetings/2019/prefontaine-classic-6528/men/100-metres/final/result,
Arthur CISSÉ,CIV,10.12,,,-0.1,30/06/2019 00:00:00,,World Athletics |  100 Metres Result | Prefontaine Classic,https://worldathletics.org/results/diamond-league-meetings/2019/prefontaine-classic-6528/men/100-metres/final/result,
Filippo TORTU,ITA,10.21,,,-0.1,30/06/2019 00:00:00,,World Athletics |  100 Metres Result | Prefontaine Classic,https://worldathletics.org/results/diamond-league-meetings/2019/prefontaine-classic-6528/men/100-metres/final/result,
Cameron BURRELL,USA,10.21,,,-0.1,30/06/2019 00:00:00,,World Athletics |  100 Metres Result | Prefontaine Classic,https://worldathletics.org/results/diamond-league-meetings/2019/prefontaine-classic-6528/men/100-metres/final/result,
Tyquendo TRACEY,JAM,10.42,,,-0.1,30/06/2019 00:00:00,,World Athletics |  100 Metres Result | Prefontaine Classic,https://worldathletics.org/results/diamond-league-meetings/2019/prefontaine-classic-6528/men/100-metres/final/result,
Noah LYLES,USA,9.79,PB,0.178,1.0,01/08/2024 00:00:00,Paris,World Athletics |  100 Metres Result | The XXXIII Olympic Games,https://worldathletics.org/results/olympic-games/2024/the-xxxiii-olympic-games-7153115/men/100-metres/final/result,final
Kishane THOMPSON,JAM,9.79,,0.176,1.0,01/08/2024 00:00:00,Paris,World Athletics |  100 Metres Result | The XXXIII Olympic Games,https://worldathletics.org/results/olympic-games/2024/the-xxxiii-olympic-games-7153115/men/100-metres/final/result,final
Fred KERLEY,USA,9.81,SB,0.108,1.0,01/08/2024 00:00:00,Paris,World Athletics |  100 Metres Result | The XXXIII Olympic Games,https://worldathletics.org/results/olympic-games/2024/the-xxxiii-olympic-games-7153115/men/100-metres/final/result,final
Akani SIMBINE,RSA,9.82,NR,0.149,1.0,01/08/2024 00:00:00,Paris,World Athletics |  100 Metres Result | The XXXIII Olympic Games,https://worldathletics.org/results/olympic-games/2024/the-xxxiii-olympic-games-7153115/men/100-metres/final/result,final
Lamont Marcell JACOBS,ITA,9.85,SB,0.114,1.0,01/08/2024 00:00:00,Paris,World Athletics |  100 Metres Result | The XXXIII Olympic Games,https://worldathletics.org/results/olympic-games/2024/the-xxxiii-olympic-games-7153115/men/100-metres/final/result,final
Letsile TEBOGO,BOT,9.86,NR,0.178,1.0,01/08/2024 00:00:00,Paris,World Athletics |  100 Metres Result | The XXXIII Olympic Games,https://worldathletics.org/results/olympic-games/2024/the-xxxiii-olympic-games-7153115/men/100-metres/final/result,final
Kenneth BEDNAREK,USA,9.88,,0.163,1.0,01/08/2024 00:00:00,Paris,World Athletics |  100 Metres Result | The XXXIII Olympic Games,https://worldathletics.org/results/olympic-games/2024/the-xxxiii-olympic-games-7153115/men/100-metres/final/result,final
Oblique SEVILLE,JAM,9.91,,0.171,1.0,01/08/2024 00:00:00,Paris,World Athletics |  100 Metres Result | The XXXIII Olympic Games,https://worldathletics.org/results/olympic-games/2024/the-xxxiii-olympic-games-7153115/men/100-metres/final/result,final
Noah LYLES,USA,9.83,=WL,0.145,0.0,19/08/2023 00:00:00,Budapest,"World Athletics |  100 Metres Result | World Athletics Championships, Budapest 2023",https://worldathletics.org/results/world-athletics-championships/2023/world-athletics-championships-budapest-2023-7138987/men/100-metres/final/result,final
Letsile TEBOGO,BOT,9.88,NR,0.129,0.0,19/08/2023 00:00:00,Budapest,"World Athletics |  100 Metres Result | World Athletics Championships, Budapest 2023",https://worldathletics.org/results/world-athletics-championships/2023/world-athletics-championships-budapest-2023-7138987/men/100-metres/final/result,final
Zharnel HUGHES,GBR,9.88,,0.105,0.0,19/08/2023 00:00:00,Budapest,"World Athletics |  100 Metres Result | World Athletics Championships, Budapest 2023",https://worldathletics.org/results/world-athletics-championships/2023/world-athletics-championships-budapest-2023-7138987/men/100-metres/final/result,final
Oblique SEVILLE,JAM,9.88,,0.148,0.0,19/08/2023 00:00:00,Budapest,"World Athletics |  100 Metres Result | World Athletics Championships, Budapest 2023",https://worldathletics.org/results/world-athletics-championships/2023/world-athletics-championships-budapest-2023-7138987/men/100-metres/final/result,final
Christian COLEMAN,USA,9.92,,0.137,0.0,19/08/2023 00:00:00,Budapest,"World Athletics |  100 Metres Result | World Athletics Championships, Budapest 2023",https://worldathletics.org/results/world-athletics-championships/2023/world-athletics-championships-budapest-2023-7138987/men/100-metres/final/result,final
Abdul Hakim SANI BROWN,JPN,10.04,,0.177,0.0,19/08/2023 00:00:00,Budapest,"World Athletics |  100 Metres Result | World Athletics Championships, Budapest 2023",https://worldathletics.org/results/world-athletics-championships/2023/world-athletics-championships-budapest-2023-7138987/men/100-metres/final/result,final
Ferdinand OMANYALA,KEN,10.07,,0.152,0.0,19/08/2023 00:00:00,Budapest,"World Athletics |  100 Metres Result | World Athletics Championships, Budapest 2023",https://worldathletics.org/results/world-athletics-championships/2023/world-athletics-championships-budapest-2023-7138987/men/100-metres/final/result,final
Ryiem FORDE,JAM,10.08,,0.188,0.0,19/08/2023 00:00:00,Budapest,"World Athletics |  100 Metres Result | World Athletics Championships, Budapest 2023",https://worldathletics.org/results/world-athletics-championships/2023/world-athletics-championships-budapest-2023-7138987/men/100-metres/final/result,final
Lamont Marcell JACOBS,ITA,9.8,AR,0.161,0.1,30/07/2021 00:00:00,,World Athletics |  100 Metres Result | The XXXII Olympic Games (Athletics),https://worldathletics.org/results/olympic-games/2021/the-xxxii-olympic-games-7132391/men/100-metres/final/result,final
Fred KERLEY,USA,9.84,PB,0.128,0.1,30/07/2021 00:00:00,,World Athletics |  100 Metres Result | The XXXII Olympic Games (Athletics),https://worldathletics.org/results/olympic-games/2021/the-xxxii-olympic-games-7132391/men/100-metres/final/result,final
Andre DE GRASSE,CAN,9.89,PB,0.155,0.1,30/07/2021 00:00:00,,World Athletics |  100 Metres Result | The XXXII Olympic Games (Athletics),https://worldathletics.org/results/olympic-games/2021/the-xxxii-olympic-games-7132391/men/100-metres/final/result,final
Akani SIMBINE,RSA,9.93,,0.141,0.1,30/07/2021 00:00:00,,World Athletics |  100 Metres Result | The XXXII Olympic Games (Athletics),https://worldathletics.org/results/olympic-games/2021/the-xxxii-olympic-games-7132391/men/100-metres/final/result,final
Ronnie BAKER,USA,9.95,,0.148,0.1,30/07/2021 00:00:00,,World Athletics |  100 Metres Result | The XXXII Olympic Games (Athletics),https://worldathletics.org/results/olympic-games/2021/the-xxxii-olympic-games-7132391/men/100-metres/final/result,final
Bingtian SU,CHN,9.98,,0.167,0.1,30/07/2021 00:00:00,,World Athletics |  100 Metres Result | The XXXII Olympic Games (Athletics),https://worldathletics.org/results/olympic-games/2021/the-xxxii-olympic-games-7132391/men/100-metres/final/result,final
Enoch ADEGOKE,NGR,,DNF,0.157,0.1,30/07/2021 00:00:00,,World Athletics |  100 Metres Result | The XXXII Olympic Games (Athletics),https://worldathletics.org/results/olympic-games/2021/the-xxxii-olympic-games-7132391/men/100-metres/final/result,final
Zharnel HUGHES,GBR,,DQ,,0.1,30/07/2021 00:00:00,,World Athletics |  100 Metres Result | The XXXII Olympic Games (Athletics),https://worldathletics.org/results/olympic-games/2021/the-xxxii-olympic-games-7132391/men/100-metres/final/result,final
Fred KERLEY,USA,9.86,,0.119,,,,FINAL | 100 Metres | Results | Oregon 22 | World Athletics Championships,https://worldathletics.org/competitions/world-athletics-championships/world-athletics-championships-oregon-2022-7137279/results/men/100-metres/final/result,final
Marvin BRACY,USA,9.88,,0.118,,,,FINAL | 100 Metres | Results | Oregon 22 | World Athletics Championships,https://worldathletics.org/competitions/world-athletics-championships/world-athletics-championships-oregon-2022-7137279/results/men/100-metres/final/result,final
Trayvon BROMELL,USA,9.88,,0.11,,,,FINAL | 100 Metres | Results | Oregon 22 | World Athletics Championships,https://worldathletics.org/competitions/world-athletics-championships/world-athletics-championships-oregon-2022-7137279/results/men/100-metres/final/result,final
Oblique SEVILLE,JAM,9.97,,0.154,,,,FINAL | 100 Metres | Results | Oregon 22 | World Athletics Championships,https://worldathletics.org/competitions/world-athletics-championships/world-athletics-championships-oregon-2022-7137279/results/men/100-metres/final/result,final
Akani SIMBINE,RSA,10.01,,0.129,,,,FINAL | 100 Metres | Results | Oregon 22 | World Athletics Championships,https://worldathletics.org/competitions/world-athletics-championships/world-athletics-championships-oregon-2022-7137279/results/men/100-metres/final/result,final
Christian COLEMAN,USA,10.01,,0.104,,,,FINAL | 100 Metres | Results | Oregon 22 | World Athletics Championships,https://worldathletics.org/competitions/world-athletics-championships/world-athletics-championships-oregon-2022-7137279/results/men/100-metres/final/result,final
Abdul Hakim SANI BROWN,JPN,10.06,,0.147,,,,FINAL | 100 Metres | Results | Oregon 22 | World Athletics Championships,https://worldathletics.org/competitions/world-athletics-championships/world-athletics-championships-oregon-2022-7137279/results/men/100-metres/final/result,final
Aaron BROWN,CAN,10.07,,0.155,,,,FINAL | 100 Metres | Results | Oregon 22 | World Athletics Championships,https://worldathletics.org/competitions/world-athletics-championships/world-athletics-championships-oregon-2022-7137279/results/men/100-metres/final/result,final
Christian COLEMAN,USA,9.76,WL,0.128,0.6,27/09/2019 00:00:00,Doha,"World Athletics |  100 Metres Result | IAAF World Athletics Championships, DOHA 2019",https://worldathletics.org/results/world-athletics-championships/2019/iaaf-world-athletics-championships-doha-2019-7125365/men/100-metres/final/result,final
Justin GATLIN,USA,9.89,,0.148,0.6,27/09/2019 00:00:00,Doha,"World Athletics |  100 Metres Result | IAAF World Athletics Championships, DOHA 2019",https://worldathletics.org/results/world-athletics-championships/2019/iaaf-world-athletics-championships-doha-2019-7125365/men/100-metres/final/result,final
Andre DE GRASSE,CAN,9.9,PB,0.14,0.6,27/09/2019 00:00:00,Doha,"World Athletics |  100 Metres Result | IAAF World Athletics Championships, DOHA 2019",https://worldathletics.org/results/world-athletics-championships/2019/iaaf-world-athletics-championships-doha-2019-7125365/men/100-metres/final/result,final
Akani SIMBINE,RSA,9.93,SB,0.117,0.6,27/09/2019 00:00:00,Doha,"World Athletics |  100 Metres Result | IAAF World Athletics Championships, DOHA 2019",https://worldathletics.org/results/world-athletics-championships/2019/iaaf-world-athletics-championships-doha-2019-7125365/men/100-metres/final/result,final
Yohan BLAKE,JAM,9.97,,0.142,0.6,27/09/2019 00:00:00,Doha,"World Athletics |  100 Metres Result | IAAF World Athletics Championships, DOHA 2019",https://worldathletics.org/results/world-athletics-championships/2019/iaaf-world-athletics-championships-doha-2019-7125365/men/100-metres/final/result,final
Zharnel HUGHES,GBR,10.03,,0.119,0.6,27/09/2019 00:00:00,Doha,"World Athletics |  100 Metres Result | IAAF World Athletics Championships, DOHA 2019",https://worldathletics.org/results/world-athletics-championships/2019/iaaf-world-athletics-championships-doha-2019-7125365/men/100-metres/final/result,final
Filippo TORTU,ITA,10.07,SB,0.158,0.6,27/09/2019 00:00:00,Doha,"World Athletics |  100 Metres Result | IAAF World Athletics Championships, DOHA 2019",https://worldathletics.org/results/world-athletics-championships/2019/iaaf-world-athletics-championships-doha-2019-7125365/men/100-metres/final/result,final
Aaron BROWN,CAN,10.08,,0.155,0.6,27/09/2019 00:00:00,Doha,"World Athletics |  100 Metres Result | IAAF World Athletics Championships, DOHA 2019",https://worldathletics.org/results/world-athletics-championships/2019/iaaf-world-athletics-championships-doha-2019-7125365/men/100-metres/final/result,final
Justin GATLIN,USA,9.92,SB,0.138,-0.8,04/08/2017 00:00:00,,World Athletics |  100 Metres Result | IAAF World Championships London 2017,https://worldathletics.org/results/world-athletics-championships/2017/iaaf-world-championships-london-2017-7093740/men/100-metres/final/result,final
Christian COLEMAN,USA,9.94,,0.123,-0.8,04/08/2017 00:00:00,,World Athletics |  100 Metres Result | IAAF World Championships London 2017,https://worldathletics.org/results/world-athletics-championships/2017/iaaf-world-championships-london-2017-7093740/men/100-metres/final/result,final
Usain BOLT,JAM,9.95,SB,0.183,-0.8,04/08/2017 00:00:00,,World Athletics |  100 Metres Result | IAAF World Championships London 2017,https://worldathletics.org/results/world-athletics-championships/2017/iaaf-world-championships-london-2017-7093740/men/100-metres/final/result,final
Yohan BLAKE,JAM,9.99,,0.137,-0.8,04/08/2017 00:00:00,,World Athletics |  100 Metres Result | IAAF World Championships London 2017,https://worldathletics.org/results/world-athletics-championships/2017/iaaf-world-championships-london-2017-7093740/men/100-metres/final/result,final
Akani SIMBINE,RSA,10.01,,0.141,-0.8,04/08/2017 00:00:00,,World Athletics |  100 Metres Result | IAAF World Championships London 2017,https://worldathletics.org/results/world-athletics-championships/2017/iaaf-world-championships-london-2017-7093740/men/100-metres/final/result,final
Jimmy VICAUT,FRA,10.08,,0.152,-0.8,04/08/2017 00:00:00,,World Athletics |  100 Metres Result | IAAF World Championships London 2017,https://worldathletics.org/results/world-athletics-championships/2017/iaaf-world-championships-london-2017-7093740/men/100-metres/final/result,final
Reece PRESCOD,GBR,10.17,,0.145,-0.8,04/08/2017 00:00:00,,World Athletics |  100 Metres Result | IAAF World Championships London 2017,https://worldathletics.org/results/world-athletics-championships/2017/iaaf-world-championships-london-2017-7093740/men/100-metres/final/result,final
Bingtian SU,CHN,10.27,,0.224,-0.8,04/08/2017 00:00:00,,World Athletics |  100 Metres Result | IAAF World Championships London 2017,https://worldathletics.org/results/world-athletics-championships/2017/iaaf-world-championships-london-2017-7093740/men/100-metres/final/result,final
Usain BOLT,JAM,9.79,SB,0.159,-0.5,22/08/2015 00:00:00,,World Athletics |  100 Metres Result | 15th IAAF World Championships,https://worldathletics.org/results/iaaf-world-championships-in-athletics/2015/15th-iaaf-world-championships-7078726/men/100-metres/final/result,final
Justin GATLIN,USA,9.8,,0.165,-0.5,22/08/2015 00:00:00,,World Athletics |  100 Metres Result | 15th IAAF World Championships,https://worldathletics.org/results/iaaf-world-championships-in-athletics/2015/15th-iaaf-world-championships-7078726/men/100-metres/final/result,final
Trayvon BROMELL,USA,9.92,,0.135,-0.5,22/08/2015 00:00:00,,World Athletics |  100 Metres Result | 15th IAAF World Championships,https://worldathletics.org/results/iaaf-world-championships-in-athletics/2015/15th-iaaf-world-championships-7078726/men/100-metres/final/result,final
Andre DE GRASSE,CAN,9.92,PB,0.136,-0.5,22/08/2015 00:00:00,,World Athletics |  100 Metres Result | 15th IAAF World Championships,https://worldathletics.org/results/iaaf-world-championships-in-athletics/2015/15th-iaaf-world-championships-7078726/men/100-metres/final/result,final
Michael RODGERS,USA,9.94,,0.139,-0.5,22/08/2015 00:00:00,,World Athletics |  100 Metres Result | 15th IAAF World Championships,https://worldathletics.org/results/iaaf-world-championships-in-athletics/2015/15th-iaaf-world-championships-7078726/men/100-metres/final/result,final
Tyson GAY,USA,10.0,,0.128,-0.5,22/08/2015 00:00:00,,World Athletics |  100 Metres Result | 15th IAAF World Championships,https://worldathletics.org/results/iaaf-world-championships-in-athletics/2015/15th-iaaf-world-championships-7078726/men/100-metres/final/result,final
Asafa POWELL,JAM,10.0,,0.144,-0.5,22/08/2015 00:00:00,,World Athletics |  100 Metres Result | 15th IAAF World Championships,https://worldathletics.org/results/iaaf-world-championships-in-athletics/2015/15th-iaaf-world-championships-7078726/men/100-metres/final/result,final
Jimmy VICAUT,FRA,10.0,,0.17,-0.5,22/08/2015 00:00:00,,World Athletics |  100 Metres Result | 15th IAAF World Championships,https://worldathletics.org/results/iaaf-world-championships-in-athletics/2015/15th-iaaf-world-championships-7078726/men/100-metres/final/result,final
Bingtian SU,CHN,10.06,,0.175,-0.5,22/08/2015 00:00:00,,World Athletics |  100 Metres Result | 15th IAAF World Championships,https://worldathletics.org/results/iaaf-world-championships-in-athletics/2015/15th-iaaf-world-championships-7078726/men/100-metres/final/result,final
Usain BOLT,JAM,9.77,SB,0.163,-0.3,10/08/2013 00:00:00,,World Athletics |  100 Metres Result | 14th IAAF World Championships,https://worldathletics.org/results/world-athletics-championships/2013/14th-iaaf-world-championships-7003368/men/100-metres/final/result,final
Justin GATLIN,USA,9.85,SB,0.163,-0.3,10/08/2013 00:00:00,,World Athletics |  100 Metres Result | 14th IAAF World Championships,https://worldathletics.org/results/world-athletics-championships/2013/14th-iaaf-world-championships-7003368/men/100-metres/final/result,final
Nesta CARTER,JAM,9.95,,0.157,-0.3,10/08/2013 00:00:00,,World Athletics |  100 Metres Result | 14th IAAF World Championships,https://worldathletics.org/results/world-athletics-championships/2013/14th-iaaf-world-championships-7003368/men/100-metres/final/result,final
Kemar BAILEY-COLE,JAM,9.98,,0.186,-0.3,10/08/2013 00:00:00,,World Athletics |  100 Metres Result | 14th IAAF World Championships,https://worldathletics.org/results/world-athletics-championships/2013/14th-iaaf-world-championships-7003368/men/100-metres/final/result,final
Nickel Ashmeade,JAM,9.98,,0.142,-0.3,10/08/2013 00:00:00,,World Athletics |  100 Metres Result | 14th IAAF World Championships,https://worldathletics.org/results/world-athletics-championships/2013/14th-iaaf-world-championships-7003368/men/100-metres/final/result,final
Michael RODGERS,USA,10.04,,0.158,-0.3,10/08/2013 00:00:00,,World Athletics |  100 Metres Result | 14th IAAF World Championships,https://worldathletics.org/results/world-athletics-championships/2013/14th-iaaf-world-championships-7003368/men/100-metres/final/result,final
Christophe LEMAITRE,FRA,10.06,,0.154,-0.3,10/08/2013 00:00:00,,World Athletics |  100 Metres Result | 14th IAAF World Championships,https://worldathletics.org/results/world-athletics-championships/2013/14th-iaaf-world-championships-7003368/men/100-metres/final/result,final
James Dasaolu,GBR,10.21,,0.177,-0.3,10/08/2013 00:00:00,,World Athletics |  100 Metres Result | 14th IAAF World Championships,https://worldathletics.org/results/world-athletics-championships/2013/14th-iaaf-world-championships-7003368/men/100-metres/final/result,final
Usain BOLT,JAM,9.63,OR,0.165,1.5,27/07/2012 00:00:00,,World Athletics |  100 Metres Result | The XXX Olympic Games,https://worldathletics.org/results/olympic-games/2012/the-xxx-olympic-games-6999193/men/100-metres/final/result,final
Yohan BLAKE,JAM,9.75,=PB,0.179,1.5,27/07/2012 00:00:00,,World Athletics |  100 Metres Result | The XXX Olympic Games,https://worldathletics.org/results/olympic-games/2012/the-xxx-olympic-games-6999193/men/100-metres/final/result,final
Justin GATLIN,USA,9.79,PB,0.178,1.5,27/07/2012 00:00:00,,World Athletics |  100 Metres Result | The XXX Olympic Games,https://worldathletics.org/results/olympic-games/2012/the-xxx-olympic-games-6999193/men/100-metres/final/result,final
Ryan BAILEY,USA,9.88,=PB,0.176,1.5,27/07/2012 00:00:00,,World Athletics |  100 Metres Result | The XXX Olympic Games,https://worldathletics.org/results/olympic-games/2012/the-xxx-olympic-games-6999193/men/100-metres/final/result,final
Churandy MARTINA,NED,9.94,,0.139,1.5,27/07/2012 00:00:00,,World Athletics |  100 Metres Result | The XXX Olympic Games,https://worldathletics.org/results/olympic-games/2012/the-xxx-olympic-games-6999193/men/100-metres/final/result,final
Richard THOMPSON,TTO,9.98,,0.16,1.5,27/07/2012 00:00:00,,World Athletics |  100 Metres Result | The XXX Olympic Games,https://worldathletics.org/results/olympic-games/2012/the-xxx-olympic-games-6999193/men/100-metres/final/result,final
Asafa POWELL,JAM,11.99,,0.155,1.5,27/07/2012 00:00:00,,World Athletics |  100 Metres Result | The XXX Olympic Games,https://worldathletics.org/results/olympic-games/2012/the-xxx-olympic-games-6999193/men/100-metres/final/result,final
Tyson GAY,USA,,DQ,0.145,1.5,27/07/2012 00:00:00,,World Athletics |  100 Metres Result | The XXX Olympic Games,https://worldathletics.org/results/olympic-games/2012/the-xxx-olympic-games-6999193/men/100-metres/final/result,final
Yohan BLAKE,JAM,9.92,SB,0.174,-1.4,27/08/2011 00:00:00,,World Athletics |  100 Metres Result | 13th IAAF World Championships in Athletics,https://worldathletics.org/results/world-athletics-championships/2011/13th-iaaf-world-championships-in-athletics-7003367/men/100-metres/final/result,final
Walter Dix,USA,10.08,,0.175,-1.4,27/08/2011 00:00:00,,World Athletics |  100 Metres Result | 13th IAAF World Championships in Athletics,https://worldathletics.org/results/world-athletics-championships/2011/13th-iaaf-world-championships-in-athletics-7003367/men/100-metres/final/result,final
Kim COLLINS,SKN,10.09,,0.155,-1.4,27/08/2011 00:00:00,,World Athletics |  100 Metres Result | 13th IAAF World Championships in Athletics,https://worldathletics.org/results/world-athletics-championships/2011/13th-iaaf-world-championships-in-athletics-7003367/men/100-metres/final/result,final
Christophe LEMAITRE,FRA,10.19,,0.179,-1.4,27/08/2011 00:00:00,,World Athletics |  100 Metres Result | 13th IAAF World Championships in Athletics,https://worldathletics.org/results/world-athletics-championships/2011/13th-iaaf-world-championships-in-athletics-7003367/men/100-metres/final/result,final
Daniel Bailey,ANT,10.26,,0.165,-1.4,27/08/2011 00:00:00,,World Athletics |  100 Metres Result | 13th IAAF World Championships in Athletics,https://worldathletics.org/results/world-athletics-championships/2011/13th-iaaf-world-championships-in-athletics-7003367/men/100-metres/final/result,final
Jimmy VICAUT,FRA,10.27,,0.162,-1.4,27/08/2011 00:00:00,,World Athletics |  100 Metres Result | 13th IAAF World Championships in Athletics,https://worldathletics.org/results/world-athletics-championships/2011/13th-iaaf-world-championships-in-athletics-7003367/men/100-metres/final/result,final
Nesta CARTER,JAM,10.95,,0.154,-1.4,27/08/2011 00:00:00,,World Athletics |  100 Metres Result | 13th IAAF World Championships in Athletics,https://worldathletics.org/results/world-athletics-championships/2011/13th-iaaf-world-championships-in-athletics-7003367/men/100-metres/final/result,final
Usain BOLT,JAM,,DQ,-0.104,-1.4,27/08/2011 00:00:00,,World Athletics |  100 Metres Result | 13th IAAF World Championships in Athletics,https://worldathletics.org/results/world-athletics-championships/2011/13th-iaaf-world-championships-in-athletics-7003367/men/100-metres/final/result,final
Fred KERLEY,USA,9.87,,,-0.4,08/09/2021 00:00:00,,World Athletics |  100 Metres Result | Weltklasse Zürich,https://worldathletics.org/results/diamond-league-meetings/2021/weltklasse-zurich-7058/men/100-metres/final/result,final
Andre DE GRASSE,CAN,9.89,,,-0.4,08/09/2021 00:00:00,,World Athletics |  100 Metres Result | Weltklasse Zürich,https://worldathletics.org/results/diamond-league-meetings/2021/weltklasse-zurich-7058/men/100-metres/final/result,final
Ronnie BAKER,USA,9.91,,,-0.4,08/09/2021 00:00:00,,World Athletics |  100 Metres Result | Weltklasse Zürich,https://worldathletics.org/results/diamond-league-meetings/2021/weltklasse-zurich-7058/men/100-metres/final/result,final
Trayvon BROMELL,USA,9.96,,,-0.4,08/09/2021 00:00:00,,World Athletics |  100 Metres Result | Weltklasse Zürich,https://worldathletics.org/results/diamond-league-meetings/2021/weltklasse-zurich-7058/men/100-metres/final/result,final
Akani SIMBINE,RSA,10.1,,,-0.4,08/09/2021 00:00:00,,World Athletics |  100 Metres Result | Weltklasse Zürich,https://worldathletics.org/results/diamond-league-meetings/2021/weltklasse-zurich-7058/men/100-metres/final/result,final
Rohan BROWNING,AUS,10.18,,,-0.4,08/09/2021 00:00:00,,World Athletics |  100 Metres Result | Weltklasse Zürich,https://worldathletics.org/results/diamond-league-meetings/2021/weltklasse-zurich-7058/men/100-metres/final/result,final
Michael RODGERS,USA,10.23,,,-0.4,08/09/2021 00:00:00,,World Athletics |  100 Metres Result | Weltklasse Zürich,https://worldathletics.org/results/diamond-league-meetings/2021/weltklasse-zurich-7058/men/100-metres/final/result,final
Silvan WICKI,SUI,10.25,,,-0.4,08/09/2021 00:00:00,,World Athletics |  100 Metres Result | Weltklasse Zürich,https://worldathletics.org/results/diamond-league-meetings/2021/weltklasse-zurich-7058/men/100-metres/final/result,final
Yupun ABEYKOON,SRI,10.25,,,-0.4,08/09/2021 00:00:00,,World Athletics |  100 Metres Result | Weltklasse Zürich,https://worldathletics.org/results/diamond-league-meetings/2021/weltklasse-zurich-7058/men/100-metres/final/result,final
Fred KERLEY,USA,9.94,,,0.1,01/09/2021 00:00:00,Bruxelles,World Athletics |  100 Metres Result | Allianz Memorial Van Damme,https://worldathletics.org/results/diamond-league-meetings/2021/allianz-memorial-van-damme-7056/men/100-metres/final/result,final
Trayvon BROMELL,USA,9.97,,,0.1,01/09/2021 00:00:00,Bruxelles,World Athletics |  100 Metres Result | Allianz Memorial Van Damme,https://worldathletics.org/results/diamond-league-meetings/2021/allianz-memorial-van-damme-7056/men/100-metres/final/result,final
Michael NORMAN,USA,9.98,,,0.1,01/09/2021 00:00:00,Bruxelles,World Athletics |  100 Metres Result | Allianz Memorial Van Damme,https://worldathletics.org/results/diamond-league-meetings/2021/allianz-memorial-van-damme-7056/men/100-metres/final/result,final
Ferdinand OMANYALA,KEN,10.02,,,0.1,01/09/2021 00:00:00,Bruxelles,World Athletics |  100 Metres Result | Allianz Memorial Van Damme,https://worldathletics.org/results/diamond-league-meetings/2021/allianz-memorial-van-damme-7056/men/100-metres/final/result,final
Rohan BROWNING,AUS,10.14,,,0.1,01/09/2021 00:00:00,Bruxelles,World Athletics |  100 Metres Result | Allianz Memorial Van Damme,https://worldathletics.org/results/diamond-league-meetings/2021/allianz-memorial-van-damme-7056/men/100-metres/final/result,final
Akani SIMBINE,RSA,10.18,,,0.1,01/09/2021 00:00:00,Bruxelles,World Athletics |  100 Metres Result | Allianz Memorial Van Damme,https://worldathletics.org/results/diamond-league-meetings/2021/allianz-memorial-van-damme-7056/men/100-metres/final/result,final
Mouhamadou FALL,FRA,10.19,,,0.1,01/09/2021 00:00:00,Bruxelles,World Athletics |  100 Metres Result | Allianz Memorial Van Damme,https://worldathletics.org/results/diamond-league-meetings/2021/allianz-memorial-van-damme-7056/men/100-metres/final/result,final
Arthur CISSÉ,CIV,10.34,,,0.1,01/09/2021 00:00:00,Bruxelles,World Athletics |  100 Metres Result | Allianz Memorial Van Damme,https://worldathletics.org/results/diamond-league-meetings/2021/allianz-memorial-van-damme-7056/men/100-metres/final/result,final
Cejhae GREENE,ANT,,,,,28/08/2021 00:00:00,Paris,World Athletics |  100 Metres Result | Meeting de Paris,https://worldathletics.org/results/diamond-league-meetings/2021/meeting-de-paris-7055/men/100-metres/final/result,final
Arthur CISSÉ,CIV,,,,,28/08/2021 00:00:00,Paris,World Athletics |  100 Metres Result | Meeting de Paris,https://worldathletics.org/results/diamond-league-meetings/2021/meeting-de-paris-7055/men/100-metres/final/result,final
Julian FORTE,JAM,,,,,28/08/2021 00:00:00,Paris,World Athletics |  100 Metres Result | Meeting de Paris,https://worldathletics.org/results/diamond-league-meetings/2021/meeting-de-paris-7055/men/100-metres/final/result,final
Amaury GOLITIN,FRA,,,,,28/08/2021 00:00:00,Paris,World Athletics |  100 Metres Result | Meeting de Paris,https://worldathletics.org/results/diamond-league-meetings/2021/meeting-de-paris-7055/men/100-metres/final/result,final
Jimmy VICAUT,FRA,,,,,28/08/2021 00:00:00,Paris,World Athletics |  100 Metres Result | Meeting de Paris,https://worldathletics.org/results/diamond-league-meetings/2021/meeting-de-paris-7055/men/100-metres/final/result,final
Marvin BRACY,USA,,,,,28/08/2021 00:00:00,Paris,World Athletics |  100 Metres Result | Meeting de Paris,https://worldathletics.org/results/diamond-league-meetings/2021/meeting-de-paris-7055/men/100-metres/final/result,final
Méba Mickaël ZEZE,FRA,,,,,28/08/2021 00:00:00,Paris,World Athletics |  100 Metres Result | Meeting de Paris,https://worldathletics.org/results/diamond-league-meetings/2021/meeting-de-paris-7055/men/100-metres/final/result,final
Nigel ELLIS,JAM,,,,,28/08/2021 00:00:00,Paris,World Athletics |  100 Metres Result | Meeting de Paris,https://worldathletics.org/results/diamond-league-meetings/2021/meeting-de-paris-7055/men/100-metres/final/result,final
Andre DE GRASSE,CAN,9.74,,,2.9,20/08/2021 00:00:00,,World Athletics |  100 Metres Result | Prefontaine Classic,https://worldathletics.org/results/diamond-league-meetings/2021/prefontaine-classic-7044/men/100-metres/final/result,final
Fred KERLEY,USA,9.78,,,2.9,20/08/2021 00:00:00,,World Athletics |  100 Metres Result | Prefontaine Classic,https://worldathletics.org/results/diamond-league-meetings/2021/prefontaine-classic-7044/men/100-metres/final/result,final
Ronnie BAKER,USA,9.82,,,2.9,20/08/2021 00:00:00,,World Athletics |  100 Metres Result | Prefontaine Classic,https://worldathletics.org/results/diamond-league-meetings/2021/prefontaine-classic-7044/men/100-metres/final/result,final
Trayvon BROMELL,USA,9.86,,,2.9,20/08/2021 00:00:00,,World Athletics |  100 Metres Result | Prefontaine Classic,https://worldathletics.org/results/diamond-league-meetings/2021/prefontaine-classic-7044/men/100-metres/final/result,final
Michael NORMAN,USA,9.9,,,2.9,20/08/2021 00:00:00,,World Athletics |  100 Metres Result | Prefontaine Classic,https://worldathletics.org/results/diamond-league-meetings/2021/prefontaine-classic-7044/men/100-metres/final/result,final
Justin GATLIN,USA,9.93,,,2.9,20/08/2021 00:00:00,,World Athletics |  100 Metres Result | Prefontaine Classic,https://worldathletics.org/results/diamond-league-meetings/2021/prefontaine-classic-7044/men/100-metres/final/result,final
Akani SIMBINE,RSA,9.95,,,2.9,20/08/2021 00:00:00,,World Athletics |  100 Metres Result | Prefontaine Classic,https://worldathletics.org/results/diamond-league-meetings/2021/prefontaine-classic-7044/men/100-metres/final/result,final
Isiah YOUNG,USA,9.98,,,2.9,20/08/2021 00:00:00,,World Athletics |  100 Metres Result | Prefontaine Classic,https://worldathletics.org/results/diamond-league-meetings/2021/prefontaine-classic-7044/men/100-metres/final/result,final
Cravon GILLESPIE,USA,10.09,,,2.9,20/08/2021 00:00:00,,World Athletics |  100 Metres Result | Prefontaine Classic,https://worldathletics.org/results/diamond-league-meetings/2021/prefontaine-classic-7044/men/100-metres/final/result,final
Ronnie BAKER,USA,9.91,,,0.3,09/07/2021 00:00:00,Monaco,World Athletics |  100 Metres Result | Herculis,https://worldathletics.org/results/diamond-league-meetings/2021/herculis-7052/men/100-metres/final/result,final
Akani SIMBINE,RSA,9.98,,,0.3,09/07/2021 00:00:00,Monaco,World Athletics |  100 Metres Result | Herculis,https://worldathletics.org/results/diamond-league-meetings/2021/herculis-7052/men/100-metres/final/result,final
Lamont Marcell JACOBS,ITA,9.99,,,0.3,09/07/2021 00:00:00,Monaco,World Athletics |  100 Metres Result | Herculis,https://worldathletics.org/results/diamond-league-meetings/2021/herculis-7052/men/100-metres/final/result,final
Andre DE GRASSE,CAN,10.0,,,0.3,09/07/2021 00:00:00,Monaco,World Athletics |  100 Metres Result | Herculis,https://worldathletics.org/results/diamond-league-meetings/2021/herculis-7052/men/100-metres/final/result,final
Trayvon BROMELL,USA,10.01,,,0.3,09/07/2021 00:00:00,Monaco,World Athletics |  100 Metres Result | Herculis,https://worldathletics.org/results/diamond-league-meetings/2021/herculis-7052/men/100-metres/final/result,final
Fred KERLEY,USA,10.15,,,0.3,09/07/2021 00:00:00,Monaco,World Athletics |  100 Metres Result | Herculis,https://worldathletics.org/results/diamond-league-meetings/2021/herculis-7052/men/100-metres/final/result,final
Filippo TORTU,ITA,10.17,,,0.3,09/07/2021 00:00:00,Monaco,World Athletics |  100 Metres Result | Herculis,https://worldathletics.org/results/diamond-league-meetings/2021/herculis-7052/men/100-metres/final/result,final
Jimmy VICAUT,FRA,,DQ,,0.3,09/07/2021 00:00:00,Monaco,World Athletics |  100 Metres Result | Herculis,https://worldathletics.org/results/diamond-league-meetings/2021/herculis-7052/men/100-metres/final/result,final
Akani SIMBINE,RSA,10.08,,,-0.1,10/06/2021 00:00:00,Firenze,World Athletics |  100 Metres Result | Golden Gala Pietro Mennea,https://worldathletics.org/results/diamond-league-meetings/2021/golden-gala-pietro-mennea-7045/men/100-metres/final/result,final
Chijindu UJAH,GBR,10.1,,,-0.1,10/06/2021 00:00:00,Firenze,World Athletics |  100 Metres Result | Golden Gala Pietro Mennea,https://worldathletics.org/results/diamond-league-meetings/2021/golden-gala-pietro-mennea-7045/men/100-metres/final/result,final
Emmanuel MATADI,LBR,10.16,,,-0.1,10/06/2021 00:00:00,Firenze,World Athletics |  100 Metres Result | Golden Gala Pietro Mennea,https://worldathletics.org/results/diamond-league-meetings/2021/golden-gala-pietro-mennea-7045/men/100-metres/final/result,final
Yupun ABEYKOON,SRI,10.16,,,-0.1,10/06/2021 00:00:00,Firenze,World Athletics |  100 Metres Result | Golden Gala Pietro Mennea,https://worldathletics.org/results/diamond-league-meetings/2021/golden-gala-pietro-mennea-7045/men/100-metres/final/result,final
Michael RODGERS,USA,10.25,,,-0.1,10/06/2021 00:00:00,Firenze,World Athletics |  100 Metres Result | Golden Gala Pietro Mennea,https://worldathletics.org/results/diamond-league-meetings/2021/golden-gala-pietro-mennea-7045/men/100-metres/final/result,final
Arthur CISSÉ,CIV,10.35,,,-0.1,10/06/2021 00:00:00,Firenze,World Athletics |  100 Metres Result | Golden Gala Pietro Mennea,https://worldathletics.org/results/diamond-league-meetings/2021/golden-gala-pietro-mennea-7045/men/100-metres/final/result,final
Cejhae GREENE,ANT,10.39,,,-0.1,10/06/2021 00:00:00,Firenze,World Athletics |  100 Metres Result | Golden Gala Pietro Mennea,https://worldathletics.org/results/diamond-league-meetings/2021/golden-gala-pietro-mennea-7045/men/100-metres/final/result,final
Jak Ali HARVEY,TUR,10.46,,,-0.1,10/06/2021 00:00:00,Firenze,World Athletics |  100 Metres Result | Golden Gala Pietro Mennea,https://worldathletics.org/results/diamond-league-meetings/2021/golden-gala-pietro-mennea-7045/men/100-metres/final/result,final
Femi OGUNODE,QAT,10.0,,,0.9,28/05/2021 00:00:00,Doha,World Athletics |  100 Metres Result | Diamond League Meeting,https://worldathletics.org/results/diamond-league-meetings/2021/diamond-league-meeting-7042/men/100-metres/final/result,final
Mahamat Goubaye YOUSSOUF,CHA,10.26,,,0.9,28/05/2021 00:00:00,Doha,World Athletics |  100 Metres Result | Diamond League Meeting,https://worldathletics.org/results/diamond-league-meetings/2021/diamond-league-meeting-7042/men/100-metres/final/result,final
Owaab BARROW,QAT,10.46,,,0.9,28/05/2021 00:00:00,Doha,World Athletics |  100 Metres Result | Diamond League Meeting,https://worldathletics.org/results/diamond-league-meetings/2021/diamond-league-meeting-7042/men/100-metres/final/result,final
Mahmoud Hafiz IBRAHIM,KSA,10.48,,,0.9,28/05/2021 00:00:00,Doha,World Athletics |  100 Metres Result | Diamond League Meeting,https://worldathletics.org/results/diamond-league-meetings/2021/diamond-league-meeting-7042/men/100-metres/final/result,final
Kayhan ÖZER,TUR,10.48,,,0.9,28/05/2021 00:00:00,Doha,World Athletics |  100 Metres Result | Diamond League Meeting,https://worldathletics.org/results/diamond-league-meetings/2021/diamond-league-meeting-7042/men/100-metres/final/result,final
Mahamat Zakaria KHALID,QAT,10.59,,,0.9,28/05/2021 00:00:00,Doha,World Athletics |  100 Metres Result | Diamond League Meeting,https://worldathletics.org/results/diamond-league-meetings/2021/diamond-league-meeting-7042/men/100-metres/final/result,final
Saeed Othman ALABSI,QAT,10.6,,,0.9,28/05/2021 00:00:00,Doha,World Athletics |  100 Metres Result | Diamond League Meeting,https://worldathletics.org/results/diamond-league-meetings/2021/diamond-league-meeting-7042/men/100-metres/final/result,final
Tosin OGUNODE,QAT,10.72,,,0.9,28/05/2021 00:00:00,Doha,World Athletics |  100 Metres Result | Diamond League Meeting,https://worldathletics.org/results/diamond-league-meetings/2021/diamond-league-meeting-7042/men/100-metres/final/result,final
Akani SIMBINE,RSA,9.96,,,0.3,17/09/2020 00:00:00,Roma,World Athletics |  100 Metres Result | Golden Gala Pietro Mennea,https://worldathletics.org/results/diamond-league-meetings/2020/golden-gala-pietro-mennea-6775/men/100-metres/final/result,final
Arthur CISSÉ,CIV,10.04,,,0.3,17/09/2020 00:00:00,Roma,World Athletics |  100 Metres Result | Golden Gala Pietro Mennea,https://worldathletics.org/results/diamond-league-meetings/2020/golden-gala-pietro-mennea-6775/men/100-metres/final/result,final
Filippo TORTU,ITA,10.09,,,0.3,17/09/2020 00:00:00,Roma,World Athletics |  100 Metres Result | Golden Gala Pietro Mennea,https://worldathletics.org/results/diamond-league-meetings/2020/golden-gala-pietro-mennea-6775/men/100-metres/final/result,final
Lamont Marcell JACOBS,ITA,10.11,,,0.3,17/09/2020 00:00:00,Roma,World Athletics |  100 Metres Result | Golden Gala Pietro Mennea,https://worldathletics.org/results/diamond-league-meetings/2020/golden-gala-pietro-mennea-6775/men/100-metres/final/result,final
Michael RODGERS,USA,10.12,,,0.3,17/09/2020 00:00:00,Roma,World Athletics |  100 Metres Result | Golden Gala Pietro Mennea,https://worldathletics.org/results/diamond-league-meetings/2020/golden-gala-pietro-mennea-6775/men/100-metres/final/result,final
Julian FORTE,JAM,10.15,,,0.3,17/09/2020 00:00:00,Roma,World Athletics |  100 Metres Result | Golden Gala Pietro Mennea,https://worldathletics.org/results/diamond-league-meetings/2020/golden-gala-pietro-mennea-6775/men/100-metres/final/result,final
Deniz ALMAS,GER,10.27,,,0.3,17/09/2020 00:00:00,Roma,World Athletics |  100 Metres Result | Golden Gala Pietro Mennea,https://worldathletics.org/results/diamond-league-meetings/2020/golden-gala-pietro-mennea-6775/men/100-metres/final/result,final
Mouhamadou FALL,FRA,10.29,,,0.3,17/09/2020 00:00:00,Roma,World Athletics |  100 Metres Result | Golden Gala Pietro Mennea,https://worldathletics.org/results/diamond-league-meetings/2020/golden-gala-pietro-mennea-6775/men/100-metres/final/result,final
Mario BURKE,BAR,10.34,,,0.3,17/09/2020 00:00:00,Roma,World Athletics |  100 Metres Result | Golden Gala Pietro Mennea,https://worldathletics.org/results/diamond-league-meetings/2020/golden-gala-pietro-mennea-6775/men/100-metres/final/result,final
Salun Ageze Kashaali,NOR,10.59,,,0.2,11/06/2020 00:00:00,Oslo,World Athletics |  100 Metres Result | Impossible Games,https://worldathletics.org/results/diamond-league-meetings/2020/impossible-games-6778/men/100-metres/final/result,final
Mathias Hove JOHANSEN,NOR,10.78,,,0.2,11/06/2020 00:00:00,Oslo,World Athletics |  100 Metres Result | Impossible Games,https://worldathletics.org/results/diamond-league-meetings/2020/impossible-games-6778/men/100-metres/final/result,final
Christian Marthinussen,NOR,,DQ,,0.2,11/06/2020 00:00:00,Oslo,World Athletics |  100 Metres Result | Impossible Games,https://worldathletics.org/results/diamond-league-meetings/2020/impossible-games-6778/men/100-metres/final/result,final
Noah LYLES,USA,9.98,,,-0.4,28/08/2019 00:00:00,,World Athletics |  100 Metres Result | Weltklasse Zürich,https://worldathletics.org/results/diamond-league-meetings/2019/weltklasse-zurich-6538/men/100-metres/final/result,final
Zhenye XIE,CHN,10.04,,,-0.4,28/08/2019 00:00:00,,World Athletics |  100 Metres Result | Weltklasse Zürich,https://worldathletics.org/results/diamond-league-meetings/2019/weltklasse-zurich-6538/men/100-metres/final/result,final
Yohan BLAKE,JAM,10.07,,,-0.4,28/08/2019 00:00:00,,World Athletics |  100 Metres Result | Weltklasse Zürich,https://worldathletics.org/results/diamond-league-meetings/2019/weltklasse-zurich-6538/men/100-metres/final/result,final
Justin GATLIN,USA,10.08,,,-0.4,28/08/2019 00:00:00,,World Athletics |  100 Metres Result | Weltklasse Zürich,https://worldathletics.org/results/diamond-league-meetings/2019/weltklasse-zurich-6538/men/100-metres/final/result,final
Akani SIMBINE,RSA,10.1,,,-0.4,28/08/2019 00:00:00,,World Athletics |  100 Metres Result | Weltklasse Zürich,https://worldathletics.org/results/diamond-league-meetings/2019/weltklasse-zurich-6538/men/100-metres/final/result,final
Zharnel HUGHES,GBR,10.15,,,-0.4,28/08/2019 00:00:00,,World Athletics |  100 Metres Result | Weltklasse Zürich,https://worldathletics.org/results/diamond-league-meetings/2019/weltklasse-zurich-6538/men/100-metres/final/result,final
Adam GEMILI,GBR,10.15,,,-0.4,28/08/2019 00:00:00,,World Athletics |  100 Metres Result | Weltklasse Zürich,https://worldathletics.org/results/diamond-league-meetings/2019/weltklasse-zurich-6538/men/100-metres/final/result,final
Michael RODGERS,USA,10.16,,,-0.4,28/08/2019 00:00:00,,World Athletics |  100 Metres Result | Weltklasse Zürich,https://worldathletics.org/results/diamond-league-meetings/2019/weltklasse-zurich-6538/men/100-metres/final/result,final
Alex WILSON,SUI,10.4,,,-0.4,28/08/2019 00:00:00,,World Athletics |  100 Metres Result | Weltklasse Zürich,https://worldathletics.org/results/diamond-league-meetings/2019/weltklasse-zurich-6538/men/100-metres/final/result,final
Yohan BLAKE,JAM,10.07,,,2.0,18/08/2019 00:00:00,Birmingham,World Athletics |  100 Metres Result | Müller Grand Prix,https://worldathletics.org/results/diamond-league-meetings/2019/muller-grand-prix-6537/men/100-metres/final/result,final
Adam GEMILI,GBR,10.07,,,2.0,18/08/2019 00:00:00,Birmingham,World Athletics |  100 Metres Result | Müller Grand Prix,https://worldathletics.org/results/diamond-league-meetings/2019/muller-grand-prix-6537/men/100-metres/final/result,final
Michael RODGERS,USA,10.09,,,2.0,18/08/2019 00:00:00,Birmingham,World Athletics |  100 Metres Result | Müller Grand Prix,https://worldathletics.org/results/diamond-league-meetings/2019/muller-grand-prix-6537/men/100-metres/final/result,final
Christopher BELCHER,USA,10.13,,,2.0,18/08/2019 00:00:00,Birmingham,World Athletics |  100 Metres Result | Müller Grand Prix,https://worldathletics.org/results/diamond-league-meetings/2019/muller-grand-prix-6537/men/100-metres/final/result,final
Andre DE GRASSE,CAN,10.13,,,2.0,18/08/2019 00:00:00,Birmingham,World Athletics |  100 Metres Result | Müller Grand Prix,https://worldathletics.org/results/diamond-league-meetings/2019/muller-grand-prix-6537/men/100-metres/final/result,final
Tyquendo TRACEY,JAM,10.14,,,2.0,18/08/2019 00:00:00,Birmingham,World Athletics |  100 Metres Result | Müller Grand Prix,https://worldathletics.org/results/diamond-league-meetings/2019/muller-grand-prix-6537/men/100-metres/final/result,final
Akani SIMBINE,RSA,10.15,,,2.0,18/08/2019 00:00:00,Birmingham,World Athletics |  100 Metres Result | Müller Grand Prix,https://worldathletics.org/results/diamond-league-meetings/2019/muller-grand-prix-6537/men/100-metres/final/result,final
Zhenye XIE,CHN,10.17,,,2.0,18/08/2019 00:00:00,Birmingham,World Athletics |  100 Metres Result | Müller Grand Prix,https://worldathletics.org/results/diamond-league-meetings/2019/muller-grand-prix-6537/men/100-metres/final/result,final
Akani SIMBINE,RSA,9.93,,,0.5,20/07/2019 00:00:00,London,World Athletics |  100 Metres Result | Müller Anniversary Games,https://worldathletics.org/results/diamond-league-meetings/2019/muller-anniversary-games-6536/men/100-metres/final/result,final
Zharnel HUGHES,GBR,9.95,,,0.5,20/07/2019 00:00:00,London,World Athletics |  100 Metres Result | Müller Anniversary Games,https://worldathletics.org/results/diamond-league-meetings/2019/muller-anniversary-games-6536/men/100-metres/final/result,final
Yohan BLAKE,JAM,9.97,,,0.5,20/07/2019 00:00:00,London,World Athletics |  100 Metres Result | Müller Anniversary Games,https://worldathletics.org/results/diamond-league-meetings/2019/muller-anniversary-games-6536/men/100-metres/final/result,final
Yuki KOIKE,JPN,9.98,,,0.5,20/07/2019 00:00:00,London,World Athletics |  100 Metres Result | Müller Anniversary Games,https://worldathletics.org/results/diamond-league-meetings/2019/muller-anniversary-games-6536/men/100-metres/final/result,final
Andre DE GRASSE,CAN,9.99,,,0.5,20/07/2019 00:00:00,London,World Athletics |  100 Metres Result | Müller Anniversary Games,https://worldathletics.org/results/diamond-league-meetings/2019/muller-anniversary-games-6536/men/100-metres/final/result,final
Adam GEMILI,GBR,10.04,,,0.5,20/07/2019 00:00:00,London,World Athletics |  100 Metres Result | Müller Anniversary Games,https://worldathletics.org/results/diamond-league-meetings/2019/muller-anniversary-games-6536/men/100-metres/final/result,final
Yoshihide KIRYU,JPN,10.13,,,0.5,20/07/2019 00:00:00,London,World Athletics |  100 Metres Result | Müller Anniversary Games,https://worldathletics.org/results/diamond-league-meetings/2019/muller-anniversary-games-6536/men/100-metres/final/result,final
Cejhae GREENE,ANT,10.19,,,0.5,20/07/2019 00:00:00,London,World Athletics |  100 Metres Result | Müller Anniversary Games,https://worldathletics.org/results/diamond-league-meetings/2019/muller-anniversary-games-6536/men/100-metres/final/result,final
Arthur CISSÉ,CIV,10.25,,,0.5,20/07/2019 00:00:00,London,World Athletics |  100 Metres Result | Müller Anniversary Games,https://worldathletics.org/results/diamond-league-meetings/2019/muller-anniversary-games-6536/men/100-metres/final/result,final
Justin GATLIN,USA,9.91,,,0.3,11/07/2019 00:00:00,Monaco,World Athletics |  100 Metres Result | Herculis,https://worldathletics.org/results/diamond-league-meetings/2019/herculis-6535/men/100-metres/final/result,final
Noah LYLES,USA,9.92,,,0.3,11/07/2019 00:00:00,Monaco,World Athletics |  100 Metres Result | Herculis,https://worldathletics.org/results/diamond-league-meetings/2019/herculis-6535/men/100-metres/final/result,final
Michael RODGERS,USA,10.01,,,0.3,11/07/2019 00:00:00,Monaco,World Athletics |  100 Metres Result | Herculis,https://worldathletics.org/results/diamond-league-meetings/2019/herculis-6535/men/100-metres/final/result,final
Akani SIMBINE,RSA,10.04,,,0.3,11/07/2019 00:00:00,Monaco,World Athletics |  100 Metres Result | Herculis,https://worldathletics.org/results/diamond-league-meetings/2019/herculis-6535/men/100-metres/final/result,final
Cravon GILLESPIE,USA,10.14,,,0.3,11/07/2019 00:00:00,Monaco,World Athletics |  100 Metres Result | Herculis,https://worldathletics.org/results/diamond-league-meetings/2019/herculis-6535/men/100-metres/final/result,final
Jimmy VICAUT,FRA,10.17,,,0.3,11/07/2019 00:00:00,Monaco,World Athletics |  100 Metres Result | Herculis,https://worldathletics.org/results/diamond-league-meetings/2019/herculis-6535/men/100-metres/final/result,final
Arthur CISSÉ,CIV,10.25,,,0.3,11/07/2019 00:00:00,Monaco,World Athletics |  100 Metres Result | Herculis,https://worldathletics.org/results/diamond-league-meetings/2019/herculis-6535/men/100-metres/final/result,final
Divine ODUDURU,NGR,10.26,,,0.3,11/07/2019 00:00:00,Monaco,World Athletics |  100 Metres Result | Herculis,https://worldathletics.org/results/diamond-league-meetings/2019/herculis-6535/men/100-metres/final/result,final
Justin GATLIN,USA,9.92,,,0.2,04/07/2019 00:00:00,Lausanne,World Athletics |  100 Metres Result | Athletissima Lausanne,https://worldathletics.org/results/diamond-league-meetings/2019/athletissima-lausanne-6533/men/100-metres/final/result,final
Michael RODGERS,USA,10.01,,,0.2,04/07/2019 00:00:00,Lausanne,World Athletics |  100 Metres Result | Athletissima Lausanne,https://worldathletics.org/results/diamond-league-meetings/2019/athletissima-lausanne-6533/men/100-metres/final/result,final
Aaron BROWN,CAN,10.07,,,0.2,04/07/2019 00:00:00,Lausanne,World Athletics |  100 Metres Result | Athletissima Lausanne,https://worldathletics.org/results/diamond-league-meetings/2019/athletissima-lausanne-6533/men/100-metres/final/result,final
Arthur CISSÉ,CIV,10.08,,,0.2,04/07/2019 00:00:00,Lausanne,World Athletics |  100 Metres Result | Athletissima Lausanne,https://worldathletics.org/results/diamond-league-meetings/2019/athletissima-lausanne-6533/men/100-metres/final/result,final
Cameron BURRELL,USA,10.18,,,0.2,04/07/2019 00:00:00,Lausanne,World Athletics |  100 Metres Result | Athletissima Lausanne,https://worldathletics.org/results/diamond-league-meetings/2019/athletissima-lausanne-6533/men/100-metres/final/result,final
Devin QUINN,USA,10.19,,,0.2,04/07/2019 00:00:00,Lausanne,World Athletics |  100 Metres Result | Athletissima Lausanne,https://worldathletics.org/results/diamond-league-meetings/2019/athletissima-lausanne-6533/men/100-metres/final/result,final
Kendal WILLIAMS,USA,10.2,,,0.2,04/07/2019 00:00:00,Lausanne,World Athletics |  100 Metres Result | Athletissima Lausanne,https://worldathletics.org/results/diamond-league-meetings/2019/athletissima-lausanne-6533/men/100-metres/final/result,final
Devon ALLEN,USA,10.33,,,0.2,04/07/2019 00:00:00,Lausanne,World Athletics |  100 Metres Result | Athletissima Lausanne,https://worldathletics.org/results/diamond-league-meetings/2019/athletissima-lausanne-6533/men/100-metres/final/result,final
Christian COLEMAN,USA,9.81,,,-0.1,30/06/2019 00:00:00,,World Athletics |  100 Metres Result | Prefontaine Classic,https://worldathletics.org/results/diamond-league-meetings/2019/prefontaine-classic-6528/men/100-metres/final/result,final
Justin GATLIN,USA,9.87,,,-0.1,30/06/2019 00:00:00,,World Athletics |  100 Metres Result | Prefontaine Classic,https://worldathletics.org/results/diamond-league-meetings/2019/prefontaine-classic-6528/men/100-metres/final/result,final
Zharnel HUGHES,GBR,9.97,,,-0.1,30/06/2019 00:00:00,,World Athletics |  100 Metres Result | Prefontaine Classic,https://worldathletics.org/results/diamond-league-meetings/2019/prefontaine-classic-6528/men/100-metres/final/result,final
Cravon GILLESPIE,USA,10.05,,,-0.1,30/06/2019 00:00:00,,World Athletics |  100 Metres Result | Prefontaine Classic,https://worldathletics.org/results/diamond-league-meetings/2019/prefontaine-classic-6528/men/100-metres/final/result,final
Michael RODGERS,USA,10.08,,,-0.1,30/06/2019 00:00:00,,World Athletics |  100 Metres Result | Prefontaine Classic,https://worldathletics.org/results/diamond-league-meetings/2019/prefontaine-classic-6528/men/100-metres/final/result,final
Arthur CISSÉ,CIV,10.12,,,-0.1,30/06/2019 00:00:00,,World Athletics |  100 Metres Result | Prefontaine Classic,https://worldathletics.org/results/diamond-league-meetings/2019/prefontaine-classic-6528/men/100-metres/final/result,final
Filippo TORTU,ITA,10.21,,,-0.1,30/06/2019 00:00:00,,World Athletics |  100 Metres Result | Prefontaine Classic,https://worldathletics.org/results/diamond-league-meetings/2019/prefontaine-classic-6528/men/100-metres/final/result,final
Cameron BURRELL,USA,10.21,,,-0.1,30/06/2019 00:00:00,,World Athletics |  100 Metres Result | Prefontaine Classic,https://worldathletics.org/results/diamond-league-meetings/2019/prefontaine-classic-6528/men/100-metres/final/result,final
Tyquendo TRACEY,JAM,10.42,,,-0.1,30/06/2019 00:00:00,,World Athletics |  100 Metres Result | Prefontaine Classic,https://worldathletics.org/results/diamond-league-meetings/2019/prefontaine-classic-6528/men/100-metres/final/result,final
Akani SIMBINE,RSA,9.97,SB,0.108,,,,SEMI-FINAL | 100 Metres | Results | Oregon 22 | World Athletics Championships,https://worldathletics.org/competitions/world-athletics-championships/world-athletics-championships-oregon-2022-7137279/results/men/100-metres/semi-final/result,semi-final
Trayvon BROMELL,USA,9.97,,0.121,,,,SEMI-FINAL | 100 Metres | Results | Oregon 22 | World Athletics Championships,https://worldathletics.org/competitions/world-athletics-championships/world-athletics-championships-oregon-2022-7137279/results/men/100-metres/semi-final/result,semi-final
Abdul Hakim SANI BROWN,JPN,10.05,,0.124,,,,SEMI-FINAL | 100 Metres | Results | Oregon 22 | World Athletics Championships,https://worldathletics.org/competitions/world-athletics-championships/world-athletics-championships-oregon-2022-7137279/results/men/100-metres/semi-final/result,semi-final
Yohan BLAKE,JAM,10.12,,0.141,,,,SEMI-FINAL | 100 Metres | Results | Oregon 22 | World Athletics Championships,https://worldathletics.org/competitions/world-athletics-championships/world-athletics-championships-oregon-2022-7137279/results/men/100-metres/semi-final/result,semi-final
Emmanuel MATADI,LBR,10.12,,0.135,,,,SEMI-FINAL | 100 Metres | Results | Oregon 22 | World Athletics Championships,https://worldathletics.org/competitions/world-athletics-championships/world-athletics-championships-oregon-2022-7137279/results/men/100-metres/semi-final/result,semi-final
Arthur CISSÉ,CIV,10.16,,0.129,,,,SEMI-FINAL | 100 Metres | Results | Oregon 22 | World Athletics Championships,https://worldathletics.org/competitions/world-athletics-championships/world-athletics-championships-oregon-2022-7137279/results/men/100-metres/semi-final/result,semi-final
Rodrigo DO NASCIMENTO,BRA,10.19,,0.122,,,,SEMI-FINAL | 100 Metres | Results | Oregon 22 | World Athletics Championships,https://worldathletics.org/competitions/world-athletics-championships/world-athletics-championships-oregon-2022-7137279/results/men/100-metres/semi-final/result,semi-final
Raymond EKEVWO,NGR,10.2,,0.128,,,,SEMI-FINAL | 100 Metres | Results | Oregon 22 | World Athletics Championships,https://worldathletics.org/competitions/world-athletics-championships/world-athletics-championships-oregon-2022-7137279/results/men/100-metres/semi-final/result,semi-final
Marvin BRACY,USA,10.05,,0.115,,,,HEATS | 100 Metres | Results | Oregon 22 | World Athletics Championships,https://worldathletics.org/competitions/world-athletics-championships/world-athletics-championships-oregon-2022-7137279/results/men/100-metres/heats/result,heats
Ackeem BLAKE,JAM,10.15,,0.139,,,,HEATS | 100 Metres | Results | Oregon 22 | World Athletics Championships,https://worldathletics.org/competitions/world-athletics-championships/world-athletics-championships-oregon-2022-7137279/results/men/100-metres/heats/result,heats
Raymond EKEVWO,NGR,10.17,,0.116,,,,HEATS | 100 Metres | Results | Oregon 22 | World Athletics Championships,https://worldathletics.org/competitions/world-athletics-championships/world-athletics-championships-oregon-2022-7137279/results/men/100-metres/heats/result,heats
Cejhae GREENE,ANT,10.17,,0.135,,,,HEATS | 100 Metres | Results | Oregon 22 | World Athletics Championships,https://worldathletics.org/competitions/world-athletics-championships/world-athletics-championships-oregon-2022-7137279/results/men/100-metres/heats/result,heats
Rohan BROWNING,AUS,10.22,,0.109,,,,HEATS | 100 Metres | Results | Oregon 22 | World Athletics Championships,https://worldathletics.org/competitions/world-athletics-championships/world-athletics-championships-oregon-2022-7137279/results/men/100-metres/heats/result,heats
Chituru ALI,ITA,10.4,,0.118,,,,HEATS | 100 Metres | Results | Oregon 22 | World Athletics Championships,https://worldathletics.org/competitions/world-athletics-championships/world-athletics-championships-oregon-2022-7137279/results/men/100-metres/heats/result,heats
Lalu Muhammad ZOHRI,INA,10.42,SB,0.116,,,,HEATS | 100 Metres | Results | Oregon 22 | World Athletics Championships,https://worldathletics.org/competitions/world-athletics-championships/world-athletics-championships-oregon-2022-7137279/results/men/100-metres/heats/result,heats
Francesco SANSOVINI,SMR,10.71,,0.166,,,,HEATS | 100 Metres | Results | Oregon 22 | World Athletics Championships,https://worldathletics.org/competitions/world-athletics-championships/world-athletics-championships-oregon-2022-7137279/results/men/100-metres/heats/result,heats
Yohan BLAKE,JAM,9.95,Q,0.181,-0.4,27/08/2011 00:00:00,,World Athletics |  100 Metres Result | 13th IAAF World Championships in Athletics,https://worldathletics.org/results/world-athletics-championships/2011/13th-iaaf-world-championships-in-athletics-7003367/men/100-metres/semi-final/result,semi-final
Walter Dix,USA,10.05,Q,0.179,-0.4,27/08/2011 00:00:00,,World Athletics |  100 Metres Result | 13th IAAF World Championships in Athletics,https://worldathletics.org/results/world-athletics-championships/2011/13th-iaaf-world-championships-in-athletics-7003367/men/100-metres/semi-final/result,semi-final
Jimmy VICAUT,FRA,10.1,q,0.159,-0.4,27/08/2011 00:00:00,,World Athletics |  100 Metres Result | 13th IAAF World Championships in Athletics,https://worldathletics.org/results/world-athletics-championships/2011/13th-iaaf-world-championships-in-athletics-7003367/men/100-metres/semi-final/result,semi-final
Daniel Bailey,ANT,10.14,q,0.153,-0.4,27/08/2011 00:00:00,,World Athletics |  100 Metres Result | 13th IAAF World Championships in Athletics,https://worldathletics.org/results/world-athletics-championships/2011/13th-iaaf-world-championships-in-athletics-7003367/men/100-metres/semi-final/result,semi-final
Keston Bledman,TTO,10.14,,0.138,-0.4,27/08/2011 00:00:00,,World Athletics |  100 Metres Result | 13th IAAF World Championships in Athletics,https://worldathletics.org/results/world-athletics-championships/2011/13th-iaaf-world-championships-in-athletics-7003367/men/100-metres/semi-final/result,semi-final
Andrew Hines,BAR,10.32,,0.159,-0.4,27/08/2011 00:00:00,,World Athletics |  100 Metres Result | 13th IAAF World Championships in Athletics,https://worldathletics.org/results/world-athletics-championships/2011/13th-iaaf-world-championships-in-athletics-7003367/men/100-metres/semi-final/result,semi-final
Ángel David RODRÍGUEZ,ESP,10.49,,0.17,-0.4,27/08/2011 00:00:00,,World Athletics |  100 Metres Result | 13th IAAF World Championships in Athletics,https://worldathletics.org/results/world-athletics-championships/2011/13th-iaaf-world-championships-in-athletics-7003367/men/100-metres/semi-final/result,semi-final
Dwain Chambers,GBR,,DQ,-0.137,-0.4,27/08/2011 00:00:00,,World Athletics |  100 Metres Result | 13th IAAF World Championships in Athletics,https://worldathletics.org/results/world-athletics-championships/2011/13th-iaaf-world-championships-in-athletics-7003367/men/100-metres/semi-final/result,semi-final
Kim COLLINS,SKN,10.13,Q,0.158,-1.7,27/08/2011 00:00:00,,World Athletics |  100 Metres Result | 13th IAAF World Championships in Athletics,https://worldathletics.org/results/world-athletics-championships/2011/13th-iaaf-world-championships-in-athletics-7003367/men/100-metres/heats/result,heats
Trell Kimmons,USA,10.32,Q,0.146,-1.7,27/08/2011 00:00:00,,World Athletics |  100 Metres Result | 13th IAAF World Championships in Athletics,https://worldathletics.org/results/world-athletics-championships/2011/13th-iaaf-world-championships-in-athletics-7003367/men/100-metres/heats/result,heats
Richard THOMPSON,TTO,10.34,Q,0.193,-1.7,27/08/2011 00:00:00,,World Athletics |  100 Metres Result | 13th IAAF World Championships in Athletics,https://worldathletics.org/results/world-athletics-championships/2011/13th-iaaf-world-championships-in-athletics-7003367/men/100-metres/heats/result,heats
Suwaibou Sanneh,GAM,10.5,,0.21,-1.7,27/08/2011 00:00:00,,World Athletics |  100 Metres Result | 13th IAAF World Championships in Athletics,https://worldathletics.org/results/world-athletics-championships/2011/13th-iaaf-world-championships-in-athletics-7003367/men/100-metres/heats/result,heats
Ronalds Arajs,LAT,10.52,,0.169,-1.7,27/08/2011 00:00:00,,World Athletics |  100 Metres Result | 13th IAAF World Championships in Athletics,https://worldathletics.org/results/world-athletics-championships/2011/13th-iaaf-world-championships-in-athletics-7003367/men/100-metres/heats/result,heats
Peter Emelieze,NGR,10.58,,0.19,-1.7,27/08/2011 00:00:00,,World Athletics |  100 Metres Result | 13th IAAF World Championships in Athletics,https://worldathletics.org/results/world-athletics-championships/2011/13th-iaaf-world-championships-in-athletics-7003367/men/100-metres/heats/result,heats
Devilert Arsene Kimbembe,CGO,10.94,,0.355,-1.7,27/08/2011 00:00:00,,World Athletics |  100 Metres Result | 13th IAAF World Championships in Athletics,https://worldathletics.org/results/world-athletics-championships/2011/13th-iaaf-world-championships-in-athletics-7003367/men/100-metres/heats/result,heats
Adrian Griffith,BAH,,DQ,-0.091,-1.7,27/08/2011 00:00:00,,World Athletics |  100 Metres Result | 13th IAAF World Championships in Athletics,https://worldathletics.org/results/world-athletics-championships/2011/13th-iaaf-world-championships-in-athletics-7003367/men/100-metres/heats/result,heats
Adam GEMILI,GBR,10.08,Q,,0.7,18/08/2019 00:00:00,Birmingham,World Athletics |  100 Metres Result | Müller Grand Prix,https://worldathletics.org/results/diamond-league-meetings/2019/muller-grand-prix-6537/men/100-metres/heats/result,heats
Christopher BELCHER,USA,10.09,Q,,0.7,18/08/2019 00:00:00,Birmingham,World Athletics |  100 Metres Result | Müller Grand Prix,https://worldathletics.org/results/diamond-league-meetings/2019/muller-grand-prix-6537/men/100-metres/heats/result,heats
Andre DE GRASSE,CAN,10.14,Q,,0.7,18/08/2019 00:00:00,Birmingham,World Athletics |  100 Metres Result | Müller Grand Prix,https://worldathletics.org/results/diamond-league-meetings/2019/muller-grand-prix-6537/men/100-metres/heats/result,heats
Akani SIMBINE,RSA,10.15,q,,0.7,18/08/2019 00:00:00,Birmingham,World Athletics |  100 Metres Result | Müller Grand Prix,https://worldathletics.org/results/diamond-league-meetings/2019/muller-grand-prix-6537/men/100-metres/heats/result,heats
Tyquendo TRACEY,JAM,10.19,q,,0.7,18/08/2019 00:00:00,Birmingham,World Athletics |  100 Metres Result | Müller Grand Prix,https://worldathletics.org/results/diamond-league-meetings/2019/muller-grand-prix-6537/men/100-metres/heats/result,heats
Yuki KOIKE,JPN,10.31,,,0.7,18/08/2019 00:00:00,Birmingham,World Athletics |  100 Metres Result | Müller Grand Prix,https://worldathletics.org/results/diamond-league-meetings/2019/muller-grand-prix-6537/men/100-metres/heats/result,heats
Cameron BURRELL,USA,10.36,,,0.7,18/08/2019 00:00:00,Birmingham,World Athletics |  100 Metres Result | Müller Grand Prix,https://worldathletics.org/results/diamond-league-meetings/2019/muller-grand-prix-6537/men/100-metres/heats/result,heats
Harry AIKINES-ARYEETEY,GBR,10.37,,,0.7,18/08/2019 00:00:00,Birmingham,World Athletics |  100 Metres Result | Müller Grand Prix,https://worldathletics.org/results/diamond-league-meetings/2019/muller-grand-prix-6537/men/100-metres/heats/result,heats
Akani SIMBINE,RSA,10.01,Q,,-0.3,20/07/2019 00:00:00,London,World Athletics |  100 Metres Result | Müller Anniversary Games,https://worldathletics.org/results/diamond-league-meetings/2019/muller-anniversary-games-6536/men/100-metres/heats/result,heats
Yohan BLAKE,JAM,10.06,Q,,-0.3,20/07/2019 00:00:00,London,World Athletics |  100 Metres Result | Müller Anniversary Games,https://worldathletics.org/results/diamond-league-meetings/2019/muller-anniversary-games-6536/men/100-metres/heats/result,heats
Adam GEMILI,GBR,10.07,Q,,-0.3,20/07/2019 00:00:00,London,World Athletics |  100 Metres Result | Müller Anniversary Games,https://worldathletics.org/results/diamond-league-meetings/2019/muller-anniversary-games-6536/men/100-metres/heats/result,heats
Yuki KOIKE,JPN,10.09,q,,-0.3,20/07/2019 00:00:00,London,World Athletics |  100 Metres Result | Müller Anniversary Games,https://worldathletics.org/results/diamond-league-meetings/2019/muller-anniversary-games-6536/men/100-metres/heats/result,heats
Arthur CISSÉ,CIV,10.17,q,,-0.3,20/07/2019 00:00:00,London,World Athletics |  100 Metres Result | Müller Anniversary Games,https://worldathletics.org/results/diamond-league-meetings/2019/muller-anniversary-games-6536/men/100-metres/heats/result,heats
Andrew ROBERTSON,GBR,10.28,,,-0.3,20/07/2019 00:00:00,London,World Athletics |  100 Metres Result | Müller Anniversary Games,https://worldathletics.org/results/diamond-league-meetings/2019/muller-anniversary-games-6536/men/100-metres/heats/result,heats
Julian FORTE,JAM,10.33,,,-0.3,20/07/2019 00:00:00,London,World Athletics |  100 Metres Result | Müller Anniversary Games,https://worldathletics.org/results/diamond-league-meetings/2019/muller-anniversary-games-6536/men/100-metres/heats/result,heats
Oliver BROMBY,GBR,10.38,,,-0.3,20/07/2019 00:00:00,London,World Athletics |  100 Metres Result | Müller Anniversary Games,https://worldathletics.org/results/diamond-league-meetings/2019/muller-anniversary-games-6536/men/100-metres/heats/result,heats
Ojie EDOBURUN,GBR,,DQ,,-0.3,20/07/2019 00:00:00,London,World Athletics |  100 Metres Result | Müller Anniversary Games,https://worldathletics.org/results/diamond-league-meetings/2019/muller-anniversary-games-6536/men/100-metres/heats/result,heats
Asafa POWELL,JAM,9.94,,,0.4,31/08/2016 00:00:00,,World Athletics |  100 Metres Result | Weltklasse Zürich,https://worldathletics.org/results/diamond-league-meetings/2016/weltklasse-zurich-5840/men/100-metres/final/result,final
Akani SIMBINE,RSA,9.99,,,0.4,31/08/2016 00:00:00,,World Athletics |  100 Metres Result | Weltklasse Zürich,https://worldathletics.org/results/diamond-league-meetings/2016/weltklasse-zurich-5840/men/100-metres/final/result,final
Ben Youssef Meité,CIV,9.99,,,0.4,31/08/2016 00:00:00,,World Athletics |  100 Metres Result | Weltklasse Zürich,https://worldathletics.org/results/diamond-league-meetings/2016/weltklasse-zurich-5840/men/100-metres/final/result,final
Kim COLLINS,SKN,10.1,,,0.4,31/08/2016 00:00:00,,World Athletics |  100 Metres Result | Weltklasse Zürich,https://worldathletics.org/results/diamond-league-meetings/2016/weltklasse-zurich-5840/men/100-metres/final/result,final
Adam GEMILI,GBR,10.11,,,0.4,31/08/2016 00:00:00,,World Athletics |  100 Metres Result | Weltklasse Zürich,https://worldathletics.org/results/diamond-league-meetings/2016/weltklasse-zurich-5840/men/100-metres/final/result,final
Omar MCLEOD,JAM,10.12,,,0.4,31/08/2016 00:00:00,,World Athletics |  100 Metres Result | Weltklasse Zürich,https://worldathletics.org/results/diamond-league-meetings/2016/weltklasse-zurich-5840/men/100-metres/final/result,final
Churandy MARTINA,NED,10.13,,,0.4,31/08/2016 00:00:00,,World Athletics |  100 Metres Result | Weltklasse Zürich,https://worldathletics.org/results/diamond-league-meetings/2016/weltklasse-zurich-5840/men/100-metres/final/result,final
Chijindu UJAH,GBR,10.13,,,0.4,31/08/2016 00:00:00,,World Athletics |  100 Metres Result | Weltklasse Zürich,https://worldathletics.org/results/diamond-league-meetings/2016/weltklasse-zurich-5840/men/100-metres/final/result,final
Michael RODGERS,USA,10.15,,,0.4,31/08/2016 00:00:00,,World Athletics |  100 Metres Result | Weltklasse Zürich,https://worldathletics.org/results/diamond-league-meetings/2016/weltklasse-zurich-5840/men/100-metres/final/result,final
Ben Youssef Meité,CIV,9.96,,,-0.1,27/08/2016 00:00:00,,World Athletics |  100 Metres Result | Paris Meeting,https://worldathletics.org/results/diamond-league-meetings/2016/paris-meeting-5845/men/100-metres/final/result,final
Akani SIMBINE,RSA,10.0,,,-0.1,27/08/2016 00:00:00,,World Athletics |  100 Metres Result | Paris Meeting,https://worldathletics.org/results/diamond-league-meetings/2016/paris-meeting-5845/men/100-metres/final/result,final
Churandy MARTINA,NED,10.01,,,-0.1,27/08/2016 00:00:00,,World Athletics |  100 Metres Result | Paris Meeting,https://worldathletics.org/results/diamond-league-meetings/2016/paris-meeting-5845/men/100-metres/final/result,final
Joel FEARON,GBR,10.05,,,-0.1,27/08/2016 00:00:00,,World Athletics |  100 Metres Result | Paris Meeting,https://worldathletics.org/results/diamond-league-meetings/2016/paris-meeting-5845/men/100-metres/final/result,final
Jimmy VICAUT,FRA,10.12,,,-0.1,27/08/2016 00:00:00,,World Athletics |  100 Metres Result | Paris Meeting,https://worldathletics.org/results/diamond-league-meetings/2016/paris-meeting-5845/men/100-metres/final/result,final
Kim COLLINS,SKN,10.12,,,-0.1,27/08/2016 00:00:00,,World Athletics |  100 Metres Result | Paris Meeting,https://worldathletics.org/results/diamond-league-meetings/2016/paris-meeting-5845/men/100-metres/final/result,final
Michael RODGERS,USA,10.14,,,-0.1,27/08/2016 00:00:00,,World Athletics |  100 Metres Result | Paris Meeting,https://worldathletics.org/results/diamond-league-meetings/2016/paris-meeting-5845/men/100-metres/final/result,final
Chijindu UJAH,GBR,10.15,,,-0.1,27/08/2016 00:00:00,,World Athletics |  100 Metres Result | Paris Meeting,https://worldathletics.org/results/diamond-league-meetings/2016/paris-meeting-5845/men/100-metres/final/result,final
Christophe LEMAITRE,FRA,,DNS,,-0.1,27/08/2016 00:00:00,,World Athletics |  100 Metres Result | Paris Meeting,https://worldathletics.org/results/diamond-league-meetings/2016/paris-meeting-5845/men/100-metres/final/result,final
Jimmy VICAUT,FRA,10.02,,,0.4,22/07/2016 00:00:00,London,World Athletics |  100 Metres Result | London Müller Anniversary Games,https://worldathletics.org/results/diamond-league-meetings/2016/london-muller-anniversary-games-5842/men/100-metres/final/result,final
Isiah YOUNG,USA,10.07,,,0.4,22/07/2016 00:00:00,London,World Athletics |  100 Metres Result | London Müller Anniversary Games,https://worldathletics.org/results/diamond-league-meetings/2016/london-muller-anniversary-games-5842/men/100-metres/final/result,final
Churandy MARTINA,NED,10.1,,,0.4,22/07/2016 00:00:00,London,World Athletics |  100 Metres Result | London Müller Anniversary Games,https://worldathletics.org/results/diamond-league-meetings/2016/london-muller-anniversary-games-5842/men/100-metres/final/result,final
Marvin BRACY,USA,10.11,,,0.4,22/07/2016 00:00:00,London,World Athletics |  100 Metres Result | London Müller Anniversary Games,https://worldathletics.org/results/diamond-league-meetings/2016/london-muller-anniversary-games-5842/men/100-metres/final/result,final
Julian FORTE,JAM,10.11,,,0.4,22/07/2016 00:00:00,London,World Athletics |  100 Metres Result | London Müller Anniversary Games,https://worldathletics.org/results/diamond-league-meetings/2016/london-muller-anniversary-games-5842/men/100-metres/final/result,final
Chijindu UJAH,GBR,10.16,,,0.4,22/07/2016 00:00:00,London,World Athletics |  100 Metres Result | London Müller Anniversary Games,https://worldathletics.org/results/diamond-league-meetings/2016/london-muller-anniversary-games-5842/men/100-metres/final/result,final
Richard KILTY,GBR,10.16,,,0.4,22/07/2016 00:00:00,London,World Athletics |  100 Metres Result | London Müller Anniversary Games,https://worldathletics.org/results/diamond-league-meetings/2016/london-muller-anniversary-games-5842/men/100-metres/final/result,final
Michael RODGERS,USA,10.19,,,0.4,22/07/2016 00:00:00,London,World Athletics |  100 Metres Result | London Müller Anniversary Games,https://worldathletics.org/results/diamond-league-meetings/2016/london-muller-anniversary-games-5842/men/100-metres/final/result,final
Kim COLLINS,SKN,12.08,,,0.4,22/07/2016 00:00:00,London,World Athletics |  100 Metres Result | London Müller Anniversary Games,https://worldathletics.org/results/diamond-league-meetings/2016/london-muller-anniversary-games-5842/men/100-metres/final/result,final
Andre DE GRASSE,CAN,10.07,,,0.6,09/06/2016 00:00:00,Oslo,World Athletics |  100 Metres Result | Oslo ExxonMobil Bislett Games,https://worldathletics.org/results/diamond-league-meetings/2016/oslo-exxonmobil-bislett-games-5847/men/100-metres/final/result,final
Michael RODGERS,USA,10.09,,,0.6,09/06/2016 00:00:00,Oslo,World Athletics |  100 Metres Result | Oslo ExxonMobil Bislett Games,https://worldathletics.org/results/diamond-league-meetings/2016/oslo-exxonmobil-bislett-games-5847/men/100-metres/final/result,final
Dentarius Locke,USA,10.12,,,0.6,09/06/2016 00:00:00,Oslo,World Athletics |  100 Metres Result | Oslo ExxonMobil Bislett Games,https://worldathletics.org/results/diamond-league-meetings/2016/oslo-exxonmobil-bislett-games-5847/men/100-metres/final/result,final
Ameer WEBB,USA,10.18,,,0.6,09/06/2016 00:00:00,Oslo,World Athletics |  100 Metres Result | Oslo ExxonMobil Bislett Games,https://worldathletics.org/results/diamond-league-meetings/2016/oslo-exxonmobil-bislett-games-5847/men/100-metres/final/result,final
Christophe LEMAITRE,FRA,10.2,,,0.6,09/06/2016 00:00:00,Oslo,World Athletics |  100 Metres Result | Oslo ExxonMobil Bislett Games,https://worldathletics.org/results/diamond-league-meetings/2016/oslo-exxonmobil-bislett-games-5847/men/100-metres/final/result,final
Sean McLean,USA,10.32,,,0.6,09/06/2016 00:00:00,Oslo,World Athletics |  100 Metres Result | Oslo ExxonMobil Bislett Games,https://worldathletics.org/results/diamond-league-meetings/2016/oslo-exxonmobil-bislett-games-5847/men/100-metres/final/result,final
Wilfried Koffi Hua,CIV,10.35,,,0.6,09/06/2016 00:00:00,Oslo,World Athletics |  100 Metres Result | Oslo ExxonMobil Bislett Games,https://worldathletics.org/results/diamond-league-meetings/2016/oslo-exxonmobil-bislett-games-5847/men/100-metres/final/result,final
Kim COLLINS,SKN,11.59,,,0.6,09/06/2016 00:00:00,Oslo,World Athletics |  100 Metres Result | Oslo ExxonMobil Bislett Games,https://worldathletics.org/results/diamond-league-meetings/2016/oslo-exxonmobil-bislett-games-5847/men/100-metres/final/result,final
Kim COLLINS,SKN,10.11,,,-0.8,05/06/2016 00:00:00,Birmingham,World Athletics |  100 Metres Result | Birmingham British Athletics GP,https://worldathletics.org/results/diamond-league-meetings/2016/birmingham-british-athletics-gp-5848/men/100-metres/final/result,final
Michael RODGERS,USA,10.11,,,-0.8,05/06/2016 00:00:00,Birmingham,World Athletics |  100 Metres Result | Birmingham British Athletics GP,https://worldathletics.org/results/diamond-league-meetings/2016/birmingham-british-athletics-gp-5848/men/100-metres/final/result,final
Chijindu UJAH,GBR,10.12,,,-0.8,05/06/2016 00:00:00,Birmingham,World Athletics |  100 Metres Result | Birmingham British Athletics GP,https://worldathletics.org/results/diamond-league-meetings/2016/birmingham-british-athletics-gp-5848/men/100-metres/final/result,final
Sean McLean,USA,10.24,,,-0.8,05/06/2016 00:00:00,Birmingham,World Athletics |  100 Metres Result | Birmingham British Athletics GP,https://worldathletics.org/results/diamond-league-meetings/2016/birmingham-british-athletics-gp-5848/men/100-metres/final/result,final
Isiah YOUNG,USA,10.25,,,-0.8,05/06/2016 00:00:00,Birmingham,World Athletics |  100 Metres Result | Birmingham British Athletics GP,https://worldathletics.org/results/diamond-league-meetings/2016/birmingham-british-athletics-gp-5848/men/100-metres/final/result,final
Adam GEMILI,GBR,10.29,,,-0.8,05/06/2016 00:00:00,Birmingham,World Athletics |  100 Metres Result | Birmingham British Athletics GP,https://worldathletics.org/results/diamond-league-meetings/2016/birmingham-british-athletics-gp-5848/men/100-metres/final/result,final
Churandy MARTINA,NED,,DQ,,-0.8,05/06/2016 00:00:00,Birmingham,World Athletics |  100 Metres Result | Birmingham British Athletics GP,https://worldathletics.org/results/diamond-league-meetings/2016/birmingham-british-athletics-gp-5848/men/100-metres/final/result,final
Aaron BROWN,CAN,,DQ,,-0.8,05/06/2016 00:00:00,Birmingham,World Athletics |  100 Metres Result | Birmingham British Athletics GP,https://worldathletics.org/results/diamond-league-meetings/2016/birmingham-british-athletics-gp-5848/men/100-metres/final/result,final
Justin GATLIN,USA,9.88,,,2.6,27/05/2016 00:00:00,,World Athletics |  100 Metres Result | Eugene Prefontaine Classic,https://worldathletics.org/results/diamond-league-meetings/2016/eugene-prefontaine-classic-5850/men/100-metres/final/result,final
Asafa POWELL,JAM,9.94,,,2.6,27/05/2016 00:00:00,,World Athletics |  100 Metres Result | Eugene Prefontaine Classic,https://worldathletics.org/results/diamond-league-meetings/2016/eugene-prefontaine-classic-5850/men/100-metres/final/result,final
Tyson GAY,USA,9.98,,,2.6,27/05/2016 00:00:00,,World Athletics |  100 Metres Result | Eugene Prefontaine Classic,https://worldathletics.org/results/diamond-league-meetings/2016/eugene-prefontaine-classic-5850/men/100-metres/final/result,final
Michael RODGERS,USA,9.99,,,2.6,27/05/2016 00:00:00,,World Athletics |  100 Metres Result | Eugene Prefontaine Classic,https://worldathletics.org/results/diamond-league-meetings/2016/eugene-prefontaine-classic-5850/men/100-metres/final/result,final
Femi OGUNODE,QAT,10.02,,,2.6,27/05/2016 00:00:00,,World Athletics |  100 Metres Result | Eugene Prefontaine Classic,https://worldathletics.org/results/diamond-league-meetings/2016/eugene-prefontaine-classic-5850/men/100-metres/final/result,final
Ameer WEBB,USA,10.03,,,2.6,27/05/2016 00:00:00,,World Athletics |  100 Metres Result | Eugene Prefontaine Classic,https://worldathletics.org/results/diamond-league-meetings/2016/eugene-prefontaine-classic-5850/men/100-metres/final/result,final
Bingtian SU,CHN,10.04,,,2.6,27/05/2016 00:00:00,,World Athletics |  100 Metres Result | Eugene Prefontaine Classic,https://worldathletics.org/results/diamond-league-meetings/2016/eugene-prefontaine-classic-5850/men/100-metres/final/result,final
Andre DE GRASSE,CAN,10.05,,,2.6,27/05/2016 00:00:00,,World Athletics |  100 Metres Result | Eugene Prefontaine Classic,https://worldathletics.org/results/diamond-league-meetings/2016/eugene-prefontaine-classic-5850/men/100-metres/final/result,final
Yohan BLAKE,JAM,10.02,,,0.2,31/08/2017 00:00:00,Bruxelles,World Athletics |  100 Metres Result | Bruxelles Memorial Van Damme,https://worldathletics.org/results/diamond-league-meetings/2017/bruxelles-memorial-van-damme-6034/men/100-metres/final/result,final
Michael RODGERS,USA,10.09,,,0.2,31/08/2017 00:00:00,Bruxelles,World Athletics |  100 Metres Result | Bruxelles Memorial Van Damme,https://worldathletics.org/results/diamond-league-meetings/2017/bruxelles-memorial-van-damme-6034/men/100-metres/final/result,final
Julian FORTE,JAM,10.12,,,0.2,31/08/2017 00:00:00,Bruxelles,World Athletics |  100 Metres Result | Bruxelles Memorial Van Damme,https://worldathletics.org/results/diamond-league-meetings/2017/bruxelles-memorial-van-damme-6034/men/100-metres/final/result,final
Asafa POWELL,JAM,10.18,,,0.2,31/08/2017 00:00:00,Bruxelles,World Athletics |  100 Metres Result | Bruxelles Memorial Van Damme,https://worldathletics.org/results/diamond-league-meetings/2017/bruxelles-memorial-van-damme-6034/men/100-metres/final/result,final
Maarten Saerens,BEL,11.23,,,0.2,31/08/2017 00:00:00,Bruxelles,World Athletics |  100 Metres Result | Bruxelles Memorial Van Damme,https://worldathletics.org/results/diamond-league-meetings/2017/bruxelles-memorial-van-damme-6034/men/100-metres/final/result,final
Isiah YOUNG,USA,10.22,,,0.2,31/08/2017 00:00:00,Bruxelles,World Athletics |  100 Metres Result | Bruxelles Memorial Van Damme,https://worldathletics.org/results/diamond-league-meetings/2017/bruxelles-memorial-van-damme-6034/men/100-metres/final/result,final
James Dasaolu,GBR,10.24,,,0.2,31/08/2017 00:00:00,Bruxelles,World Athletics |  100 Metres Result | Bruxelles Memorial Van Damme,https://worldathletics.org/results/diamond-league-meetings/2017/bruxelles-memorial-van-damme-6034/men/100-metres/final/result,final
Harry AIKINES-ARYEETEY,GBR,10.27,,,0.2,31/08/2017 00:00:00,Bruxelles,World Athletics |  100 Metres Result | Bruxelles Memorial Van Damme,https://worldathletics.org/results/diamond-league-meetings/2017/bruxelles-memorial-van-damme-6034/men/100-metres/final/result,final
Kim COLLINS,SKN,10.5,,,0.2,31/08/2017 00:00:00,Bruxelles,World Athletics |  100 Metres Result | Bruxelles Memorial Van Damme,https://worldathletics.org/results/diamond-league-meetings/2017/bruxelles-memorial-van-damme-6034/men/100-metres/final/result,final
Matthieu Davies,BEL,11.45,,,0.2,31/08/2017 00:00:00,Bruxelles,World Athletics |  100 Metres Result | Bruxelles Memorial Van Damme,https://worldathletics.org/results/diamond-league-meetings/2017/bruxelles-memorial-van-damme-6034/men/100-metres/final/result,final
Chijindu UJAH,GBR,9.97,,,0.0,23/08/2017 00:00:00,,World Athletics |  100 Metres Result | Weltklasse Zürich,https://worldathletics.org/results/diamond-league-meetings/2017/weltklasse-zurich-6035/men/100-metres/final/result,final
Ben Youssef Meité,CIV,9.97,,,0.0,23/08/2017 00:00:00,,World Athletics |  100 Metres Result | Weltklasse Zürich,https://worldathletics.org/results/diamond-league-meetings/2017/weltklasse-zurich-6035/men/100-metres/final/result,final
Ronnie BAKER,USA,10.01,,,0.0,23/08/2017 00:00:00,,World Athletics |  100 Metres Result | Weltklasse Zürich,https://worldathletics.org/results/diamond-league-meetings/2017/weltklasse-zurich-6035/men/100-metres/final/result,final
Justin GATLIN,USA,10.04,,,0.0,23/08/2017 00:00:00,,World Athletics |  100 Metres Result | Weltklasse Zürich,https://worldathletics.org/results/diamond-league-meetings/2017/weltklasse-zurich-6035/men/100-metres/final/result,final
Isiah YOUNG,USA,10.1,,,0.0,23/08/2017 00:00:00,,World Athletics |  100 Metres Result | Weltklasse Zürich,https://worldathletics.org/results/diamond-league-meetings/2017/weltklasse-zurich-6035/men/100-metres/final/result,final
Akani SIMBINE,RSA,10.1,,,0.0,23/08/2017 00:00:00,,World Athletics |  100 Metres Result | Weltklasse Zürich,https://worldathletics.org/results/diamond-league-meetings/2017/weltklasse-zurich-6035/men/100-metres/final/result,final
Asafa POWELL,JAM,10.11,,,0.0,23/08/2017 00:00:00,,World Athletics |  100 Metres Result | Weltklasse Zürich,https://worldathletics.org/results/diamond-league-meetings/2017/weltklasse-zurich-6035/men/100-metres/final/result,final
Adam GEMILI,GBR,10.13,,,0.0,23/08/2017 00:00:00,,World Athletics |  100 Metres Result | Weltklasse Zürich,https://worldathletics.org/results/diamond-league-meetings/2017/weltklasse-zurich-6035/men/100-metres/final/result,final
Alex WILSON,SUI,20.8,,,0.0,23/08/2017 00:00:00,,World Athletics |  100 Metres Result | Weltklasse Zürich,https://worldathletics.org/results/diamond-league-meetings/2017/weltklasse-zurich-6035/men/100-metres/final/result,final
Chijindu UJAH,GBR,10.08,,,-0.2,20/08/2017 00:00:00,Birmingham,World Athletics |  100 Metres Result | Birmingham Müller Grand Prix,https://worldathletics.org/results/diamond-league-meetings/2017/birmingham-muller-grand-prix-6042/men/100-metres/final/result,final
James Dasaolu,GBR,10.11,,,-0.2,20/08/2017 00:00:00,Birmingham,World Athletics |  100 Metres Result | Birmingham Müller Grand Prix,https://worldathletics.org/results/diamond-league-meetings/2017/birmingham-muller-grand-prix-6042/men/100-metres/final/result,final
Zharnel HUGHES,GBR,10.13,,,-0.2,20/08/2017 00:00:00,Birmingham,World Athletics |  100 Metres Result | Birmingham Müller Grand Prix,https://worldathletics.org/results/diamond-league-meetings/2017/birmingham-muller-grand-prix-6042/men/100-metres/final/result,final
Harry AIKINES-ARYEETEY,GBR,10.19,,,-0.2,20/08/2017 00:00:00,Birmingham,World Athletics |  100 Metres Result | Birmingham Müller Grand Prix,https://worldathletics.org/results/diamond-league-meetings/2017/birmingham-muller-grand-prix-6042/men/100-metres/final/result,final
Ojie EDOBURUN,GBR,10.25,,,-0.2,20/08/2017 00:00:00,Birmingham,World Athletics |  100 Metres Result | Birmingham Müller Grand Prix,https://worldathletics.org/results/diamond-league-meetings/2017/birmingham-muller-grand-prix-6042/men/100-metres/final/result,final
Andrew ROBERTSON,GBR,10.46,,,-0.2,20/08/2017 00:00:00,Birmingham,World Athletics |  100 Metres Result | Birmingham Müller Grand Prix,https://worldathletics.org/results/diamond-league-meetings/2017/birmingham-muller-grand-prix-6042/men/100-metres/final/result,final
Kyle de Escofet,GBR,10.78,,,-0.2,20/08/2017 00:00:00,Birmingham,World Athletics |  100 Metres Result | Birmingham Müller Grand Prix,https://worldathletics.org/results/diamond-league-meetings/2017/birmingham-muller-grand-prix-6042/men/100-metres/final/result,final
Adam GEMILI,GBR,,DQ,,-0.2,20/08/2017 00:00:00,Birmingham,World Athletics |  100 Metres Result | Birmingham Müller Grand Prix,https://worldathletics.org/results/diamond-league-meetings/2017/birmingham-muller-grand-prix-6042/men/100-metres/final/result,final
Usain BOLT,JAM,9.95,,,0.7,21/07/2017 00:00:00,Monaco,World Athletics |  100 Metres Result | Monaco Herculis,https://worldathletics.org/results/diamond-league-meetings/2017/monaco-herculis-6039/men/100-metres/final/result,final
Isiah YOUNG,USA,9.98,,,0.7,21/07/2017 00:00:00,Monaco,World Athletics |  100 Metres Result | Monaco Herculis,https://worldathletics.org/results/diamond-league-meetings/2017/monaco-herculis-6039/men/100-metres/final/result,final
Akani SIMBINE,RSA,10.02,,,0.7,21/07/2017 00:00:00,Monaco,World Athletics |  100 Metres Result | Monaco Herculis,https://worldathletics.org/results/diamond-league-meetings/2017/monaco-herculis-6039/men/100-metres/final/result,final
Chijindu UJAH,GBR,10.02,,,0.7,21/07/2017 00:00:00,Monaco,World Athletics |  100 Metres Result | Monaco Herculis,https://worldathletics.org/results/diamond-league-meetings/2017/monaco-herculis-6039/men/100-metres/final/result,final
Bingtian SU,CHN,10.06,,,0.7,21/07/2017 00:00:00,Monaco,World Athletics |  100 Metres Result | Monaco Herculis,https://worldathletics.org/results/diamond-league-meetings/2017/monaco-herculis-6039/men/100-metres/final/result,final
Michael RODGERS,USA,10.06,,,0.7,21/07/2017 00:00:00,Monaco,World Athletics |  100 Metres Result | Monaco Herculis,https://worldathletics.org/results/diamond-league-meetings/2017/monaco-herculis-6039/men/100-metres/final/result,final
Christopher BELCHER,USA,10.12,,,0.7,21/07/2017 00:00:00,Monaco,World Athletics |  100 Metres Result | Monaco Herculis,https://worldathletics.org/results/diamond-league-meetings/2017/monaco-herculis-6039/men/100-metres/final/result,final
Yunier PÉREZ,CUB,10.2,,,0.7,21/07/2017 00:00:00,Monaco,World Athletics |  100 Metres Result | Monaco Herculis,https://worldathletics.org/results/diamond-league-meetings/2017/monaco-herculis-6039/men/100-metres/final/result,final
Chijindu UJAH,GBR,9.98,,,-0.3,16/07/2017 00:00:00,Rabat,World Athletics |  100 Metres Result | Meeting International Mohammed VI d'Athletisme de Rabat,https://worldathletics.org/results/diamond-league-meetings/2017/meeting-international-mohammed-vi-dathletisme-6045/men/100-metres/final/result,final
Ben Youssef Meité,CIV,10.01,,,-0.3,16/07/2017 00:00:00,Rabat,World Athletics |  100 Metres Result | Meeting International Mohammed VI d'Athletisme de Rabat,https://worldathletics.org/results/diamond-league-meetings/2017/meeting-international-mohammed-vi-dathletisme-6045/men/100-metres/final/result,final
Nethaneel MITCHELL-BLAKE,GBR,10.18,,,-0.3,16/07/2017 00:00:00,Rabat,World Athletics |  100 Metres Result | Meeting International Mohammed VI d'Athletisme de Rabat,https://worldathletics.org/results/diamond-league-meetings/2017/meeting-international-mohammed-vi-dathletisme-6045/men/100-metres/final/result,final
Bingtian SU,CHN,10.19,,,-0.3,16/07/2017 00:00:00,Rabat,World Athletics |  100 Metres Result | Meeting International Mohammed VI d'Athletisme de Rabat,https://worldathletics.org/results/diamond-league-meetings/2017/meeting-international-mohammed-vi-dathletisme-6045/men/100-metres/final/result,final
Thando Roto,RSA,10.26,,,-0.3,16/07/2017 00:00:00,Rabat,World Athletics |  100 Metres Result | Meeting International Mohammed VI d'Athletisme de Rabat,https://worldathletics.org/results/diamond-league-meetings/2017/meeting-international-mohammed-vi-dathletisme-6045/men/100-metres/final/result,final
Keston Bledman,TTO,10.26,,,-0.3,16/07/2017 00:00:00,Rabat,World Athletics |  100 Metres Result | Meeting International Mohammed VI d'Athletisme de Rabat,https://worldathletics.org/results/diamond-league-meetings/2017/meeting-international-mohammed-vi-dathletisme-6045/men/100-metres/final/result,final
BeeJay Lee,USA,10.3,,,-0.3,16/07/2017 00:00:00,Rabat,World Athletics |  100 Metres Result | Meeting International Mohammed VI d'Athletisme de Rabat,https://worldathletics.org/results/diamond-league-meetings/2017/meeting-international-mohammed-vi-dathletisme-6045/men/100-metres/final/result,final
Churandy MARTINA,NED,10.33,,,-0.3,16/07/2017 00:00:00,Rabat,World Athletics |  100 Metres Result | Meeting International Mohammed VI d'Athletisme de Rabat,https://worldathletics.org/results/diamond-league-meetings/2017/meeting-international-mohammed-vi-dathletisme-6045/men/100-metres/final/result,final
Chijindu UJAH,GBR,10.02,,,0.3,09/07/2017 00:00:00,London,World Athletics |  100 Metres Result | London Müller Anniversary Games,https://worldathletics.org/results/diamond-league-meetings/2017/london-muller-anniversary-games-6038/men/100-metres/final/result,final
James Dasaolu,GBR,10.06,,,0.3,09/07/2017 00:00:00,London,World Athletics |  100 Metres Result | London Müller Anniversary Games,https://worldathletics.org/results/diamond-league-meetings/2017/london-muller-anniversary-games-6038/men/100-metres/final/result,final
Isiah YOUNG,USA,10.07,,,0.3,09/07/2017 00:00:00,London,World Athletics |  100 Metres Result | London Müller Anniversary Games,https://worldathletics.org/results/diamond-league-meetings/2017/london-muller-anniversary-games-6038/men/100-metres/final/result,final
Harry AIKINES-ARYEETEY,GBR,10.16,,,0.3,09/07/2017 00:00:00,London,World Athletics |  100 Metres Result | London Müller Anniversary Games,https://worldathletics.org/results/diamond-league-meetings/2017/london-muller-anniversary-games-6038/men/100-metres/final/result,final
Kim COLLINS,SKN,10.2,,,0.3,09/07/2017 00:00:00,London,World Athletics |  100 Metres Result | London Müller Anniversary Games,https://worldathletics.org/results/diamond-league-meetings/2017/london-muller-anniversary-games-6038/men/100-metres/final/result,final
Brandon CARNES,USA,10.22,,,0.3,09/07/2017 00:00:00,London,World Athletics |  100 Metres Result | London Müller Anniversary Games,https://worldathletics.org/results/diamond-league-meetings/2017/london-muller-anniversary-games-6038/men/100-metres/final/result,final
Richard KILTY,GBR,10.23,,,0.3,09/07/2017 00:00:00,London,World Athletics |  100 Metres Result | London Müller Anniversary Games,https://worldathletics.org/results/diamond-league-meetings/2017/london-muller-anniversary-games-6038/men/100-metres/final/result,final
BeeJay Lee,USA,10.33,,,0.3,09/07/2017 00:00:00,London,World Athletics |  100 Metres Result | London Müller Anniversary Games,https://worldathletics.org/results/diamond-league-meetings/2017/london-muller-anniversary-games-6038/men/100-metres/final/result,final
Joel FEARON,GBR,,DQ,,0.3,09/07/2017 00:00:00,London,World Athletics |  100 Metres Result | London Müller Anniversary Games,https://worldathletics.org/results/diamond-league-meetings/2017/london-muller-anniversary-games-6038/men/100-metres/final/result,final
Ben Youssef Meité,CIV,9.99,,,-0.1,01/07/2017 00:00:00,Paris,World Athletics |  100 Metres Result | Meeting de Paris,https://worldathletics.org/results/diamond-league-meetings/2017/meeting-de-paris-6036/men/100-metres/final/result,final
Yunier PÉREZ,CUB,10.05,,,-0.1,01/07/2017 00:00:00,Paris,World Athletics |  100 Metres Result | Meeting de Paris,https://worldathletics.org/results/diamond-league-meetings/2017/meeting-de-paris-6036/men/100-metres/final/result,final
Churandy MARTINA,NED,10.23,,,-0.1,01/07/2017 00:00:00,Paris,World Athletics |  100 Metres Result | Meeting de Paris,https://worldathletics.org/results/diamond-league-meetings/2017/meeting-de-paris-6036/men/100-metres/final/result,final
Henricho BRUINTJIES,RSA,10.23,,,-0.1,01/07/2017 00:00:00,Paris,World Athletics |  100 Metres Result | Meeting de Paris,https://worldathletics.org/results/diamond-league-meetings/2017/meeting-de-paris-6036/men/100-metres/final/result,final
Julian FORTE,JAM,10.26,,,-0.1,01/07/2017 00:00:00,Paris,World Athletics |  100 Metres Result | Meeting de Paris,https://worldathletics.org/results/diamond-league-meetings/2017/meeting-de-paris-6036/men/100-metres/final/result,final
Méba Mickaël ZEZE,FRA,10.36,,,-0.1,01/07/2017 00:00:00,Paris,World Athletics |  100 Metres Result | Meeting de Paris,https://worldathletics.org/results/diamond-league-meetings/2017/meeting-de-paris-6036/men/100-metres/final/result,final
Kim COLLINS,SKN,,DQ,,-0.1,01/07/2017 00:00:00,Paris,World Athletics |  100 Metres Result | Meeting de Paris,https://worldathletics.org/results/diamond-league-meetings/2017/meeting-de-paris-6036/men/100-metres/final/result,final
Emmanuel MATADI,LBR,,DQ,,-0.1,01/07/2017 00:00:00,Paris,World Athletics |  100 Metres Result | Meeting de Paris,https://worldathletics.org/results/diamond-league-meetings/2017/meeting-de-paris-6036/men/100-metres/final/result,final
Andre DE GRASSE,CAN,9.69,,,4.8,18/06/2017 00:00:00,Stockholm,World Athletics |  100 Metres Result | Stockholm BAUHAUS Galan,https://worldathletics.org/results/diamond-league-meetings/2017/stockholm-bauhaus-galan-6040/men/100-metres/final/result,final
Ben Youssef Meité,CIV,9.84,,,4.8,18/06/2017 00:00:00,Stockholm,World Athletics |  100 Metres Result | Stockholm BAUHAUS Galan,https://worldathletics.org/results/diamond-league-meetings/2017/stockholm-bauhaus-galan-6040/men/100-metres/final/result,final
Ryan Shields,JAM,9.89,,,4.8,18/06/2017 00:00:00,Stockholm,World Athletics |  100 Metres Result | Stockholm BAUHAUS Galan,https://worldathletics.org/results/diamond-league-meetings/2017/stockholm-bauhaus-galan-6040/men/100-metres/final/result,final
Yunier PÉREZ,CUB,9.92,,,4.8,18/06/2017 00:00:00,Stockholm,World Athletics |  100 Metres Result | Stockholm BAUHAUS Galan,https://worldathletics.org/results/diamond-league-meetings/2017/stockholm-bauhaus-galan-6040/men/100-metres/final/result,final
Julian REUS,GER,9.99,,,4.8,18/06/2017 00:00:00,Stockholm,World Athletics |  100 Metres Result | Stockholm BAUHAUS Galan,https://worldathletics.org/results/diamond-league-meetings/2017/stockholm-bauhaus-galan-6040/men/100-metres/final/result,final
Churandy MARTINA,NED,10.0,,,4.8,18/06/2017 00:00:00,Stockholm,World Athletics |  100 Metres Result | Stockholm BAUHAUS Galan,https://worldathletics.org/results/diamond-league-meetings/2017/stockholm-bauhaus-galan-6040/men/100-metres/final/result,final
Alex WILSON,SUI,10.08,,,4.8,18/06/2017 00:00:00,Stockholm,World Athletics |  100 Metres Result | Stockholm BAUHAUS Galan,https://worldathletics.org/results/diamond-league-meetings/2017/stockholm-bauhaus-galan-6040/men/100-metres/final/result,final
Austin Hamilton,SWE,10.16,,,4.8,18/06/2017 00:00:00,Stockholm,World Athletics |  100 Metres Result | Stockholm BAUHAUS Galan,https://worldathletics.org/results/diamond-league-meetings/2017/stockholm-bauhaus-galan-6040/men/100-metres/final/result,final
Andre DE GRASSE,CAN,10.01,,,0.2,15/06/2017 00:00:00,Oslo,World Athletics |  100 Metres Result | Oslo Bislett Games,https://worldathletics.org/results/diamond-league-meetings/2017/oslo-bislett-games-6041/men/100-metres/final/result,final
Chijindu UJAH,GBR,10.02,,,0.2,15/06/2017 00:00:00,Oslo,World Athletics |  100 Metres Result | Oslo Bislett Games,https://worldathletics.org/results/diamond-league-meetings/2017/oslo-bislett-games-6041/men/100-metres/final/result,final
Ben Youssef Meité,CIV,10.03,,,0.2,15/06/2017 00:00:00,Oslo,World Athletics |  100 Metres Result | Oslo Bislett Games,https://worldathletics.org/results/diamond-league-meetings/2017/oslo-bislett-games-6041/men/100-metres/final/result,final
Adam GEMILI,GBR,10.13,,,0.2,15/06/2017 00:00:00,Oslo,World Athletics |  100 Metres Result | Oslo Bislett Games,https://worldathletics.org/results/diamond-league-meetings/2017/oslo-bislett-games-6041/men/100-metres/final/result,final
Aaron BROWN,CAN,10.15,,,0.2,15/06/2017 00:00:00,Oslo,World Athletics |  100 Metres Result | Oslo Bislett Games,https://worldathletics.org/results/diamond-league-meetings/2017/oslo-bislett-games-6041/men/100-metres/final/result,final
Churandy MARTINA,NED,10.19,,,0.2,15/06/2017 00:00:00,Oslo,World Athletics |  100 Metres Result | Oslo Bislett Games,https://worldathletics.org/results/diamond-league-meetings/2017/oslo-bislett-games-6041/men/100-metres/final/result,final
Reece PRESCOD,GBR,10.2,,,0.2,15/06/2017 00:00:00,Oslo,World Athletics |  100 Metres Result | Oslo Bislett Games,https://worldathletics.org/results/diamond-league-meetings/2017/oslo-bislett-games-6041/men/100-metres/final/result,final
Jimmy VICAUT,FRA,10.68,,,0.2,15/06/2017 00:00:00,Oslo,World Athletics |  100 Metres Result | Oslo Bislett Games,https://worldathletics.org/results/diamond-league-meetings/2017/oslo-bislett-games-6041/men/100-metres/final/result,final
Chijindu UJAH,GBR,10.02,,,-0.2,08/06/2017 00:00:00,Roma,World Athletics |  100 Metres Result | Roma Golden Gala - Pietro Mennea,https://worldathletics.org/results/diamond-league-meetings/2017/roma-golden-gala-pietro-mennea-6043/men/100-metres/final/result,final
Jimmy VICAUT,FRA,10.05,,,-0.2,08/06/2017 00:00:00,Roma,World Athletics |  100 Metres Result | Roma Golden Gala - Pietro Mennea,https://worldathletics.org/results/diamond-league-meetings/2017/roma-golden-gala-pietro-mennea-6043/men/100-metres/final/result,final
Ronnie BAKER,USA,10.05,,,-0.2,08/06/2017 00:00:00,Roma,World Athletics |  100 Metres Result | Roma Golden Gala - Pietro Mennea,https://worldathletics.org/results/diamond-league-meetings/2017/roma-golden-gala-pietro-mennea-6043/men/100-metres/final/result,final
Ben Youssef Meité,CIV,10.1,,,-0.2,08/06/2017 00:00:00,Roma,World Athletics |  100 Metres Result | Roma Golden Gala - Pietro Mennea,https://worldathletics.org/results/diamond-league-meetings/2017/roma-golden-gala-pietro-mennea-6043/men/100-metres/final/result,final
Michael RODGERS,USA,10.14,,,-0.2,08/06/2017 00:00:00,Roma,World Athletics |  100 Metres Result | Roma Golden Gala - Pietro Mennea,https://worldathletics.org/results/diamond-league-meetings/2017/roma-golden-gala-pietro-mennea-6043/men/100-metres/final/result,final
Yoshihide KIRYU,JPN,10.18,,,-0.2,08/06/2017 00:00:00,Roma,World Athletics |  100 Metres Result | Roma Golden Gala - Pietro Mennea,https://worldathletics.org/results/diamond-league-meetings/2017/roma-golden-gala-pietro-mennea-6043/men/100-metres/final/result,final
Femi OGUNODE,QAT,10.21,,,-0.2,08/06/2017 00:00:00,Roma,World Athletics |  100 Metres Result | Roma Golden Gala - Pietro Mennea,https://worldathletics.org/results/diamond-league-meetings/2017/roma-golden-gala-pietro-mennea-6043/men/100-metres/final/result,final
Aaron BROWN,CAN,10.35,,,-0.2,08/06/2017 00:00:00,Roma,World Athletics |  100 Metres Result | Roma Golden Gala - Pietro Mennea,https://worldathletics.org/results/diamond-league-meetings/2017/roma-golden-gala-pietro-mennea-6043/men/100-metres/final/result,final
Federico CATTANEO,ITA,10.38,,,-0.2,08/06/2017 00:00:00,Roma,World Athletics |  100 Metres Result | Roma Golden Gala - Pietro Mennea,https://worldathletics.org/results/diamond-league-meetings/2017/roma-golden-gala-pietro-mennea-6043/men/100-metres/final/result,final
Ronnie BAKER,USA,9.86,,,2.4,26/05/2017 00:00:00,,World Athletics |  100 Metres Result | Eugene Prefontaine Classic,https://worldathletics.org/results/diamond-league-meetings/2017/eugene-prefontaine-classic-6044/men/100-metres/final/result,final
Bingtian SU,CHN,9.92,,,2.4,26/05/2017 00:00:00,,World Athletics |  100 Metres Result | Eugene Prefontaine Classic,https://worldathletics.org/results/diamond-league-meetings/2017/eugene-prefontaine-classic-6044/men/100-metres/final/result,final
Chijindu UJAH,GBR,9.95,,,2.4,26/05/2017 00:00:00,,World Athletics |  100 Metres Result | Eugene Prefontaine Classic,https://worldathletics.org/results/diamond-league-meetings/2017/eugene-prefontaine-classic-6044/men/100-metres/final/result,final
Andre DE GRASSE,CAN,9.96,,,2.4,26/05/2017 00:00:00,,World Athletics |  100 Metres Result | Eugene Prefontaine Classic,https://worldathletics.org/results/diamond-league-meetings/2017/eugene-prefontaine-classic-6044/men/100-metres/final/result,final
Justin GATLIN,USA,9.97,,,2.4,26/05/2017 00:00:00,,World Athletics |  100 Metres Result | Eugene Prefontaine Classic,https://worldathletics.org/results/diamond-league-meetings/2017/eugene-prefontaine-classic-6044/men/100-metres/final/result,final
Michael RODGERS,USA,9.98,,,2.4,26/05/2017 00:00:00,,World Athletics |  100 Metres Result | Eugene Prefontaine Classic,https://worldathletics.org/results/diamond-league-meetings/2017/eugene-prefontaine-classic-6044/men/100-metres/final/result,final
Adam GEMILI,GBR,10.03,,,2.4,26/05/2017 00:00:00,,World Athletics |  100 Metres Result | Eugene Prefontaine Classic,https://worldathletics.org/results/diamond-league-meetings/2017/eugene-prefontaine-classic-6044/men/100-metres/final/result,final
Ben Youssef Meité,CIV,10.04,,,2.4,26/05/2017 00:00:00,,World Athletics |  100 Metres Result | Eugene Prefontaine Classic,https://worldathletics.org/results/diamond-league-meetings/2017/eugene-prefontaine-classic-6044/men/100-metres/final/result,final
Bingtian SU,CHN,10.09,,,0.1,13/05/2017 00:00:00,Shanghai,World Athletics |  100 Metres Result | Shanghai IAAF Diamond League,https://worldathletics.org/results/diamond-league-meetings/2017/shanghai-iaaf-diamond-league-6046/men/100-metres/final/result,final
Michael RODGERS,USA,10.13,,,0.1,13/05/2017 00:00:00,Shanghai,World Athletics |  100 Metres Result | Shanghai IAAF Diamond League,https://worldathletics.org/results/diamond-league-meetings/2017/shanghai-iaaf-diamond-league-6046/men/100-metres/final/result,final
Ben Youssef Meité,CIV,10.15,,,0.1,13/05/2017 00:00:00,Shanghai,World Athletics |  100 Metres Result | Shanghai IAAF Diamond League,https://worldathletics.org/results/diamond-league-meetings/2017/shanghai-iaaf-diamond-league-6046/men/100-metres/final/result,final
Aska CAMBRIDGE,JPN,10.19,,,0.1,13/05/2017 00:00:00,Shanghai,World Athletics |  100 Metres Result | Shanghai IAAF Diamond League,https://worldathletics.org/results/diamond-league-meetings/2017/shanghai-iaaf-diamond-league-6046/men/100-metres/final/result,final
Abdul Hakim SANI BROWN,JPN,10.22,,,0.1,13/05/2017 00:00:00,Shanghai,World Athletics |  100 Metres Result | Shanghai IAAF Diamond League,https://worldathletics.org/results/diamond-league-meetings/2017/shanghai-iaaf-diamond-league-6046/men/100-metres/final/result,final
Kim COLLINS,SKN,10.3,,,0.1,13/05/2017 00:00:00,Shanghai,World Athletics |  100 Metres Result | Shanghai IAAF Diamond League,https://worldathletics.org/results/diamond-league-meetings/2017/shanghai-iaaf-diamond-league-6046/men/100-metres/final/result,final
Jarrion LAWSON,USA,10.51,,,0.1,13/05/2017 00:00:00,Shanghai,World Athletics |  100 Metres Result | Shanghai IAAF Diamond League,https://worldathletics.org/results/diamond-league-meetings/2017/shanghai-iaaf-diamond-league-6046/men/100-metres/final/result,final
Yoshihide KIRYU,JPN,,DQ,,0.1,13/05/2017 00:00:00,Shanghai,World Athletics |  100 Metres Result | Shanghai IAAF Diamond League,https://worldathletics.org/results/diamond-league-meetings/2017/shanghai-iaaf-diamond-league-6046/men/100-metres/final/result,final
Isiah YOUNG,USA,,DQ,,0.1,13/05/2017 00:00:00,Shanghai,World Athletics |  100 Metres Result | Shanghai IAAF Diamond League,https://worldathletics.org/results/diamond-league-meetings/2017/shanghai-iaaf-diamond-league-6046/men/100-metres/final/result,final
Akani SIMBINE,RSA,9.99,,,-1.2,05/05/2017 00:00:00,Doha,World Athletics |  100 Metres Result | Doha IAAF Diamond League,https://worldathletics.org/results/diamond-league-meetings/2017/doha-iaaf-diamond-league-6047/men/100-metres/final/result,final
Asafa POWELL,JAM,10.08,,,-1.2,05/05/2017 00:00:00,Doha,World Athletics |  100 Metres Result | Doha IAAF Diamond League,https://worldathletics.org/results/diamond-league-meetings/2017/doha-iaaf-diamond-league-6047/men/100-metres/final/result,final
Femi OGUNODE,QAT,10.13,,,-1.2,05/05/2017 00:00:00,Doha,World Athletics |  100 Metres Result | Doha IAAF Diamond League,https://worldathletics.org/results/diamond-league-meetings/2017/doha-iaaf-diamond-league-6047/men/100-metres/final/result,final
Justin GATLIN,USA,10.14,,,-1.2,05/05/2017 00:00:00,Doha,World Athletics |  100 Metres Result | Doha IAAF Diamond League,https://worldathletics.org/results/diamond-league-meetings/2017/doha-iaaf-diamond-league-6047/men/100-metres/final/result,final
Andre DE GRASSE,CAN,10.21,,,-1.2,05/05/2017 00:00:00,Doha,World Athletics |  100 Metres Result | Doha IAAF Diamond League,https://worldathletics.org/results/diamond-league-meetings/2017/doha-iaaf-diamond-league-6047/men/100-metres/final/result,final
Ben Youssef Meité,CIV,10.21,,,-1.2,05/05/2017 00:00:00,Doha,World Athletics |  100 Metres Result | Doha IAAF Diamond League,https://worldathletics.org/results/diamond-league-meetings/2017/doha-iaaf-diamond-league-6047/men/100-metres/final/result,final
Ronnie BAKER,USA,10.24,,,-1.2,05/05/2017 00:00:00,Doha,World Athletics |  100 Metres Result | Doha IAAF Diamond League,https://worldathletics.org/results/diamond-league-meetings/2017/doha-iaaf-diamond-league-6047/men/100-metres/final/result,final
Kim COLLINS,SKN,10.33,,,-1.2,05/05/2017 00:00:00,Doha,World Athletics |  100 Metres Result | Doha IAAF Diamond League,https://worldathletics.org/results/diamond-league-meetings/2017/doha-iaaf-diamond-league-6047/men/100-metres/final/result,final
Christian COLEMAN,USA,9.79,,,-0.3,30/08/2018 00:00:00,Bruxelles,World Athletics |  100 Metres Result | Bruxelles Memorial van Damme,https://worldathletics.org/results/diamond-league-meetings/2018/bruxelles-memorial-van-damme-6335/men/100-metres/final/result,final
Ronnie BAKER,USA,9.93,,,-0.3,30/08/2018 00:00:00,Bruxelles,World Athletics |  100 Metres Result | Bruxelles Memorial van Damme,https://worldathletics.org/results/diamond-league-meetings/2018/bruxelles-memorial-van-damme-6335/men/100-metres/final/result,final
Yohan BLAKE,JAM,9.94,,,-0.3,30/08/2018 00:00:00,Bruxelles,World Athletics |  100 Metres Result | Bruxelles Memorial van Damme,https://worldathletics.org/results/diamond-league-meetings/2018/bruxelles-memorial-van-damme-6335/men/100-metres/final/result,final
Reece PRESCOD,GBR,9.99,,,-0.3,30/08/2018 00:00:00,Bruxelles,World Athletics |  100 Metres Result | Bruxelles Memorial van Damme,https://worldathletics.org/results/diamond-league-meetings/2018/bruxelles-memorial-van-damme-6335/men/100-metres/final/result,final
Akani SIMBINE,RSA,10.03,,,-0.3,30/08/2018 00:00:00,Bruxelles,World Athletics |  100 Metres Result | Bruxelles Memorial van Damme,https://worldathletics.org/results/diamond-league-meetings/2018/bruxelles-memorial-van-damme-6335/men/100-metres/final/result,final
Michael RODGERS,USA,10.16,,,-0.3,30/08/2018 00:00:00,Bruxelles,World Athletics |  100 Metres Result | Bruxelles Memorial van Damme,https://worldathletics.org/results/diamond-league-meetings/2018/bruxelles-memorial-van-damme-6335/men/100-metres/final/result,final
Chijindu UJAH,GBR,10.17,,,-0.3,30/08/2018 00:00:00,Bruxelles,World Athletics |  100 Metres Result | Bruxelles Memorial van Damme,https://worldathletics.org/results/diamond-league-meetings/2018/bruxelles-memorial-van-damme-6335/men/100-metres/final/result,final
Isiah YOUNG,USA,10.26,,,-0.3,30/08/2018 00:00:00,Bruxelles,World Athletics |  100 Metres Result | Bruxelles Memorial van Damme,https://worldathletics.org/results/diamond-league-meetings/2018/bruxelles-memorial-van-damme-6335/men/100-metres/final/result,final
Christian COLEMAN,USA,9.94,,,-0.5,18/08/2018 00:00:00,Birmingham,World Athletics |  100 Metres Result | Birmingham Müller Grand Prix,https://worldathletics.org/results/diamond-league-meetings/2018/birmingham-muller-grand-prix-6348/men/100-metres/final/result,final
Reece PRESCOD,GBR,9.94,,,-0.5,18/08/2018 00:00:00,Birmingham,World Athletics |  100 Metres Result | Birmingham Müller Grand Prix,https://worldathletics.org/results/diamond-league-meetings/2018/birmingham-muller-grand-prix-6348/men/100-metres/final/result,final
Noah LYLES,USA,9.98,,,-0.5,18/08/2018 00:00:00,Birmingham,World Athletics |  100 Metres Result | Birmingham Müller Grand Prix,https://worldathletics.org/results/diamond-league-meetings/2018/birmingham-muller-grand-prix-6348/men/100-metres/final/result,final
Yohan BLAKE,JAM,9.99,,,-0.5,18/08/2018 00:00:00,Birmingham,World Athletics |  100 Metres Result | Birmingham Müller Grand Prix,https://worldathletics.org/results/diamond-league-meetings/2018/birmingham-muller-grand-prix-6348/men/100-metres/final/result,final
Zharnel HUGHES,GBR,10.05,,,-0.5,18/08/2018 00:00:00,Birmingham,World Athletics |  100 Metres Result | Birmingham Müller Grand Prix,https://worldathletics.org/results/diamond-league-meetings/2018/birmingham-muller-grand-prix-6348/men/100-metres/final/result,final
Akani SIMBINE,RSA,10.09,,,-0.5,18/08/2018 00:00:00,Birmingham,World Athletics |  100 Metres Result | Birmingham Müller Grand Prix,https://worldathletics.org/results/diamond-league-meetings/2018/birmingham-muller-grand-prix-6348/men/100-metres/final/result,final
Tyquendo TRACEY,JAM,10.15,,,-0.5,18/08/2018 00:00:00,Birmingham,World Athletics |  100 Metres Result | Birmingham Müller Grand Prix,https://worldathletics.org/results/diamond-league-meetings/2018/birmingham-muller-grand-prix-6348/men/100-metres/final/result,final
Chijindu UJAH,GBR,10.17,,,-0.5,18/08/2018 00:00:00,Birmingham,World Athletics |  100 Metres Result | Birmingham Müller Grand Prix,https://worldathletics.org/results/diamond-league-meetings/2018/birmingham-muller-grand-prix-6348/men/100-metres/final/result,final
Michael RODGERS,USA,10.22,,,-0.5,18/08/2018 00:00:00,Birmingham,World Athletics |  100 Metres Result | Birmingham Müller Grand Prix,https://worldathletics.org/results/diamond-league-meetings/2018/birmingham-muller-grand-prix-6348/men/100-metres/final/result,final
Ronnie BAKER,USA,9.9,,,0.1,21/07/2018 00:00:00,London,World Athletics |  100 Metres Result | London Müller Anniversary Games,https://worldathletics.org/results/diamond-league-meetings/2018/london-muller-anniversary-games-6333/men/100-metres/final/result,final
Zharnel HUGHES,GBR,9.93,,,0.1,21/07/2018 00:00:00,London,World Athletics |  100 Metres Result | London Müller Anniversary Games,https://worldathletics.org/results/diamond-league-meetings/2018/london-muller-anniversary-games-6333/men/100-metres/final/result,final
Akani SIMBINE,RSA,9.94,,,0.1,21/07/2018 00:00:00,London,World Athletics |  100 Metres Result | London Müller Anniversary Games,https://worldathletics.org/results/diamond-league-meetings/2018/london-muller-anniversary-games-6333/men/100-metres/final/result,final
Yohan BLAKE,JAM,9.95,,,0.1,21/07/2018 00:00:00,London,World Athletics |  100 Metres Result | London Müller Anniversary Games,https://worldathletics.org/results/diamond-league-meetings/2018/london-muller-anniversary-games-6333/men/100-metres/final/result,final
Michael RODGERS,USA,9.98,,,0.1,21/07/2018 00:00:00,London,World Athletics |  100 Metres Result | London Müller Anniversary Games,https://worldathletics.org/results/diamond-league-meetings/2018/london-muller-anniversary-games-6333/men/100-metres/final/result,final
Tyquendo TRACEY,JAM,9.98,,,0.1,21/07/2018 00:00:00,London,World Athletics |  100 Metres Result | London Müller Anniversary Games,https://worldathletics.org/results/diamond-league-meetings/2018/london-muller-anniversary-games-6333/men/100-metres/final/result,final
Isiah YOUNG,USA,10.01,,,0.1,21/07/2018 00:00:00,London,World Athletics |  100 Metres Result | London Müller Anniversary Games,https://worldathletics.org/results/diamond-league-meetings/2018/london-muller-anniversary-games-6333/men/100-metres/final/result,final
Zhenye XIE,CHN,10.01,,,0.1,21/07/2018 00:00:00,London,World Athletics |  100 Metres Result | London Müller Anniversary Games,https://worldathletics.org/results/diamond-league-meetings/2018/london-muller-anniversary-games-6333/men/100-metres/final/result,final
Cameron BURRELL,USA,10.07,,,0.1,21/07/2018 00:00:00,London,World Athletics |  100 Metres Result | London Müller Anniversary Games,https://worldathletics.org/results/diamond-league-meetings/2018/london-muller-anniversary-games-6333/men/100-metres/final/result,final
Christian COLEMAN,USA,9.98,,,-0.4,13/07/2018 00:00:00,Rabat,World Athletics |  100 Metres Result | Meeting International Mohammed VI d'Athletisme de Rabat,https://worldathletics.org/results/diamond-league-meetings/2018/meeting-international-mohammed-vi-dathletisme-6331/men/100-metres/final/result,final
Ronnie BAKER,USA,9.98,,,-0.4,13/07/2018 00:00:00,Rabat,World Athletics |  100 Metres Result | Meeting International Mohammed VI d'Athletisme de Rabat,https://worldathletics.org/results/diamond-league-meetings/2018/meeting-international-mohammed-vi-dathletisme-6331/men/100-metres/final/result,final
Noah LYLES,USA,9.99,,,-0.4,13/07/2018 00:00:00,Rabat,World Athletics |  100 Metres Result | Meeting International Mohammed VI d'Athletisme de Rabat,https://worldathletics.org/results/diamond-league-meetings/2018/meeting-international-mohammed-vi-dathletisme-6331/men/100-metres/final/result,final
Michael RODGERS,USA,10.01,,,-0.4,13/07/2018 00:00:00,Rabat,World Athletics |  100 Metres Result | Meeting International Mohammed VI d'Athletisme de Rabat,https://worldathletics.org/results/diamond-league-meetings/2018/meeting-international-mohammed-vi-dathletisme-6331/men/100-metres/final/result,final
Reece PRESCOD,GBR,10.09,,,-0.4,13/07/2018 00:00:00,Rabat,World Athletics |  100 Metres Result | Meeting International Mohammed VI d'Athletisme de Rabat,https://worldathletics.org/results/diamond-league-meetings/2018/meeting-international-mohammed-vi-dathletisme-6331/men/100-metres/final/result,final
Chijindu UJAH,GBR,10.19,,,-0.4,13/07/2018 00:00:00,Rabat,World Athletics |  100 Metres Result | Meeting International Mohammed VI d'Athletisme de Rabat,https://worldathletics.org/results/diamond-league-meetings/2018/meeting-international-mohammed-vi-dathletisme-6331/men/100-metres/final/result,final
Yoshihide KIRYU,JPN,10.2,,,-0.4,13/07/2018 00:00:00,Rabat,World Athletics |  100 Metres Result | Meeting International Mohammed VI d'Athletisme de Rabat,https://worldathletics.org/results/diamond-league-meetings/2018/meeting-international-mohammed-vi-dathletisme-6331/men/100-metres/final/result,final
Arthur CISSÉ,CIV,10.22,,,-0.4,13/07/2018 00:00:00,Rabat,World Athletics |  100 Metres Result | Meeting International Mohammed VI d'Athletisme de Rabat,https://worldathletics.org/results/diamond-league-meetings/2018/meeting-international-mohammed-vi-dathletisme-6331/men/100-metres/final/result,final
Abdullah Abkar MOHAMMED,KSA,10.3,,,-0.4,13/07/2018 00:00:00,Rabat,World Athletics |  100 Metres Result | Meeting International Mohammed VI d'Athletisme de Rabat,https://worldathletics.org/results/diamond-league-meetings/2018/meeting-international-mohammed-vi-dathletisme-6331/men/100-metres/final/result,final
Ronnie BAKER,USA,9.88,,,0.8,30/06/2018 00:00:00,Paris,World Athletics |  100 Metres Result | Meeting de Paris,https://worldathletics.org/results/diamond-league-meetings/2018/meeting-de-paris-6329/men/100-metres/final/result,final
Jimmy VICAUT,FRA,9.91,,,0.8,30/06/2018 00:00:00,Paris,World Athletics |  100 Metres Result | Meeting de Paris,https://worldathletics.org/results/diamond-league-meetings/2018/meeting-de-paris-6329/men/100-metres/final/result,final
Bingtian SU,CHN,9.91,,,0.8,30/06/2018 00:00:00,Paris,World Athletics |  100 Metres Result | Meeting de Paris,https://worldathletics.org/results/diamond-league-meetings/2018/meeting-de-paris-6329/men/100-metres/final/result,final
Akani SIMBINE,RSA,9.94,,,0.8,30/06/2018 00:00:00,Paris,World Athletics |  100 Metres Result | Meeting de Paris,https://worldathletics.org/results/diamond-league-meetings/2018/meeting-de-paris-6329/men/100-metres/final/result,final
Yohan BLAKE,JAM,10.03,,,0.8,30/06/2018 00:00:00,Paris,World Athletics |  100 Metres Result | Meeting de Paris,https://worldathletics.org/results/diamond-league-meetings/2018/meeting-de-paris-6329/men/100-metres/final/result,final
Michael RODGERS,USA,10.1,,,0.8,30/06/2018 00:00:00,Paris,World Athletics |  100 Metres Result | Meeting de Paris,https://worldathletics.org/results/diamond-league-meetings/2018/meeting-de-paris-6329/men/100-metres/final/result,final
Arthur CISSÉ,CIV,10.15,,,0.8,30/06/2018 00:00:00,Paris,World Athletics |  100 Metres Result | Meeting de Paris,https://worldathletics.org/results/diamond-league-meetings/2018/meeting-de-paris-6329/men/100-metres/final/result,final
Jeffery Demps,USA,10.23,,,0.8,30/06/2018 00:00:00,Paris,World Athletics |  100 Metres Result | Meeting de Paris,https://worldathletics.org/results/diamond-league-meetings/2018/meeting-de-paris-6329/men/100-metres/final/result,final
Hassan TAFTIAN,IRI,10.07,,,2.0,10/06/2018 00:00:00,Stockholm,World Athletics |  100 Metres Result | Stockholm BAUHAUS-galan,https://worldathletics.org/results/diamond-league-meetings/2018/stockholm-bauhaus-galan-6328/men/100-metres/final/result,final
Yoshihide KIRYU,JPN,10.15,,,2.0,10/06/2018 00:00:00,Stockholm,World Athletics |  100 Metres Result | Stockholm BAUHAUS-galan,https://worldathletics.org/results/diamond-league-meetings/2018/stockholm-bauhaus-galan-6328/men/100-metres/final/result,final
Gavin SMELLIE,CAN,10.17,,,2.0,10/06/2018 00:00:00,Stockholm,World Athletics |  100 Metres Result | Stockholm BAUHAUS-galan,https://worldathletics.org/results/diamond-league-meetings/2018/stockholm-bauhaus-galan-6328/men/100-metres/final/result,final
Kemar HYMAN,CAY,10.28,,,2.0,10/06/2018 00:00:00,Stockholm,World Athletics |  100 Metres Result | Stockholm BAUHAUS-galan,https://worldathletics.org/results/diamond-league-meetings/2018/stockholm-bauhaus-galan-6328/men/100-metres/final/result,final
Dennis Leal,SWE,10.45,,,2.0,10/06/2018 00:00:00,Stockholm,World Athletics |  100 Metres Result | Stockholm BAUHAUS-galan,https://worldathletics.org/results/diamond-league-meetings/2018/stockholm-bauhaus-galan-6328/men/100-metres/final/result,final
Edel Rogelio AMORES,CUB,10.68,,,2.0,10/06/2018 00:00:00,Stockholm,World Athletics |  100 Metres Result | Stockholm BAUHAUS-galan,https://worldathletics.org/results/diamond-league-meetings/2018/stockholm-bauhaus-galan-6328/men/100-metres/final/result,final
Odain ROSE,SWE,10.74,,,2.0,10/06/2018 00:00:00,Stockholm,World Athletics |  100 Metres Result | Stockholm BAUHAUS-galan,https://worldathletics.org/results/diamond-league-meetings/2018/stockholm-bauhaus-galan-6328/men/100-metres/final/result,final
Eetu Rantala,FIN,10.75,,,2.0,10/06/2018 00:00:00,Stockholm,World Athletics |  100 Metres Result | Stockholm BAUHAUS-galan,https://worldathletics.org/results/diamond-league-meetings/2018/stockholm-bauhaus-galan-6328/men/100-metres/final/result,final
Ronnie BAKER,USA,9.93,,,-0.4,31/05/2018 00:00:00,Roma,World Athletics |  100 Metres Result | Roma Golden Gala - Pietro Mennea,https://worldathletics.org/results/diamond-league-meetings/2018/roma-golden-gala-pietro-mennea-6326/men/100-metres/final/result,final
Jimmy VICAUT,FRA,10.02,,,-0.4,31/05/2018 00:00:00,Roma,World Athletics |  100 Metres Result | Roma Golden Gala - Pietro Mennea,https://worldathletics.org/results/diamond-league-meetings/2018/roma-golden-gala-pietro-mennea-6326/men/100-metres/final/result,final
Filippo TORTU,ITA,10.04,,,-0.4,31/05/2018 00:00:00,Roma,World Athletics |  100 Metres Result | Roma Golden Gala - Pietro Mennea,https://worldathletics.org/results/diamond-league-meetings/2018/roma-golden-gala-pietro-mennea-6326/men/100-metres/final/result,final
Christian COLEMAN,USA,10.06,,,-0.4,31/05/2018 00:00:00,Roma,World Athletics |  100 Metres Result | Roma Golden Gala - Pietro Mennea,https://worldathletics.org/results/diamond-league-meetings/2018/roma-golden-gala-pietro-mennea-6326/men/100-metres/final/result,final
Akani SIMBINE,RSA,10.13,,,-0.4,31/05/2018 00:00:00,Roma,World Athletics |  100 Metres Result | Roma Golden Gala - Pietro Mennea,https://worldathletics.org/results/diamond-league-meetings/2018/roma-golden-gala-pietro-mennea-6326/men/100-metres/final/result,final
Michael RODGERS,USA,10.13,,,-0.4,31/05/2018 00:00:00,Roma,World Athletics |  100 Metres Result | Roma Golden Gala - Pietro Mennea,https://worldathletics.org/results/diamond-league-meetings/2018/roma-golden-gala-pietro-mennea-6326/men/100-metres/final/result,final
Lamont Marcell JACOBS,ITA,10.19,,,-0.4,31/05/2018 00:00:00,Roma,World Athletics |  100 Metres Result | Roma Golden Gala - Pietro Mennea,https://worldathletics.org/results/diamond-league-meetings/2018/roma-golden-gala-pietro-mennea-6326/men/100-metres/final/result,final
Ramil GULIYEV,TUR,10.19,,,-0.4,31/05/2018 00:00:00,Roma,World Athletics |  100 Metres Result | Roma Golden Gala - Pietro Mennea,https://worldathletics.org/results/diamond-league-meetings/2018/roma-golden-gala-pietro-mennea-6326/men/100-metres/final/result,final
Isiah YOUNG,USA,10.3,,,-0.4,31/05/2018 00:00:00,Roma,World Athletics |  100 Metres Result | Roma Golden Gala - Pietro Mennea,https://worldathletics.org/results/diamond-league-meetings/2018/roma-golden-gala-pietro-mennea-6326/men/100-metres/final/result,final
Ronnie BAKER,USA,9.78,,,2.4,25/05/2018 00:00:00,,World Athletics |  100 Metres Result | Eugene Prefontaine Classic,https://worldathletics.org/results/diamond-league-meetings/2018/eugene-prefontaine-classic-6325/men/100-metres/final/result,final
Christian COLEMAN,USA,9.84,,,2.4,25/05/2018 00:00:00,,World Athletics |  100 Metres Result | Eugene Prefontaine Classic,https://worldathletics.org/results/diamond-league-meetings/2018/eugene-prefontaine-classic-6325/men/100-metres/final/result,final
Reece PRESCOD,GBR,9.88,,,2.4,25/05/2018 00:00:00,,World Athletics |  100 Metres Result | Eugene Prefontaine Classic,https://worldathletics.org/results/diamond-league-meetings/2018/eugene-prefontaine-classic-6325/men/100-metres/final/result,final
Bingtian SU,CHN,9.9,,,2.4,25/05/2018 00:00:00,,World Athletics |  100 Metres Result | Eugene Prefontaine Classic,https://worldathletics.org/results/diamond-league-meetings/2018/eugene-prefontaine-classic-6325/men/100-metres/final/result,final
Isiah YOUNG,USA,9.94,,,2.4,25/05/2018 00:00:00,,World Athletics |  100 Metres Result | Eugene Prefontaine Classic,https://worldathletics.org/results/diamond-league-meetings/2018/eugene-prefontaine-classic-6325/men/100-metres/final/result,final
Chijindu UJAH,GBR,10.12,,,2.4,25/05/2018 00:00:00,,World Athletics |  100 Metres Result | Eugene Prefontaine Classic,https://worldathletics.org/results/diamond-league-meetings/2018/eugene-prefontaine-classic-6325/men/100-metres/final/result,final
Ben Youssef Meité,CIV,10.13,,,2.4,25/05/2018 00:00:00,,World Athletics |  100 Metres Result | Eugene Prefontaine Classic,https://worldathletics.org/results/diamond-league-meetings/2018/eugene-prefontaine-classic-6325/men/100-metres/final/result,final
Gavin SMELLIE,CAN,10.16,,,2.4,25/05/2018 00:00:00,,World Athletics |  100 Metres Result | Eugene Prefontaine Classic,https://worldathletics.org/results/diamond-league-meetings/2018/eugene-prefontaine-classic-6325/men/100-metres/final/result,final
Reece PRESCOD,GBR,10.04,,,-0.5,12/05/2018 00:00:00,Shanghai,World Athletics |  100 Metres Result | Shanghai IAAF Diamond League,https://worldathletics.org/results/diamond-league-meetings/2018/shanghai-iaaf-diamond-league-6324/men/100-metres/final/result,final
Bingtian SU,CHN,10.05,,,-0.5,12/05/2018 00:00:00,Shanghai,World Athletics |  100 Metres Result | Shanghai IAAF Diamond League,https://worldathletics.org/results/diamond-league-meetings/2018/shanghai-iaaf-diamond-league-6324/men/100-metres/final/result,final
Zhenye XIE,CHN,10.17,,,-0.5,12/05/2018 00:00:00,Shanghai,World Athletics |  100 Metres Result | Shanghai IAAF Diamond League,https://worldathletics.org/results/diamond-league-meetings/2018/shanghai-iaaf-diamond-league-6324/men/100-metres/final/result,final
Chijindu UJAH,GBR,10.18,,,-0.5,12/05/2018 00:00:00,Shanghai,World Athletics |  100 Metres Result | Shanghai IAAF Diamond League,https://worldathletics.org/results/diamond-league-meetings/2018/shanghai-iaaf-diamond-league-6324/men/100-metres/final/result,final
Isiah YOUNG,USA,10.18,,,-0.5,12/05/2018 00:00:00,Shanghai,World Athletics |  100 Metres Result | Shanghai IAAF Diamond League,https://worldathletics.org/results/diamond-league-meetings/2018/shanghai-iaaf-diamond-league-6324/men/100-metres/final/result,final
Ramil GULIYEV,TUR,10.2,,,-0.5,12/05/2018 00:00:00,Shanghai,World Athletics |  100 Metres Result | Shanghai IAAF Diamond League,https://worldathletics.org/results/diamond-league-meetings/2018/shanghai-iaaf-diamond-league-6324/men/100-metres/final/result,final
Justin GATLIN,USA,10.2,,,-0.5,12/05/2018 00:00:00,Shanghai,World Athletics |  100 Metres Result | Shanghai IAAF Diamond League,https://worldathletics.org/results/diamond-league-meetings/2018/shanghai-iaaf-diamond-league-6324/men/100-metres/final/result,final
Andre DE GRASSE,CAN,10.25,,,-0.5,12/05/2018 00:00:00,Shanghai,World Athletics |  100 Metres Result | Shanghai IAAF Diamond League,https://worldathletics.org/results/diamond-league-meetings/2018/shanghai-iaaf-diamond-league-6324/men/100-metres/final/result,final
Yoshihide KIRYU,JPN,10.26,,,-0.5,12/05/2018 00:00:00,Shanghai,World Athletics |  100 Metres Result | Shanghai IAAF Diamond League,https://worldathletics.org/results/diamond-league-meetings/2018/shanghai-iaaf-diamond-league-6324/men/100-metres/final/result,final
Christian COLEMAN,USA,9.85,,,0.9,13/06/2019 00:00:00,Oslo,World Athletics |  100 Metres Result | Oslo Bislett Games,https://worldathletics.org/results/diamond-league-meetings/2019/oslo-bislett-games-6530/men/100-metres/final/result,final
Zhenye XIE,CHN,10.01,,,0.9,13/06/2019 00:00:00,Oslo,World Athletics |  100 Metres Result | Oslo Bislett Games,https://worldathletics.org/results/diamond-league-meetings/2019/oslo-bislett-games-6530/men/100-metres/final/result,final
Michael RODGERS,USA,10.04,,,0.9,13/06/2019 00:00:00,Oslo,World Athletics |  100 Metres Result | Oslo Bislett Games,https://worldathletics.org/results/diamond-league-meetings/2019/oslo-bislett-games-6530/men/100-metres/final/result,final
Filippo TORTU,ITA,10.1,,,0.9,13/06/2019 00:00:00,Oslo,World Athletics |  100 Metres Result | Oslo Bislett Games,https://worldathletics.org/results/diamond-league-meetings/2019/oslo-bislett-games-6530/men/100-metres/final/result,final
Yuki KOIKE,JPN,10.15,,,0.9,13/06/2019 00:00:00,Oslo,World Athletics |  100 Metres Result | Oslo Bislett Games,https://worldathletics.org/results/diamond-league-meetings/2019/oslo-bislett-games-6530/men/100-metres/final/result,final
Chijindu UJAH,GBR,10.18,,,0.9,13/06/2019 00:00:00,Oslo,World Athletics |  100 Metres Result | Oslo Bislett Games,https://worldathletics.org/results/diamond-league-meetings/2019/oslo-bislett-games-6530/men/100-metres/final/result,final
Tommy RAMDHAN,GBR,10.28,,,0.9,13/06/2019 00:00:00,Oslo,World Athletics |  100 Metres Result | Oslo Bislett Games,https://worldathletics.org/results/diamond-league-meetings/2019/oslo-bislett-games-6530/men/100-metres/final/result,final
Reece PRESCOD,GBR,10.76,,,0.9,13/06/2019 00:00:00,Oslo,World Athletics |  100 Metres Result | Oslo Bislett Games,https://worldathletics.org/results/diamond-league-meetings/2019/oslo-bislett-games-6530/men/100-metres/final/result,final
Noah LYLES,USA,9.86,,,0.9,18/05/2019 00:00:00,Shanghai,World Athletics |  100 Metres Result | IAAF Diamond League,https://worldathletics.org/results/diamond-league-meetings/2019/iaaf-diamond-league-6527/men/100-metres/final/result,final
Christian COLEMAN,USA,9.86,,,0.9,18/05/2019 00:00:00,Shanghai,World Athletics |  100 Metres Result | IAAF Diamond League,https://worldathletics.org/results/diamond-league-meetings/2019/iaaf-diamond-league-6527/men/100-metres/final/result,final
Akani SIMBINE,RSA,9.95,,,0.9,18/05/2019 00:00:00,Shanghai,World Athletics |  100 Metres Result | IAAF Diamond League,https://worldathletics.org/results/diamond-league-meetings/2019/iaaf-diamond-league-6527/men/100-metres/final/result,final
Reece PRESCOD,GBR,9.97,,,0.9,18/05/2019 00:00:00,Shanghai,World Athletics |  100 Metres Result | IAAF Diamond League,https://worldathletics.org/results/diamond-league-meetings/2019/iaaf-diamond-league-6527/men/100-metres/final/result,final
Bingtian SU,CHN,10.05,,,0.9,18/05/2019 00:00:00,Shanghai,World Athletics |  100 Metres Result | IAAF Diamond League,https://worldathletics.org/results/diamond-league-meetings/2019/iaaf-diamond-league-6527/men/100-metres/final/result,final
Zhenye XIE,CHN,10.09,,,0.9,18/05/2019 00:00:00,Shanghai,World Athletics |  100 Metres Result | IAAF Diamond League,https://worldathletics.org/results/diamond-league-meetings/2019/iaaf-diamond-league-6527/men/100-metres/final/result,final
Isiah YOUNG,USA,10.14,,,0.9,18/05/2019 00:00:00,Shanghai,World Athletics |  100 Metres Result | IAAF Diamond League,https://worldathletics.org/results/diamond-league-meetings/2019/iaaf-diamond-league-6527/men/100-metres/final/result,final
Michael RODGERS,USA,10.15,,,0.9,18/05/2019 00:00:00,Shanghai,World Athletics |  100 Metres Result | IAAF Diamond League,https://worldathletics.org/results/diamond-league-meetings/2019/iaaf-diamond-league-6527/men/100-metres/final/result,final
Tyquendo TRACEY,JAM,10.18,,,0.9,18/05/2019 00:00:00,Shanghai,World Athletics |  100 Metres Result | IAAF Diamond League,https://worldathletics.org/results/diamond-league-meetings/2019/iaaf-diamond-league-6527/men/100-metres/final/result,final
Chijindu UJAH,GBR,10.14,Q,,0.1,22/07/2016 00:00:00,London,World Athletics |  100 Metres Result | London Müller Anniversary Games,https://worldathletics.org/results/diamond-league-meetings/2016/london-muller-anniversary-games-5842/men/100-metres/heats/result,heats
Marvin BRACY,USA,10.17,Q,,0.1,22/07/2016 00:00:00,London,World Athletics |  100 Metres Result | London Müller Anniversary Games,https://worldathletics.org/results/diamond-league-meetings/2016/london-muller-anniversary-games-5842/men/100-metres/heats/result,heats
Michael RODGERS,USA,10.19,Q,,0.1,22/07/2016 00:00:00,London,World Athletics |  100 Metres Result | London Müller Anniversary Games,https://worldathletics.org/results/diamond-league-meetings/2016/london-muller-anniversary-games-5842/men/100-metres/heats/result,heats
Isiah YOUNG,USA,10.21,q,,0.1,22/07/2016 00:00:00,London,World Athletics |  100 Metres Result | London Müller Anniversary Games,https://worldathletics.org/results/diamond-league-meetings/2016/london-muller-anniversary-games-5842/men/100-metres/heats/result,heats
Michael FRATER,JAM,10.23,,,0.1,22/07/2016 00:00:00,London,World Athletics |  100 Metres Result | London Müller Anniversary Games,https://worldathletics.org/results/diamond-league-meetings/2016/london-muller-anniversary-games-5842/men/100-metres/heats/result,heats
James Dasaolu,GBR,10.24,,,0.1,22/07/2016 00:00:00,London,World Athletics |  100 Metres Result | London Müller Anniversary Games,https://worldathletics.org/results/diamond-league-meetings/2016/london-muller-anniversary-games-5842/men/100-metres/heats/result,heats
Ojie EDOBURUN,GBR,10.26,,,0.1,22/07/2016 00:00:00,London,World Athletics |  100 Metres Result | London Müller Anniversary Games,https://worldathletics.org/results/diamond-league-meetings/2016/london-muller-anniversary-games-5842/men/100-metres/heats/result,heats
Aaron BROWN,CAN,10.29,,,0.1,22/07/2016 00:00:00,London,World Athletics |  100 Metres Result | London Müller Anniversary Games,https://worldathletics.org/results/diamond-league-meetings/2016/london-muller-anniversary-games-5842/men/100-metres/heats/result,heats
Solomon BOCKARIE,NED,10.32,,,0.1,22/07/2016 00:00:00,London,World Athletics |  100 Metres Result | London Müller Anniversary Games,https://worldathletics.org/results/diamond-league-meetings/2016/london-muller-anniversary-games-5842/men/100-metres/heats/result,heats
Akani SIMBINE,RSA,10.07,Q,,0.1,18/08/2018 00:00:00,Birmingham,World Athletics |  100 Metres Result | Birmingham Müller Grand Prix,https://worldathletics.org/results/diamond-league-meetings/2018/birmingham-muller-grand-prix-6348/men/100-metres/heats/result,heats
Zharnel HUGHES,GBR,10.09,Q,,0.1,18/08/2018 00:00:00,Birmingham,World Athletics |  100 Metres Result | Birmingham Müller Grand Prix,https://worldathletics.org/results/diamond-league-meetings/2018/birmingham-muller-grand-prix-6348/men/100-metres/heats/result,heats
Noah LYLES,USA,10.11,Q,,0.1,18/08/2018 00:00:00,Birmingham,World Athletics |  100 Metres Result | Birmingham Müller Grand Prix,https://worldathletics.org/results/diamond-league-meetings/2018/birmingham-muller-grand-prix-6348/men/100-metres/heats/result,heats
Chijindu UJAH,GBR,10.13,q,,0.1,18/08/2018 00:00:00,Birmingham,World Athletics |  100 Metres Result | Birmingham Müller Grand Prix,https://worldathletics.org/results/diamond-league-meetings/2018/birmingham-muller-grand-prix-6348/men/100-metres/heats/result,heats
Tyquendo TRACEY,JAM,10.25,q,,0.1,18/08/2018 00:00:00,Birmingham,World Athletics |  100 Metres Result | Birmingham Müller Grand Prix,https://worldathletics.org/results/diamond-league-meetings/2018/birmingham-muller-grand-prix-6348/men/100-metres/heats/result,heats
Harry AIKINES-ARYEETEY,GBR,10.28,,,0.1,18/08/2018 00:00:00,Birmingham,World Athletics |  100 Metres Result | Birmingham Müller Grand Prix,https://worldathletics.org/results/diamond-league-meetings/2018/birmingham-muller-grand-prix-6348/men/100-metres/heats/result,heats
Adam GEMILI,GBR,10.31,,,0.1,18/08/2018 00:00:00,Birmingham,World Athletics |  100 Metres Result | Birmingham Müller Grand Prix,https://worldathletics.org/results/diamond-league-meetings/2018/birmingham-muller-grand-prix-6348/men/100-metres/heats/result,heats
Gavin SMELLIE,CAN,10.33,,,0.1,18/08/2018 00:00:00,Birmingham,World Athletics |  100 Metres Result | Birmingham Müller Grand Prix,https://worldathletics.org/results/diamond-league-meetings/2018/birmingham-muller-grand-prix-6348/men/100-metres/heats/result,heats
Arthur CISSÉ,CIV,,DQ,,0.1,18/08/2018 00:00:00,Birmingham,World Athletics |  100 Metres Result | Birmingham Müller Grand Prix,https://worldathletics.org/results/diamond-league-meetings/2018/birmingham-muller-grand-prix-6348/men/100-metres/heats/result,heats
Zharnel HUGHES,GBR,9.97,,,0.8,21/07/2018 00:00:00,London,World Athletics |  100 Metres Result | London Müller Anniversary Games,https://worldathletics.org/results/diamond-league-meetings/2018/london-muller-anniversary-games-6333/men/100-metres/heats/result,heats
Yohan BLAKE,JAM,9.99,,,0.8,21/07/2018 00:00:00,London,World Athletics |  100 Metres Result | London Müller Anniversary Games,https://worldathletics.org/results/diamond-league-meetings/2018/london-muller-anniversary-games-6333/men/100-metres/heats/result,heats
Zhenye XIE,CHN,10.01,,,0.8,21/07/2018 00:00:00,London,World Athletics |  100 Metres Result | London Müller Anniversary Games,https://worldathletics.org/results/diamond-league-meetings/2018/london-muller-anniversary-games-6333/men/100-metres/heats/result,heats
Cameron BURRELL,USA,10.08,,,0.8,21/07/2018 00:00:00,London,World Athletics |  100 Metres Result | London Müller Anniversary Games,https://worldathletics.org/results/diamond-league-meetings/2018/london-muller-anniversary-games-6333/men/100-metres/heats/result,heats
Isiah YOUNG,USA,10.09,,,0.8,21/07/2018 00:00:00,London,World Athletics |  100 Metres Result | London Müller Anniversary Games,https://worldathletics.org/results/diamond-league-meetings/2018/london-muller-anniversary-games-6333/men/100-metres/heats/result,heats
Ojie EDOBURUN,GBR,10.1,,,0.8,21/07/2018 00:00:00,London,World Athletics |  100 Metres Result | London Müller Anniversary Games,https://worldathletics.org/results/diamond-league-meetings/2018/london-muller-anniversary-games-6333/men/100-metres/heats/result,heats
Andrew POZZI,GBR,10.44,,,0.8,21/07/2018 00:00:00,London,World Athletics |  100 Metres Result | London Müller Anniversary Games,https://worldathletics.org/results/diamond-league-meetings/2018/london-muller-anniversary-games-6333/men/100-metres/heats/result,heats
Jaylen BACON,USA,,DNS,,0.8,21/07/2018 00:00:00,London,World Athletics |  100 Metres Result | London Müller Anniversary Games,https://worldathletics.org/results/diamond-league-meetings/2018/london-muller-anniversary-games-6333/men/100-metres/heats/result,heats
Christian COLEMAN,USA,,DNS,,0.8,21/07/2018 00:00:00,London,World Athletics |  100 Metres Result | London Müller Anniversary Games,https://worldathletics.org/results/diamond-league-meetings/2018/london-muller-anniversary-games-6333/men/100-metres/heats/result,heats
Asafa POWELL,JAM,9.94,,,0.4,31/08/2016 00:00:00,Zürich,World Athletics |  100 Metres Result | Weltklasse Zürich,https://worldathletics.org/results/diamond-league-meetings/2016/weltklasse-zurich-5840/men/100-metres/final/result,final
Akani SIMBINE,RSA,9.99,,,0.4,31/08/2016 00:00:00,Zürich,World Athletics |  100 Metres Result | Weltklasse Zürich,https://worldathletics.org/results/diamond-league-meetings/2016/weltklasse-zurich-5840/men/100-metres/final/result,final
Ben Youssef Meité,CIV,9.99,,,0.4,31/08/2016 00:00:00,Zürich,World Athletics |  100 Metres Result | Weltklasse Zürich,https://worldathletics.org/results/diamond-league-meetings/2016/weltklasse-zurich-5840/men/100-metres/final/result,final
Kim COLLINS,SKN,10.1,,,0.4,31/08/2016 00:00:00,Zürich,World Athletics |  100 Metres Result | Weltklasse Zürich,https://worldathletics.org/results/diamond-league-meetings/2016/weltklasse-zurich-5840/men/100-metres/final/result,final
Adam GEMILI,GBR,10.11,,,0.4,31/08/2016 00:00:00,Zürich,World Athletics |  100 Metres Result | Weltklasse Zürich,https://worldathletics.org/results/diamond-league-meetings/2016/weltklasse-zurich-5840/men/100-metres/final/result,final
Omar MCLEOD,JAM,10.12,,,0.4,31/08/2016 00:00:00,Zürich,World Athletics |  100 Metres Result | Weltklasse Zürich,https://worldathletics.org/results/diamond-league-meetings/2016/weltklasse-zurich-5840/men/100-metres/final/result,final
Churandy MARTINA,NED,10.13,,,0.4,31/08/2016 00:00:00,Zürich,World Athletics |  100 Metres Result | Weltklasse Zürich,https://worldathletics.org/results/diamond-league-meetings/2016/weltklasse-zurich-5840/men/100-metres/final/result,final
Chijindu UJAH,GBR,10.13,,,0.4,31/08/2016 00:00:00,Zürich,World Athletics |  100 Metres Result | Weltklasse Zürich,https://worldathletics.org/results/diamond-league-meetings/2016/weltklasse-zurich-5840/men/100-metres/final/result,final
Michael RODGERS,USA,10.15,,,0.4,31/08/2016 00:00:00,Zürich,World Athletics |  100 Metres Result | Weltklasse Zürich,https://worldathletics.org/results/diamond-league-meetings/2016/weltklasse-zurich-5840/men/100-metres/final/result,final
Ben Youssef Meité,CIV,9.96,,,-0.1,27/08/2016 00:00:00,Paris-St-Denis,World Athletics |  100 Metres Result | Paris Meeting,https://worldathletics.org/results/diamond-league-meetings/2016/paris-meeting-5845/men/100-metres/final/result,final
Akani SIMBINE,RSA,10.0,,,-0.1,27/08/2016 00:00:00,Paris-St-Denis,World Athletics |  100 Metres Result | Paris Meeting,https://worldathletics.org/results/diamond-league-meetings/2016/paris-meeting-5845/men/100-metres/final/result,final
Churandy MARTINA,NED,10.01,,,-0.1,27/08/2016 00:00:00,Paris-St-Denis,World Athletics |  100 Metres Result | Paris Meeting,https://worldathletics.org/results/diamond-league-meetings/2016/paris-meeting-5845/men/100-metres/final/result,final
Joel FEARON,GBR,10.05,,,-0.1,27/08/2016 00:00:00,Paris-St-Denis,World Athletics |  100 Metres Result | Paris Meeting,https://worldathletics.org/results/diamond-league-meetings/2016/paris-meeting-5845/men/100-metres/final/result,final
Jimmy VICAUT,FRA,10.12,,,-0.1,27/08/2016 00:00:00,Paris-St-Denis,World Athletics |  100 Metres Result | Paris Meeting,https://worldathletics.org/results/diamond-league-meetings/2016/paris-meeting-5845/men/100-metres/final/result,final
Kim COLLINS,SKN,10.12,,,-0.1,27/08/2016 00:00:00,Paris-St-Denis,World Athletics |  100 Metres Result | Paris Meeting,https://worldathletics.org/results/diamond-league-meetings/2016/paris-meeting-5845/men/100-metres/final/result,final
Michael RODGERS,USA,10.14,,,-0.1,27/08/2016 00:00:00,Paris-St-Denis,World Athletics |  100 Metres Result | Paris Meeting,https://worldathletics.org/results/diamond-league-meetings/2016/paris-meeting-5845/men/100-metres/final/result,final
Chijindu UJAH,GBR,10.15,,,-0.1,27/08/2016 00:00:00,Paris-St-Denis,World Athletics |  100 Metres Result | Paris Meeting,https://worldathletics.org/results/diamond-league-meetings/2016/paris-meeting-5845/men/100-metres/final/result,final
Christophe LEMAITRE,FRA,,DNS,,-0.1,27/08/2016 00:00:00,Paris-St-Denis,World Athletics |  100 Metres Result | Paris Meeting,https://worldathletics.org/results/diamond-league-meetings/2016/paris-meeting-5845/men/100-metres/final/result,final
Justin GATLIN,USA,9.88,,,2.6,27/05/2016 00:00:00,"Eugene, OR",World Athletics |  100 Metres Result | Eugene Prefontaine Classic,https://worldathletics.org/results/diamond-league-meetings/2016/eugene-prefontaine-classic-5850/men/100-metres/final/result,final
Asafa POWELL,JAM,9.94,,,2.6,27/05/2016 00:00:00,"Eugene, OR",World Athletics |  100 Metres Result | Eugene Prefontaine Classic,https://worldathletics.org/results/diamond-league-meetings/2016/eugene-prefontaine-classic-5850/men/100-metres/final/result,final
Tyson GAY,USA,9.98,,,2.6,27/05/2016 00:00:00,"Eugene, OR",World Athletics |  100 Metres Result | Eugene Prefontaine Classic,https://worldathletics.org/results/diamond-league-meetings/2016/eugene-prefontaine-classic-5850/men/100-metres/final/result,final
Michael RODGERS,USA,9.99,,,2.6,27/05/2016 00:00:00,"Eugene, OR",World Athletics |  100 Metres Result | Eugene Prefontaine Classic,https://worldathletics.org/results/diamond-league-meetings/2016/eugene-prefontaine-classic-5850/men/100-metres/final/result,final
Femi OGUNODE,QAT,10.02,,,2.6,27/05/2016 00:00:00,"Eugene, OR",World Athletics |  100 Metres Result | Eugene Prefontaine Classic,https://worldathletics.org/results/diamond-league-meetings/2016/eugene-prefontaine-classic-5850/men/100-metres/final/result,final
Ameer WEBB,USA,10.03,,,2.6,27/05/2016 00:00:00,"Eugene, OR",World Athletics |  100 Metres Result | Eugene Prefontaine Classic,https://worldathletics.org/results/diamond-league-meetings/2016/eugene-prefontaine-classic-5850/men/100-metres/final/result,final
Bingtian SU,CHN,10.04,,,2.6,27/05/2016 00:00:00,"Eugene, OR",World Athletics |  100 Metres Result | Eugene Prefontaine Classic,https://worldathletics.org/results/diamond-league-meetings/2016/eugene-prefontaine-classic-5850/men/100-metres/final/result,final
Andre DE GRASSE,CAN,10.05,,,2.6,27/05/2016 00:00:00,"Eugene, OR",World Athletics |  100 Metres Result | Eugene Prefontaine Classic,https://worldathletics.org/results/diamond-league-meetings/2016/eugene-prefontaine-classic-5850/men/100-metres/final/result,final
Chijindu UJAH,GBR,9.97,,,0.0,23/08/2017 00:00:00,Zürich,World Athletics |  100 Metres Result | Weltklasse Zürich,https://worldathletics.org/results/diamond-league-meetings/2017/weltklasse-zurich-6035/men/100-metres/final/result,final
Ben Youssef Meité,CIV,9.97,,,0.0,23/08/2017 00:00:00,Zürich,World Athletics |  100 Metres Result | Weltklasse Zürich,https://worldathletics.org/results/diamond-league-meetings/2017/weltklasse-zurich-6035/men/100-metres/final/result,final
Ronnie BAKER,USA,10.01,,,0.0,23/08/2017 00:00:00,Zürich,World Athletics |  100 Metres Result | Weltklasse Zürich,https://worldathletics.org/results/diamond-league-meetings/2017/weltklasse-zurich-6035/men/100-metres/final/result,final
Justin GATLIN,USA,10.04,,,0.0,23/08/2017 00:00:00,Zürich,World Athletics |  100 Metres Result | Weltklasse Zürich,https://worldathletics.org/results/diamond-league-meetings/2017/weltklasse-zurich-6035/men/100-metres/final/result,final
Isiah YOUNG,USA,10.1,,,0.0,23/08/2017 00:00:00,Zürich,World Athletics |  100 Metres Result | Weltklasse Zürich,https://worldathletics.org/results/diamond-league-meetings/2017/weltklasse-zurich-6035/men/100-metres/final/result,final
Akani SIMBINE,RSA,10.1,,,0.0,23/08/2017 00:00:00,Zürich,World Athletics |  100 Metres Result | Weltklasse Zürich,https://worldathletics.org/results/diamond-league-meetings/2017/weltklasse-zurich-6035/men/100-metres/final/result,final
Asafa POWELL,JAM,10.11,,,0.0,23/08/2017 00:00:00,Zürich,World Athletics |  100 Metres Result | Weltklasse Zürich,https://worldathletics.org/results/diamond-league-meetings/2017/weltklasse-zurich-6035/men/100-metres/final/result,final
Adam GEMILI,GBR,10.13,,,0.0,23/08/2017 00:00:00,Zürich,World Athletics |  100 Metres Result | Weltklasse Zürich,https://worldathletics.org/results/diamond-league-meetings/2017/weltklasse-zurich-6035/men/100-metres/final/result,final
Alex WILSON,SUI,20.8,,,0.0,23/08/2017 00:00:00,Zürich,World Athletics |  100 Metres Result | Weltklasse Zürich,https://worldathletics.org/results/diamond-league-meetings/2017/weltklasse-zurich-6035/men/100-metres/final/result,final
Ronnie BAKER,USA,9.86,,,2.4,26/05/2017 00:00:00,"Eugene, OR",World Athletics |  100 Metres Result | Eugene Prefontaine Classic,https://worldathletics.org/results/diamond-league-meetings/2017/eugene-prefontaine-classic-6044/men/100-metres/final/result,final
Bingtian SU,CHN,9.92,,,2.4,26/05/2017 00:00:00,"Eugene, OR",World Athletics |  100 Metres Result | Eugene Prefontaine Classic,https://worldathletics.org/results/diamond-league-meetings/2017/eugene-prefontaine-classic-6044/men/100-metres/final/result,final
Chijindu UJAH,GBR,9.95,,,2.4,26/05/2017 00:00:00,"Eugene, OR",World Athletics |  100 Metres Result | Eugene Prefontaine Classic,https://worldathletics.org/results/diamond-league-meetings/2017/eugene-prefontaine-classic-6044/men/100-metres/final/result,final
Andre DE GRASSE,CAN,9.96,,,2.4,26/05/2017 00:00:00,"Eugene, OR",World Athletics |  100 Metres Result | Eugene Prefontaine Classic,https://worldathletics.org/results/diamond-league-meetings/2017/eugene-prefontaine-classic-6044/men/100-metres/final/result,final
Justin GATLIN,USA,9.97,,,2.4,26/05/2017 00:00:00,"Eugene, OR",World Athletics |  100 Metres Result | Eugene Prefontaine Classic,https://worldathletics.org/results/diamond-league-meetings/2017/eugene-prefontaine-classic-6044/men/100-metres/final/result,final
Michael RODGERS,USA,9.98,,,2.4,26/05/2017 00:00:00,"Eugene, OR",World Athletics |  100 Metres Result | Eugene Prefontaine Classic,https://worldathletics.org/results/diamond-league-meetings/2017/eugene-prefontaine-classic-6044/men/100-metres/final/result,final
Adam GEMILI,GBR,10.03,,,2.4,26/05/2017 00:00:00,"Eugene, OR",World Athletics |  100 Metres Result | Eugene Prefontaine Classic,https://worldathletics.org/results/diamond-league-meetings/2017/eugene-prefontaine-classic-6044/men/100-metres/final/result,final
Ben Youssef Meité,CIV,10.04,,,2.4,26/05/2017 00:00:00,"Eugene, OR",World Athletics |  100 Metres Result | Eugene Prefontaine Classic,https://worldathletics.org/results/diamond-league-meetings/2017/eugene-prefontaine-classic-6044/men/100-metres/final/result,final
Ronnie BAKER,USA,9.78,,,2.4,25/05/2018 00:00:00,"Eugene, OR",World Athletics |  100 Metres Result | Eugene Prefontaine Classic,https://worldathletics.org/results/diamond-league-meetings/2018/eugene-prefontaine-classic-6325/men/100-metres/final/result,final
Christian COLEMAN,USA,9.84,,,2.4,25/05/2018 00:00:00,"Eugene, OR",World Athletics |  100 Metres Result | Eugene Prefontaine Classic,https://worldathletics.org/results/diamond-league-meetings/2018/eugene-prefontaine-classic-6325/men/100-metres/final/result,final
Reece PRESCOD,GBR,9.88,,,2.4,25/05/2018 00:00:00,"Eugene, OR",World Athletics |  100 Metres Result | Eugene Prefontaine Classic,https://worldathletics.org/results/diamond-league-meetings/2018/eugene-prefontaine-classic-6325/men/100-metres/final/result,final
Bingtian SU,CHN,9.9,,,2.4,25/05/2018 00:00:00,"Eugene, OR",World Athletics |  100 Metres Result | Eugene Prefontaine Classic,https://worldathletics.org/results/diamond-league-meetings/2018/eugene-prefontaine-classic-6325/men/100-metres/final/result,final
Isiah YOUNG,USA,9.94,,,2.4,25/05/2018 00:00:00,"Eugene, OR",World Athletics |  100 Metres Result | Eugene Prefontaine Classic,https://worldathletics.org/results/diamond-league-meetings/2018/eugene-prefontaine-classic-6325/men/100-metres/final/result,final
Chijindu UJAH,GBR,10.12,,,2.4,25/05/2018 00:00:00,"Eugene, OR",World Athletics |  100 Metres Result | Eugene Prefontaine Classic,https://worldathletics.org/results/diamond-league-meetings/2018/eugene-prefontaine-classic-6325/men/100-metres/final/result,final
Ben Youssef Meité,CIV,10.13,,,2.4,25/05/2018 00:00:00,"Eugene, OR",World Athletics |  100 Metres Result | Eugene Prefontaine Classic,https://worldathletics.org/results/diamond-league-meetings/2018/eugene-prefontaine-classic-6325/men/100-metres/final/result,final
Gavin SMELLIE,CAN,10.16,,,2.4,25/05/2018 00:00:00,"Eugene, OR",World Athletics |  100 Metres Result | Eugene Prefontaine Classic,https://worldathletics.org/results/diamond-league-meetings/2018/eugene-prefontaine-classic-6325/men/100-metres/final/result,final
Noah LYLES,USA,9.98,,,-0.4,28/08/2019 00:00:00,Zürich,World Athletics |  100 Metres Result | Weltklasse Zürich,https://worldathletics.org/results/diamond-league-meetings/2019/weltklasse-zurich-6538/men/100-metres/final/result,final
Zhenye XIE,CHN,10.04,,,-0.4,28/08/2019 00:00:00,Zürich,World Athletics |  100 Metres Result | Weltklasse Zürich,https://worldathletics.org/results/diamond-league-meetings/2019/weltklasse-zurich-6538/men/100-metres/final/result,final
Yohan BLAKE,JAM,10.07,,,-0.4,28/08/2019 00:00:00,Zürich,World Athletics |  100 Metres Result | Weltklasse Zürich,https://worldathletics.org/results/diamond-league-meetings/2019/weltklasse-zurich-6538/men/100-metres/final/result,final
Justin GATLIN,USA,10.08,,,-0.4,28/08/2019 00:00:00,Zürich,World Athletics |  100 Metres Result | Weltklasse Zürich,https://worldathletics.org/results/diamond-league-meetings/2019/weltklasse-zurich-6538/men/100-metres/final/result,final
Akani SIMBINE,RSA,10.1,,,-0.4,28/08/2019 00:00:00,Zürich,World Athletics |  100 Metres Result | Weltklasse Zürich,https://worldathletics.org/results/diamond-league-meetings/2019/weltklasse-zurich-6538/men/100-metres/final/result,final
Zharnel HUGHES,GBR,10.15,,,-0.4,28/08/2019 00:00:00,Zürich,World Athletics |  100 Metres Result | Weltklasse Zürich,https://worldathletics.org/results/diamond-league-meetings/2019/weltklasse-zurich-6538/men/100-metres/final/result,final
Adam GEMILI,GBR,10.15,,,-0.4,28/08/2019 00:00:00,Zürich,World Athletics |  100 Metres Result | Weltklasse Zürich,https://worldathletics.org/results/diamond-league-meetings/2019/weltklasse-zurich-6538/men/100-metres/final/result,final
Michael RODGERS,USA,10.16,,,-0.4,28/08/2019 00:00:00,Zürich,World Athletics |  100 Metres Result | Weltklasse Zürich,https://worldathletics.org/results/diamond-league-meetings/2019/weltklasse-zurich-6538/men/100-metres/final/result,final
Alex WILSON,SUI,10.4,,,-0.4,28/08/2019 00:00:00,Zürich,World Athletics |  100 Metres Result | Weltklasse Zürich,https://worldathletics.org/results/diamond-league-meetings/2019/weltklasse-zurich-6538/men/100-metres/final/result,final
Christian COLEMAN,USA,9.81,,,-0.1,30/06/2019 00:00:00,"Palo Alto, CA",World Athletics |  100 Metres Result | Prefontaine Classic,https://worldathletics.org/results/diamond-league-meetings/2019/prefontaine-classic-6528/men/100-metres/final/result,final
Justin GATLIN,USA,9.87,,,-0.1,30/06/2019 00:00:00,"Palo Alto, CA",World Athletics |  100 Metres Result | Prefontaine Classic,https://worldathletics.org/results/diamond-league-meetings/2019/prefontaine-classic-6528/men/100-metres/final/result,final
Zharnel HUGHES,GBR,9.97,,,-0.1,30/06/2019 00:00:00,"Palo Alto, CA",World Athletics |  100 Metres Result | Prefontaine Classic,https://worldathletics.org/results/diamond-league-meetings/2019/prefontaine-classic-6528/men/100-metres/final/result,final
Cravon GILLESPIE,USA,10.05,,,-0.1,30/06/2019 00:00:00,"Palo Alto, CA",World Athletics |  100 Metres Result | Prefontaine Classic,https://worldathletics.org/results/diamond-league-meetings/2019/prefontaine-classic-6528/men/100-metres/final/result,final
Michael RODGERS,USA,10.08,,,-0.1,30/06/2019 00:00:00,"Palo Alto, CA",World Athletics |  100 Metres Result | Prefontaine Classic,https://worldathletics.org/results/diamond-league-meetings/2019/prefontaine-classic-6528/men/100-metres/final/result,final
Arthur CISSÉ,CIV,10.12,,,-0.1,30/06/2019 00:00:00,"Palo Alto, CA",World Athletics |  100 Metres Result | Prefontaine Classic,https://worldathletics.org/results/diamond-league-meetings/2019/prefontaine-classic-6528/men/100-metres/final/result,final
Filippo TORTU,ITA,10.21,,,-0.1,30/06/2019 00:00:00,"Palo Alto, CA",World Athletics |  100 Metres Result | Prefontaine Classic,https://worldathletics.org/results/diamond-league-meetings/2019/prefontaine-classic-6528/men/100-metres/final/result,final
Cameron BURRELL,USA,10.21,,,-0.1,30/06/2019 00:00:00,"Palo Alto, CA",World Athletics |  100 Metres Result | Prefontaine Classic,https://worldathletics.org/results/diamond-league-meetings/2019/prefontaine-classic-6528/men/100-metres/final/result,final
Tyquendo TRACEY,JAM,10.42,,,-0.1,30/06/2019 00:00:00,"Palo Alto, CA",World Athletics |  100 Metres Result | Prefontaine Classic,https://worldathletics.org/results/diamond-league-meetings/2019/prefontaine-classic-6528/men/100-metres/final/result,final
Fred KERLEY,USA,9.87,,,-0.4,08/09/2021 00:00:00,Zürich,World Athletics |  100 Metres Result | Weltklasse Zürich,https://worldathletics.org/results/diamond-league-meetings/2021/weltklasse-zurich-7058/men/100-metres/final/result,final
Andre DE GRASSE,CAN,9.89,,,-0.4,08/09/2021 00:00:00,Zürich,World Athletics |  100 Metres Result | Weltklasse Zürich,https://worldathletics.org/results/diamond-league-meetings/2021/weltklasse-zurich-7058/men/100-metres/final/result,final
Ronnie BAKER,USA,9.91,,,-0.4,08/09/2021 00:00:00,Zürich,World Athletics |  100 Metres Result | Weltklasse Zürich,https://worldathletics.org/results/diamond-league-meetings/2021/weltklasse-zurich-7058/men/100-metres/final/result,final
Trayvon BROMELL,USA,9.96,,,-0.4,08/09/2021 00:00:00,Zürich,World Athletics |  100 Metres Result | Weltklasse Zürich,https://worldathletics.org/results/diamond-league-meetings/2021/weltklasse-zurich-7058/men/100-metres/final/result,final
Akani SIMBINE,RSA,10.1,,,-0.4,08/09/2021 00:00:00,Zürich,World Athletics |  100 Metres Result | Weltklasse Zürich,https://worldathletics.org/results/diamond-league-meetings/2021/weltklasse-zurich-7058/men/100-metres/final/result,final
Rohan BROWNING,AUS,10.18,,,-0.4,08/09/2021 00:00:00,Zürich,World Athletics |  100 Metres Result | Weltklasse Zürich,https://worldathletics.org/results/diamond-league-meetings/2021/weltklasse-zurich-7058/men/100-metres/final/result,final
Michael RODGERS,USA,10.23,,,-0.4,08/09/2021 00:00:00,Zürich,World Athletics |  100 Metres Result | Weltklasse Zürich,https://worldathletics.org/results/diamond-league-meetings/2021/weltklasse-zurich-7058/men/100-metres/final/result,final
Silvan WICKI,SUI,10.25,,,-0.4,08/09/2021 00:00:00,Zürich,World Athletics |  100 Metres Result | Weltklasse Zürich,https://worldathletics.org/results/diamond-league-meetings/2021/weltklasse-zurich-7058/men/100-metres/final/result,final
Yupun ABEYKOON,SRI,10.25,,,-0.4,08/09/2021 00:00:00,Zürich,World Athletics |  100 Metres Result | Weltklasse Zürich,https://worldathletics.org/results/diamond-league-meetings/2021/weltklasse-zurich-7058/men/100-metres/final/result,final
Andre DE GRASSE,CAN,9.74,,,2.9,20/08/2021 00:00:00,"Eugene, OR",World Athletics |  100 Metres Result | Prefontaine Classic,https://worldathletics.org/results/diamond-league-meetings/2021/prefontaine-classic-7044/men/100-metres/final/result,final
Fred KERLEY,USA,9.78,,,2.9,20/08/2021 00:00:00,"Eugene, OR",World Athletics |  100 Metres Result | Prefontaine Classic,https://worldathletics.org/results/diamond-league-meetings/2021/prefontaine-classic-7044/men/100-metres/final/result,final
Ronnie BAKER,USA,9.82,,,2.9,20/08/2021 00:00:00,"Eugene, OR",World Athletics |  100 Metres Result | Prefontaine Classic,https://worldathletics.org/results/diamond-league-meetings/2021/prefontaine-classic-7044/men/100-metres/final/result,final
Trayvon BROMELL,USA,9.86,,,2.9,20/08/2021 00:00:00,"Eugene, OR",World Athletics |  100 Metres Result | Prefontaine Classic,https://worldathletics.org/results/diamond-league-meetings/2021/prefontaine-classic-7044/men/100-metres/final/result,final
Michael NORMAN,USA,9.9,,,2.9,20/08/2021 00:00:00,"Eugene, OR",World Athletics |  100 Metres Result | Prefontaine Classic,https://worldathletics.org/results/diamond-league-meetings/2021/prefontaine-classic-7044/men/100-metres/final/result,final
Justin GATLIN,USA,9.93,,,2.9,20/08/2021 00:00:00,"Eugene, OR",World Athletics |  100 Metres Result | Prefontaine Classic,https://worldathletics.org/results/diamond-league-meetings/2021/prefontaine-classic-7044/men/100-metres/final/result,final
Akani SIMBINE,RSA,9.95,,,2.9,20/08/2021 00:00:00,"Eugene, OR",World Athletics |  100 Metres Result | Prefontaine Classic,https://worldathletics.org/results/diamond-league-meetings/2021/prefontaine-classic-7044/men/100-metres/final/result,final
Isiah YOUNG,USA,9.98,,,2.9,20/08/2021 00:00:00,"Eugene, OR",World Athletics |  100 Metres Result | Prefontaine Classic,https://worldathletics.org/results/diamond-league-meetings/2021/prefontaine-classic-7044/men/100-metres/final/result,final
Cravon GILLESPIE,USA,10.09,,,2.9,20/08/2021 00:00:00,"Eugene, OR",World Athletics |  100 Metres Result | Prefontaine Classic,https://worldathletics.org/results/diamond-league-meetings/2021/prefontaine-classic-7044/men/100-metres/final/result,final
Noah LYLES,USA,9.79,PB,0.178,1.0,,,"
        100 Metres Result | The XXXIII Olympic Games  
    ",https://worldathletics.org/results/olympic-games/2024/the-xxxiii-olympic-games-7153115/men/100-metres/final/result,final
Kishane THOMPSON,JAM,9.79,,0.176,1.0,,,"
        100 Metres Result | The XXXIII Olympic Games  
    ",https://worldathletics.org/results/olympic-games/2024/the-xxxiii-olympic-games-7153115/men/100-metres/final/result,final
Fred KERLEY,USA,9.81,SB,0.108,1.0,,,"
        100 Metres Result | The XXXIII Olympic Games  
    ",https://worldathletics.org/results/olympic-games/2024/the-xxxiii-olympic-games-7153115/men/100-metres/final/result,final
Akani SIMBINE,RSA,9.82,NR,0.149,1.0,,,"
        100 Metres Result | The XXXIII Olympic Games  
    ",https://worldathletics.org/results/olympic-games/2024/the-xxxiii-olympic-games-7153115/men/100-metres/final/result,final
Lamont Marcell JACOBS,ITA,9.85,SB,0.114,1.0,,,"
        100 Metres Result | The XXXIII Olympic Games  
    ",https://worldathletics.org/results/olympic-games/2024/the-xxxiii-olympic-games-7153115/men/100-metres/final/result,final
Letsile TEBOGO,BOT,9.86,NR,0.178,1.0,,,"
        100 Metres Result | The XXXIII Olympic Games  
    ",https://worldathletics.org/results/olympic-games/2024/the-xxxiii-olympic-games-7153115/men/100-metres/final/result,final
Kenneth BEDNAREK,USA,9.88,,0.163,1.0,,,"
        100 Metres Result | The XXXIII Olympic Games  
    ",https://worldathletics.org/results/olympic-games/2024/the-xxxiii-olympic-games-7153115/men/100-metres/final/result,final
Oblique SEVILLE,JAM,9.91,,0.171,1.0,,,"
        100 Metres Result | The XXXIII Olympic Games  
    ",https://worldathletics.org/results/olympic-games/2024/the-xxxiii-olympic-games-7153115/men/100-metres/final/result,final
Noah LYLES,USA,9.83,=WL,0.145,0.0,,,"
        100 Metres Result | World Athletics Championships, Budapest 2023  
    ",https://worldathletics.org/results/world-athletics-championships/2023/world-athletics-championships-budapest-2023-7138987/men/100-metres/final/result,final
Letsile TEBOGO,BOT,9.88,NR,0.129,0.0,,,"
        100 Metres Result | World Athletics Championships, Budapest 2023  
    ",https://worldathletics.org/results/world-athletics-championships/2023/world-athletics-championships-budapest-2023-7138987/men/100-metres/final/result,final
Zharnel HUGHES,GBR,9.88,,0.105,0.0,,,"
        100 Metres Result | World Athletics Championships, Budapest 2023  
    ",https://worldathletics.org/results/world-athletics-championships/2023/world-athletics-championships-budapest-2023-7138987/men/100-metres/final/result,final
Oblique SEVILLE,JAM,9.88,,0.148,0.0,,,"
        100 Metres Result | World Athletics Championships, Budapest 2023  
    ",https://worldathletics.org/results/world-athletics-championships/2023/world-athletics-championships-budapest-2023-7138987/men/100-metres/final/result,final
Christian COLEMAN,USA,9.92,,0.137,0.0,,,"
        100 Metres Result | World Athletics Championships, Budapest 2023  
    ",https://worldathletics.org/results/world-athletics-championships/2023/world-athletics-championships-budapest-2023-7138987/men/100-metres/final/result,final
Abdul Hakim SANI BROWN,JPN,10.04,,0.177,0.0,,,"
        100 Metres Result | World Athletics Championships, Budapest 2023  
    ",https://worldathletics.org/results/world-athletics-championships/2023/world-athletics-championships-budapest-2023-7138987/men/100-metres/final/result,final
Ferdinand OMANYALA,KEN,10.07,,0.152,0.0,,,"
        100 Metres Result | World Athletics Championships, Budapest 2023  
    ",https://worldathletics.org/results/world-athletics-championships/2023/world-athletics-championships-budapest-2023-7138987/men/100-metres/final/result,final
Ryiem FORDE,JAM,10.08,,0.188,0.0,,,"
        100 Metres Result | World Athletics Championships, Budapest 2023  
    ",https://worldathletics.org/results/world-athletics-championships/2023/world-athletics-championships-budapest-2023-7138987/men/100-metres/final/result,final
Lamont Marcell JACOBS,ITA,9.8,AR,0.161,0.1,,,"
        100 Metres Result | The XXXII Olympic Games (Athletics)  
    ",https://worldathletics.org/results/olympic-games/2021/the-xxxii-olympic-games-7132391/men/100-metres/final/result,final
Fred KERLEY,USA,9.84,PB,0.128,0.1,,,"
        100 Metres Result | The XXXII Olympic Games (Athletics)  
    ",https://worldathletics.org/results/olympic-games/2021/the-xxxii-olympic-games-7132391/men/100-metres/final/result,final
Andre DE GRASSE,CAN,9.89,PB,0.155,0.1,,,"
        100 Metres Result | The XXXII Olympic Games (Athletics)  
    ",https://worldathletics.org/results/olympic-games/2021/the-xxxii-olympic-games-7132391/men/100-metres/final/result,final
Akani SIMBINE,RSA,9.93,,0.141,0.1,,,"
        100 Metres Result | The XXXII Olympic Games (Athletics)  
    ",https://worldathletics.org/results/olympic-games/2021/the-xxxii-olympic-games-7132391/men/100-metres/final/result,final
Ronnie BAKER,USA,9.95,,0.148,0.1,,,"
        100 Metres Result | The XXXII Olympic Games (Athletics)  
    ",https://worldathletics.org/results/olympic-games/2021/the-xxxii-olympic-games-7132391/men/100-metres/final/result,final
Bingtian SU,CHN,9.98,,0.167,0.1,,,"
        100 Metres Result | The XXXII Olympic Games (Athletics)  
    ",https://worldathletics.org/results/olympic-games/2021/the-xxxii-olympic-games-7132391/men/100-metres/final/result,final
Enoch ADEGOKE,NGR,,DNF,0.157,0.1,,,"
        100 Metres Result | The XXXII Olympic Games (Athletics)  
    ",https://worldathletics.org/results/olympic-games/2021/the-xxxii-olympic-games-7132391/men/100-metres/final/result,final
Zharnel HUGHES,GBR,,DQ,,0.1,,,"
        100 Metres Result | The XXXII Olympic Games (Athletics)  
    ",https://worldathletics.org/results/olympic-games/2021/the-xxxii-olympic-games-7132391/men/100-metres/final/result,final
Fred KERLEY,USA,9.86,,0.119,,,, FINAL | 100 Metres | Results | Oregon 22 | World Athletics Championships  ,https://worldathletics.org/competitions/world-athletics-championships/world-athletics-championships-oregon-2022-7137279/results/men/100-metres/final/result,final
Marvin BRACY,USA,9.88,,0.118,,,, FINAL | 100 Metres | Results | Oregon 22 | World Athletics Championships  ,https://worldathletics.org/competitions/world-athletics-championships/world-athletics-championships-oregon-2022-7137279/results/men/100-metres/final/result,final
Trayvon BROMELL,USA,9.88,,0.11,,,, FINAL | 100 Metres | Results | Oregon 22 | World Athletics Championships  ,https://worldathletics.org/competitions/world-athletics-championships/world-athletics-championships-oregon-2022-7137279/results/men/100-metres/final/result,final
Oblique SEVILLE,JAM,9.97,,0.154,,,, FINAL | 100 Metres | Results | Oregon 22 | World Athletics Championships  ,https://worldathletics.org/competitions/world-athletics-championships/world-athletics-championships-oregon-2022-7137279/results/men/100-metres/final/result,final
Akani SIMBINE,RSA,10.01,,0.129,,,, FINAL | 100 Metres | Results | Oregon 22 | World Athletics Championships  ,https://worldathletics.org/competitions/world-athletics-championships/world-athletics-championships-oregon-2022-7137279/results/men/100-metres/final/result,final
Christian COLEMAN,USA,10.01,,0.104,,,, FINAL | 100 Metres | Results | Oregon 22 | World Athletics Championships  ,https://worldathletics.org/competitions/world-athletics-championships/world-athletics-championships-oregon-2022-7137279/results/men/100-metres/final/result,final
Abdul Hakim SANI BROWN,JPN,10.06,,0.147,,,, FINAL | 100 Metres | Results | Oregon 22 | World Athletics Championships  ,https://worldathletics.org/competitions/world-athletics-championships/world-athletics-championships-oregon-2022-7137279/results/men/100-metres/final/result,final
Aaron BROWN,CAN,10.07,,0.155,,,, FINAL | 100 Metres | Results | Oregon 22 | World Athletics Championships  ,https://worldathletics.org/competitions/world-athletics-championships/world-athletics-championships-oregon-2022-7137279/results/men/100-metres/final/result,final
Christian COLEMAN,USA,9.76,WL,0.128,0.6,,,"
        100 Metres Result | IAAF World Athletics Championships, DOHA 2019  
    ",https://worldathletics.org/results/world-athletics-championships/2019/iaaf-world-athletics-championships-doha-2019-7125365/men/100-metres/final/result,final
Justin GATLIN,USA,9.89,,0.148,0.6,,,"
        100 Metres Result | IAAF World Athletics Championships, DOHA 2019  
    ",https://worldathletics.org/results/world-athletics-championships/2019/iaaf-world-athletics-championships-doha-2019-7125365/men/100-metres/final/result,final
Andre DE GRASSE,CAN,9.9,PB,0.14,0.6,,,"
        100 Metres Result | IAAF World Athletics Championships, DOHA 2019  
    ",https://worldathletics.org/results/world-athletics-championships/2019/iaaf-world-athletics-championships-doha-2019-7125365/men/100-metres/final/result,final
Akani SIMBINE,RSA,9.93,SB,0.117,0.6,,,"
        100 Metres Result | IAAF World Athletics Championships, DOHA 2019  
    ",https://worldathletics.org/results/world-athletics-championships/2019/iaaf-world-athletics-championships-doha-2019-7125365/men/100-metres/final/result,final
Yohan BLAKE,JAM,9.97,,0.142,0.6,,,"
        100 Metres Result | IAAF World Athletics Championships, DOHA 2019  
    ",https://worldathletics.org/results/world-athletics-championships/2019/iaaf-world-athletics-championships-doha-2019-7125365/men/100-metres/final/result,final
Zharnel HUGHES,GBR,10.03,,0.119,0.6,,,"
        100 Metres Result | IAAF World Athletics Championships, DOHA 2019  
    ",https://worldathletics.org/results/world-athletics-championships/2019/iaaf-world-athletics-championships-doha-2019-7125365/men/100-metres/final/result,final
Filippo TORTU,ITA,10.07,SB,0.158,0.6,,,"
        100 Metres Result | IAAF World Athletics Championships, DOHA 2019  
    ",https://worldathletics.org/results/world-athletics-championships/2019/iaaf-world-athletics-championships-doha-2019-7125365/men/100-metres/final/result,final
Aaron BROWN,CAN,10.08,,0.155,0.6,,,"
        100 Metres Result | IAAF World Athletics Championships, DOHA 2019  
    ",https://worldathletics.org/results/world-athletics-championships/2019/iaaf-world-athletics-championships-doha-2019-7125365/men/100-metres/final/result,final
Justin GATLIN,USA,9.92,SB,0.138,-0.8,,,"
        100 Metres Result | IAAF World Championships London 2017  
    ",https://worldathletics.org/results/world-athletics-championships/2017/iaaf-world-championships-london-2017-7093740/men/100-metres/final/result,final
Christian COLEMAN,USA,9.94,,0.123,-0.8,,,"
        100 Metres Result | IAAF World Championships London 2017  
    ",https://worldathletics.org/results/world-athletics-championships/2017/iaaf-world-championships-london-2017-7093740/men/100-metres/final/result,final
Usain BOLT,JAM,9.95,SB,0.183,-0.8,,,"
        100 Metres Result | IAAF World Championships London 2017  
    ",https://worldathletics.org/results/world-athletics-championships/2017/iaaf-world-championships-london-2017-7093740/men/100-metres/final/result,final
Yohan BLAKE,JAM,9.99,,0.137,-0.8,,,"
        100 Metres Result | IAAF World Championships London 2017  
    ",https://worldathletics.org/results/world-athletics-championships/2017/iaaf-world-championships-london-2017-7093740/men/100-metres/final/result,final
Akani SIMBINE,RSA,10.01,,0.141,-0.8,,,"
        100 Metres Result | IAAF World Championships London 2017  
    ",https://worldathletics.org/results/world-athletics-championships/2017/iaaf-world-championships-london-2017-7093740/men/100-metres/final/result,final
Jimmy VICAUT,FRA,10.08,,0.152,-0.8,,,"
        100 Metres Result | IAAF World Championships London 2017  
    ",https://worldathletics.org/results/world-athletics-championships/2017/iaaf-world-championships-london-2017-7093740/men/100-metres/final/result,final
Reece PRESCOD,GBR,10.17,,0.145,-0.8,,,"
        100 Metres Result | IAAF World Championships London 2017  
    ",https://worldathletics.org/results/world-athletics-championships/2017/iaaf-world-championships-london-2017-7093740/men/100-metres/final/result,final
Bingtian SU,CHN,10.27,,0.224,-0.8,,,"
        100 Metres Result | IAAF World Championships London 2017  
    ",https://worldathletics.org/results/world-athletics-championships/2017/iaaf-world-championships-london-2017-7093740/men/100-metres/final/result,final
Usain BOLT,JAM,9.79,SB,0.159,-0.5,,,"
        100 Metres Result | 15th IAAF World Championships  
    ",https://worldathletics.org/results/iaaf-world-championships-in-athletics/2015/15th-iaaf-world-championships-7078726/men/100-metres/final/result,final
Justin GATLIN,USA,9.8,,0.165,-0.5,,,"
        100 Metres Result | 15th IAAF World Championships  
    ",https://worldathletics.org/results/iaaf-world-championships-in-athletics/2015/15th-iaaf-world-championships-7078726/men/100-metres/final/result,final
Trayvon BROMELL,USA,9.92,,0.135,-0.5,,,"
        100 Metres Result | 15th IAAF World Championships  
    ",https://worldathletics.org/results/iaaf-world-championships-in-athletics/2015/15th-iaaf-world-championships-7078726/men/100-metres/final/result,final
Andre DE GRASSE,CAN,9.92,PB,0.136,-0.5,,,"
        100 Metres Result | 15th IAAF World Championships  
    ",https://worldathletics.org/results/iaaf-world-championships-in-athletics/2015/15th-iaaf-world-championships-7078726/men/100-metres/final/result,final
Michael RODGERS,USA,9.94,,0.139,-0.5,,,"
        100 Metres Result | 15th IAAF World Championships  
    ",https://worldathletics.org/results/iaaf-world-championships-in-athletics/2015/15th-iaaf-world-championships-7078726/men/100-metres/final/result,final
Tyson GAY,USA,10.0,,0.128,-0.5,,,"
        100 Metres Result | 15th IAAF World Championships  
    ",https://worldathletics.org/results/iaaf-world-championships-in-athletics/2015/15th-iaaf-world-championships-7078726/men/100-metres/final/result,final
Asafa POWELL,JAM,10.0,,0.144,-0.5,,,"
        100 Metres Result | 15th IAAF World Championships  
    ",https://worldathletics.org/results/iaaf-world-championships-in-athletics/2015/15th-iaaf-world-championships-7078726/men/100-metres/final/result,final
Jimmy VICAUT,FRA,10.0,,0.17,-0.5,,,"
        100 Metres Result | 15th IAAF World Championships  
    ",https://worldathletics.org/results/iaaf-world-championships-in-athletics/2015/15th-iaaf-world-championships-7078726/men/100-metres/final/result,final
Bingtian SU,CHN,10.06,,0.175,-0.5,,,"
        100 Metres Result | 15th IAAF World Championships  
    ",https://worldathletics.org/results/iaaf-world-championships-in-athletics/2015/15th-iaaf-world-championships-7078726/men/100-metres/final/result,final
Usain BOLT,JAM,9.77,SB,0.163,-0.3,,,"
        100 Metres Result | 14th IAAF World Championships  
    ",https://worldathletics.org/results/world-athletics-championships/2013/14th-iaaf-world-championships-7003368/men/100-metres/final/result,final
Justin GATLIN,USA,9.85,SB,0.163,-0.3,,,"
        100 Metres Result | 14th IAAF World Championships  
    ",https://worldathletics.org/results/world-athletics-championships/2013/14th-iaaf-world-championships-7003368/men/100-metres/final/result,final
Nesta CARTER,JAM,9.95,,0.157,-0.3,,,"
        100 Metres Result | 14th IAAF World Championships  
    ",https://worldathletics.org/results/world-athletics-championships/2013/14th-iaaf-world-championships-7003368/men/100-metres/final/result,final
Kemar BAILEY-COLE,JAM,9.98,,0.186,-0.3,,,"
        100 Metres Result | 14th IAAF World Championships  
    ",https://worldathletics.org/results/world-athletics-championships/2013/14th-iaaf-world-championships-7003368/men/100-metres/final/result,final
Nickel Ashmeade,JAM,9.98,,0.142,-0.3,,,"
        100 Metres Result | 14th IAAF World Championships  
    ",https://worldathletics.org/results/world-athletics-championships/2013/14th-iaaf-world-championships-7003368/men/100-metres/final/result,final
Michael RODGERS,USA,10.04,,0.158,-0.3,,,"
        100 Metres Result | 14th IAAF World Championships  
    ",https://worldathletics.org/results/world-athletics-championships/2013/14th-iaaf-world-championships-7003368/men/100-metres/final/result,final
Christophe LEMAITRE,FRA,10.06,,0.154,-0.3,,,"
        100 Metres Result | 14th IAAF World Championships  
    ",https://worldathletics.org/results/world-athletics-championships/2013/14th-iaaf-world-championships-7003368/men/100-metres/final/result,final
James Dasaolu,GBR,10.21,,0.177,-0.3,,,"
        100 Metres Result | 14th IAAF World Championships  
    ",https://worldathletics.org/results/world-athletics-championships/2013/14th-iaaf-world-championships-7003368/men/100-metres/final/result,final
Usain BOLT,JAM,9.63,OR,0.165,1.5,,,"
        100 Metres Result | The XXX Olympic Games  
    ",https://worldathletics.org/results/olympic-games/2012/the-xxx-olympic-games-6999193/men/100-metres/final/result,final
Yohan BLAKE,JAM,9.75,=PB,0.179,1.5,,,"
        100 Metres Result | The XXX Olympic Games  
    ",https://worldathletics.org/results/olympic-games/2012/the-xxx-olympic-games-6999193/men/100-metres/final/result,final
Justin GATLIN,USA,9.79,PB,0.178,1.5,,,"
        100 Metres Result | The XXX Olympic Games  
    ",https://worldathletics.org/results/olympic-games/2012/the-xxx-olympic-games-6999193/men/100-metres/final/result,final
Ryan BAILEY,USA,9.88,=PB,0.176,1.5,,,"
        100 Metres Result | The XXX Olympic Games  
    ",https://worldathletics.org/results/olympic-games/2012/the-xxx-olympic-games-6999193/men/100-metres/final/result,final
Churandy MARTINA,NED,9.94,,0.139,1.5,,,"
        100 Metres Result | The XXX Olympic Games  
    ",https://worldathletics.org/results/olympic-games/2012/the-xxx-olympic-games-6999193/men/100-metres/final/result,final
Richard THOMPSON,TTO,9.98,,0.16,1.5,,,"
        100 Metres Result | The XXX Olympic Games  
    ",https://worldathletics.org/results/olympic-games/2012/the-xxx-olympic-games-6999193/men/100-metres/final/result,final
Asafa POWELL,JAM,11.99,,0.155,1.5,,,"
        100 Metres Result | The XXX Olympic Games  
    ",https://worldathletics.org/results/olympic-games/2012/the-xxx-olympic-games-6999193/men/100-metres/final/result,final
Tyson GAY,USA,,DQ,0.145,1.5,,,"
        100 Metres Result | The XXX Olympic Games  
    ",https://worldathletics.org/results/olympic-games/2012/the-xxx-olympic-games-6999193/men/100-metres/final/result,final
Yohan BLAKE,JAM,9.92,SB,0.174,-1.4,,,"
        100 Metres Result | 13th IAAF World Championships in Athletics  
    ",https://worldathletics.org/results/world-athletics-championships/2011/13th-iaaf-world-championships-in-athletics-7003367/men/100-metres/final/result,final
Walter Dix,USA,10.08,,0.175,-1.4,,,"
        100 Metres Result | 13th IAAF World Championships in Athletics  
    ",https://worldathletics.org/results/world-athletics-championships/2011/13th-iaaf-world-championships-in-athletics-7003367/men/100-metres/final/result,final
Kim COLLINS,SKN,10.09,,0.155,-1.4,,,"
        100 Metres Result | 13th IAAF World Championships in Athletics  
    ",https://worldathletics.org/results/world-athletics-championships/2011/13th-iaaf-world-championships-in-athletics-7003367/men/100-metres/final/result,final
Christophe LEMAITRE,FRA,10.19,,0.179,-1.4,,,"
        100 Metres Result | 13th IAAF World Championships in Athletics  
    ",https://worldathletics.org/results/world-athletics-championships/2011/13th-iaaf-world-championships-in-athletics-7003367/men/100-metres/final/result,final
Daniel Bailey,ANT,10.26,,0.165,-1.4,,,"
        100 Metres Result | 13th IAAF World Championships in Athletics  
    ",https://worldathletics.org/results/world-athletics-championships/2011/13th-iaaf-world-championships-in-athletics-7003367/men/100-metres/final/result,final
Jimmy VICAUT,FRA,10.27,,0.162,-1.4,,,"
        100 Metres Result | 13th IAAF World Championships in Athletics  
    ",https://worldathletics.org/results/world-athletics-championships/2011/13th-iaaf-world-championships-in-athletics-7003367/men/100-metres/final/result,final
Nesta CARTER,JAM,10.95,,0.154,-1.4,,,"
        100 Metres Result | 13th IAAF World Championships in Athletics  
    ",https://worldathletics.org/results/world-athletics-championships/2011/13th-iaaf-world-championships-in-athletics-7003367/men/100-metres/final/result,final
Usain BOLT,JAM,,DQ,-0.104,-1.4,,,"
        100 Metres Result | 13th IAAF World Championships in Athletics  
    ",https://worldathletics.org/results/world-athletics-championships/2011/13th-iaaf-world-championships-in-athletics-7003367/men/100-metres/final/result,final
Asafa POWELL,JAM,9.94,,,0.4,,,"
        100 Metres Result | Weltklasse Zürich  
    ",https://worldathletics.org/results/diamond-league-meetings/2016/weltklasse-zurich-5840/men/100-metres/final/result,final
Akani SIMBINE,RSA,9.99,,,0.4,,,"
        100 Metres Result | Weltklasse Zürich  
    ",https://worldathletics.org/results/diamond-league-meetings/2016/weltklasse-zurich-5840/men/100-metres/final/result,final
Ben Youssef Meité,CIV,9.99,,,0.4,,,"
        100 Metres Result | Weltklasse Zürich  
    ",https://worldathletics.org/results/diamond-league-meetings/2016/weltklasse-zurich-5840/men/100-metres/final/result,final
Kim COLLINS,SKN,10.1,,,0.4,,,"
        100 Metres Result | Weltklasse Zürich  
    ",https://worldathletics.org/results/diamond-league-meetings/2016/weltklasse-zurich-5840/men/100-metres/final/result,final
Adam GEMILI,GBR,10.11,,,0.4,,,"
        100 Metres Result | Weltklasse Zürich  
    ",https://worldathletics.org/results/diamond-league-meetings/2016/weltklasse-zurich-5840/men/100-metres/final/result,final
Omar MCLEOD,JAM,10.12,,,0.4,,,"
        100 Metres Result | Weltklasse Zürich  
    ",https://worldathletics.org/results/diamond-league-meetings/2016/weltklasse-zurich-5840/men/100-metres/final/result,final
Churandy MARTINA,NED,10.13,,,0.4,,,"
        100 Metres Result | Weltklasse Zürich  
    ",https://worldathletics.org/results/diamond-league-meetings/2016/weltklasse-zurich-5840/men/100-metres/final/result,final
Chijindu UJAH,GBR,10.13,,,0.4,,,"
        100 Metres Result | Weltklasse Zürich  
    ",https://worldathletics.org/results/diamond-league-meetings/2016/weltklasse-zurich-5840/men/100-metres/final/result,final
Michael RODGERS,USA,10.15,,,0.4,,,"
        100 Metres Result | Weltklasse Zürich  
    ",https://worldathletics.org/results/diamond-league-meetings/2016/weltklasse-zurich-5840/men/100-metres/final/result,final
Ben Youssef Meité,CIV,9.96,,,-0.1,,,"
        100 Metres Result | Paris Meeting  
    ",https://worldathletics.org/results/diamond-league-meetings/2016/paris-meeting-5845/men/100-metres/final/result,final
Akani SIMBINE,RSA,10.0,,,-0.1,,,"
        100 Metres Result | Paris Meeting  
    ",https://worldathletics.org/results/diamond-league-meetings/2016/paris-meeting-5845/men/100-metres/final/result,final
Churandy MARTINA,NED,10.01,,,-0.1,,,"
        100 Metres Result | Paris Meeting  
    ",https://worldathletics.org/results/diamond-league-meetings/2016/paris-meeting-5845/men/100-metres/final/result,final
Joel FEARON,GBR,10.05,,,-0.1,,,"
        100 Metres Result | Paris Meeting  
    ",https://worldathletics.org/results/diamond-league-meetings/2016/paris-meeting-5845/men/100-metres/final/result,final
Jimmy VICAUT,FRA,10.12,,,-0.1,,,"
        100 Metres Result | Paris Meeting  
    ",https://worldathletics.org/results/diamond-league-meetings/2016/paris-meeting-5845/men/100-metres/final/result,final
Kim COLLINS,SKN,10.12,,,-0.1,,,"
        100 Metres Result | Paris Meeting  
    ",https://worldathletics.org/results/diamond-league-meetings/2016/paris-meeting-5845/men/100-metres/final/result,final
Michael RODGERS,USA,10.14,,,-0.1,,,"
        100 Metres Result | Paris Meeting  
    ",https://worldathletics.org/results/diamond-league-meetings/2016/paris-meeting-5845/men/100-metres/final/result,final
Chijindu UJAH,GBR,10.15,,,-0.1,,,"
        100 Metres Result | Paris Meeting  
    ",https://worldathletics.org/results/diamond-league-meetings/2016/paris-meeting-5845/men/100-metres/final/result,final
Christophe LEMAITRE,FRA,,DNS,,-0.1,,,"
        100 Metres Result | Paris Meeting  
    ",https://worldathletics.org/results/diamond-league-meetings/2016/paris-meeting-5845/men/100-metres/final/result,final
Jimmy VICAUT,FRA,10.02,,,0.4,,,"
        100 Metres Result | London Müller Anniversary Games  
    ",https://worldathletics.org/results/diamond-league-meetings/2016/london-muller-anniversary-games-5842/men/100-metres/final/result,final
Isiah YOUNG,USA,10.07,,,0.4,,,"
        100 Metres Result | London Müller Anniversary Games  
    ",https://worldathletics.org/results/diamond-league-meetings/2016/london-muller-anniversary-games-5842/men/100-metres/final/result,final
Churandy MARTINA,NED,10.1,,,0.4,,,"
        100 Metres Result | London Müller Anniversary Games  
    ",https://worldathletics.org/results/diamond-league-meetings/2016/london-muller-anniversary-games-5842/men/100-metres/final/result,final
Marvin BRACY,USA,10.11,,,0.4,,,"
        100 Metres Result | London Müller Anniversary Games  
    ",https://worldathletics.org/results/diamond-league-meetings/2016/london-muller-anniversary-games-5842/men/100-metres/final/result,final
Julian FORTE,JAM,10.11,,,0.4,,,"
        100 Metres Result | London Müller Anniversary Games  
    ",https://worldathletics.org/results/diamond-league-meetings/2016/london-muller-anniversary-games-5842/men/100-metres/final/result,final
Chijindu UJAH,GBR,10.16,,,0.4,,,"
        100 Metres Result | London Müller Anniversary Games  
    ",https://worldathletics.org/results/diamond-league-meetings/2016/london-muller-anniversary-games-5842/men/100-metres/final/result,final
Richard KILTY,GBR,10.16,,,0.4,,,"
        100 Metres Result | London Müller Anniversary Games  
    ",https://worldathletics.org/results/diamond-league-meetings/2016/london-muller-anniversary-games-5842/men/100-metres/final/result,final
Michael RODGERS,USA,10.19,,,0.4,,,"
        100 Metres Result | London Müller Anniversary Games  
    ",https://worldathletics.org/results/diamond-league-meetings/2016/london-muller-anniversary-games-5842/men/100-metres/final/result,final
Kim COLLINS,SKN,12.08,,,0.4,,,"
        100 Metres Result | London Müller Anniversary Games  
    ",https://worldathletics.org/results/diamond-league-meetings/2016/london-muller-anniversary-games-5842/men/100-metres/final/result,final
Andre DE GRASSE,CAN,10.07,,,0.6,,,"
        100 Metres Result | Oslo ExxonMobil Bislett Games  
    ",https://worldathletics.org/results/diamond-league-meetings/2016/oslo-exxonmobil-bislett-games-5847/men/100-metres/final/result,final
Michael RODGERS,USA,10.09,,,0.6,,,"
        100 Metres Result | Oslo ExxonMobil Bislett Games  
    ",https://worldathletics.org/results/diamond-league-meetings/2016/oslo-exxonmobil-bislett-games-5847/men/100-metres/final/result,final
Dentarius Locke,USA,10.12,,,0.6,,,"
        100 Metres Result | Oslo ExxonMobil Bislett Games  
    ",https://worldathletics.org/results/diamond-league-meetings/2016/oslo-exxonmobil-bislett-games-5847/men/100-metres/final/result,final
Ameer WEBB,USA,10.18,,,0.6,,,"
        100 Metres Result | Oslo ExxonMobil Bislett Games  
    ",https://worldathletics.org/results/diamond-league-meetings/2016/oslo-exxonmobil-bislett-games-5847/men/100-metres/final/result,final
Christophe LEMAITRE,FRA,10.2,,,0.6,,,"
        100 Metres Result | Oslo ExxonMobil Bislett Games  
    ",https://worldathletics.org/results/diamond-league-meetings/2016/oslo-exxonmobil-bislett-games-5847/men/100-metres/final/result,final
Sean McLean,USA,10.32,,,0.6,,,"
        100 Metres Result | Oslo ExxonMobil Bislett Games  
    ",https://worldathletics.org/results/diamond-league-meetings/2016/oslo-exxonmobil-bislett-games-5847/men/100-metres/final/result,final
Wilfried Koffi Hua,CIV,10.35,,,0.6,,,"
        100 Metres Result | Oslo ExxonMobil Bislett Games  
    ",https://worldathletics.org/results/diamond-league-meetings/2016/oslo-exxonmobil-bislett-games-5847/men/100-metres/final/result,final
Kim COLLINS,SKN,11.59,,,0.6,,,"
        100 Metres Result | Oslo ExxonMobil Bislett Games  
    ",https://worldathletics.org/results/diamond-league-meetings/2016/oslo-exxonmobil-bislett-games-5847/men/100-metres/final/result,final
Kim COLLINS,SKN,10.11,,,-0.8,,,"
        100 Metres Result | Birmingham British Athletics GP  
    ",https://worldathletics.org/results/diamond-league-meetings/2016/birmingham-british-athletics-gp-5848/men/100-metres/final/result,final
Michael RODGERS,USA,10.11,,,-0.8,,,"
        100 Metres Result | Birmingham British Athletics GP  
    ",https://worldathletics.org/results/diamond-league-meetings/2016/birmingham-british-athletics-gp-5848/men/100-metres/final/result,final
Chijindu UJAH,GBR,10.12,,,-0.8,,,"
        100 Metres Result | Birmingham British Athletics GP  
    ",https://worldathletics.org/results/diamond-league-meetings/2016/birmingham-british-athletics-gp-5848/men/100-metres/final/result,final
Sean McLean,USA,10.24,,,-0.8,,,"
        100 Metres Result | Birmingham British Athletics GP  
    ",https://worldathletics.org/results/diamond-league-meetings/2016/birmingham-british-athletics-gp-5848/men/100-metres/final/result,final
Isiah YOUNG,USA,10.25,,,-0.8,,,"
        100 Metres Result | Birmingham British Athletics GP  
    ",https://worldathletics.org/results/diamond-league-meetings/2016/birmingham-british-athletics-gp-5848/men/100-metres/final/result,final
Adam GEMILI,GBR,10.29,,,-0.8,,,"
        100 Metres Result | Birmingham British Athletics GP  
    ",https://worldathletics.org/results/diamond-league-meetings/2016/birmingham-british-athletics-gp-5848/men/100-metres/final/result,final
Churandy MARTINA,NED,,DQ,,-0.8,,,"
        100 Metres Result | Birmingham British Athletics GP  
    ",https://worldathletics.org/results/diamond-league-meetings/2016/birmingham-british-athletics-gp-5848/men/100-metres/final/result,final
Aaron BROWN,CAN,,DQ,,-0.8,,,"
        100 Metres Result | Birmingham British Athletics GP  
    ",https://worldathletics.org/results/diamond-league-meetings/2016/birmingham-british-athletics-gp-5848/men/100-metres/final/result,final
Justin GATLIN,USA,9.88,,,2.6,,,"
        100 Metres Result | Eugene Prefontaine Classic  
    ",https://worldathletics.org/results/diamond-league-meetings/2016/eugene-prefontaine-classic-5850/men/100-metres/final/result,final
Asafa POWELL,JAM,9.94,,,2.6,,,"
        100 Metres Result | Eugene Prefontaine Classic  
    ",https://worldathletics.org/results/diamond-league-meetings/2016/eugene-prefontaine-classic-5850/men/100-metres/final/result,final
Tyson GAY,USA,9.98,,,2.6,,,"
        100 Metres Result | Eugene Prefontaine Classic  
    ",https://worldathletics.org/results/diamond-league-meetings/2016/eugene-prefontaine-classic-5850/men/100-metres/final/result,final
Michael RODGERS,USA,9.99,,,2.6,,,"
        100 Metres Result | Eugene Prefontaine Classic  
    ",https://worldathletics.org/results/diamond-league-meetings/2016/eugene-prefontaine-classic-5850/men/100-metres/final/result,final
Femi OGUNODE,QAT,10.02,,,2.6,,,"
        100 Metres Result | Eugene Prefontaine Classic  
    ",https://worldathletics.org/results/diamond-league-meetings/2016/eugene-prefontaine-classic-5850/men/100-metres/final/result,final
Ameer WEBB,USA,10.03,,,2.6,,,"
        100 Metres Result | Eugene Prefontaine Classic  
    ",https://worldathletics.org/results/diamond-league-meetings/2016/eugene-prefontaine-classic-5850/men/100-metres/final/result,final
Bingtian SU,CHN,10.04,,,2.6,,,"
        100 Metres Result | Eugene Prefontaine Classic  
    ",https://worldathletics.org/results/diamond-league-meetings/2016/eugene-prefontaine-classic-5850/men/100-metres/final/result,final
Andre DE GRASSE,CAN,10.05,,,2.6,,,"
        100 Metres Result | Eugene Prefontaine Classic  
    ",https://worldathletics.org/results/diamond-league-meetings/2016/eugene-prefontaine-classic-5850/men/100-metres/final/result,final
Yohan BLAKE,JAM,10.02,,,0.2,,,"
        100 Metres Result | Bruxelles Memorial Van Damme  
    ",https://worldathletics.org/results/diamond-league-meetings/2017/bruxelles-memorial-van-damme-6034/men/100-metres/final/result,final
Michael RODGERS,USA,10.09,,,0.2,,,"
        100 Metres Result | Bruxelles Memorial Van Damme  
    ",https://worldathletics.org/results/diamond-league-meetings/2017/bruxelles-memorial-van-damme-6034/men/100-metres/final/result,final
Julian FORTE,JAM,10.12,,,0.2,,,"
        100 Metres Result | Bruxelles Memorial Van Damme  
    ",https://worldathletics.org/results/diamond-league-meetings/2017/bruxelles-memorial-van-damme-6034/men/100-metres/final/result,final
Asafa POWELL,JAM,10.18,,,0.2,,,"
        100 Metres Result | Bruxelles Memorial Van Damme  
    ",https://worldathletics.org/results/diamond-league-meetings/2017/bruxelles-memorial-van-damme-6034/men/100-metres/final/result,final
Maarten Saerens,BEL,11.23,,,0.2,,,"
        100 Metres Result | Bruxelles Memorial Van Damme  
    ",https://worldathletics.org/results/diamond-league-meetings/2017/bruxelles-memorial-van-damme-6034/men/100-metres/final/result,final
Isiah YOUNG,USA,10.22,,,0.2,,,"
        100 Metres Result | Bruxelles Memorial Van Damme  
    ",https://worldathletics.org/results/diamond-league-meetings/2017/bruxelles-memorial-van-damme-6034/men/100-metres/final/result,final
James Dasaolu,GBR,10.24,,,0.2,,,"
        100 Metres Result | Bruxelles Memorial Van Damme  
    ",https://worldathletics.org/results/diamond-league-meetings/2017/bruxelles-memorial-van-damme-6034/men/100-metres/final/result,final
Harry AIKINES-ARYEETEY,GBR,10.27,,,0.2,,,"
        100 Metres Result | Bruxelles Memorial Van Damme  
    ",https://worldathletics.org/results/diamond-league-meetings/2017/bruxelles-memorial-van-damme-6034/men/100-metres/final/result,final
Kim COLLINS,SKN,10.5,,,0.2,,,"
        100 Metres Result | Bruxelles Memorial Van Damme  
    ",https://worldathletics.org/results/diamond-league-meetings/2017/bruxelles-memorial-van-damme-6034/men/100-metres/final/result,final
Matthieu Davies,BEL,11.45,,,0.2,,,"
        100 Metres Result | Bruxelles Memorial Van Damme  
    ",https://worldathletics.org/results/diamond-league-meetings/2017/bruxelles-memorial-van-damme-6034/men/100-metres/final/result,final
Chijindu UJAH,GBR,9.97,,,0.0,,,"
        100 Metres Result | Weltklasse Zürich  
    ",https://worldathletics.org/results/diamond-league-meetings/2017/weltklasse-zurich-6035/men/100-metres/final/result,final
Ben Youssef Meité,CIV,9.97,,,0.0,,,"
        100 Metres Result | Weltklasse Zürich  
    ",https://worldathletics.org/results/diamond-league-meetings/2017/weltklasse-zurich-6035/men/100-metres/final/result,final
Ronnie BAKER,USA,10.01,,,0.0,,,"
        100 Metres Result | Weltklasse Zürich  
    ",https://worldathletics.org/results/diamond-league-meetings/2017/weltklasse-zurich-6035/men/100-metres/final/result,final
Justin GATLIN,USA,10.04,,,0.0,,,"
        100 Metres Result | Weltklasse Zürich  
    ",https://worldathletics.org/results/diamond-league-meetings/2017/weltklasse-zurich-6035/men/100-metres/final/result,final
Isiah YOUNG,USA,10.1,,,0.0,,,"
        100 Metres Result | Weltklasse Zürich  
    ",https://worldathletics.org/results/diamond-league-meetings/2017/weltklasse-zurich-6035/men/100-metres/final/result,final
Akani SIMBINE,RSA,10.1,,,0.0,,,"
        100 Metres Result | Weltklasse Zürich  
    ",https://worldathletics.org/results/diamond-league-meetings/2017/weltklasse-zurich-6035/men/100-metres/final/result,final
Asafa POWELL,JAM,10.11,,,0.0,,,"
        100 Metres Result | Weltklasse Zürich  
    ",https://worldathletics.org/results/diamond-league-meetings/2017/weltklasse-zurich-6035/men/100-metres/final/result,final
Adam GEMILI,GBR,10.13,,,0.0,,,"
        100 Metres Result | Weltklasse Zürich  
    ",https://worldathletics.org/results/diamond-league-meetings/2017/weltklasse-zurich-6035/men/100-metres/final/result,final
Alex WILSON,SUI,20.8,,,0.0,,,"
        100 Metres Result | Weltklasse Zürich  
    ",https://worldathletics.org/results/diamond-league-meetings/2017/weltklasse-zurich-6035/men/100-metres/final/result,final
Chijindu UJAH,GBR,10.08,,,-0.2,,,"
        100 Metres Result | Birmingham Müller Grand Prix  
    ",https://worldathletics.org/results/diamond-league-meetings/2017/birmingham-muller-grand-prix-6042/men/100-metres/final/result,final
James Dasaolu,GBR,10.11,,,-0.2,,,"
        100 Metres Result | Birmingham Müller Grand Prix  
    ",https://worldathletics.org/results/diamond-league-meetings/2017/birmingham-muller-grand-prix-6042/men/100-metres/final/result,final
Zharnel HUGHES,GBR,10.13,,,-0.2,,,"
        100 Metres Result | Birmingham Müller Grand Prix  
    ",https://worldathletics.org/results/diamond-league-meetings/2017/birmingham-muller-grand-prix-6042/men/100-metres/final/result,final
Harry AIKINES-ARYEETEY,GBR,10.19,,,-0.2,,,"
        100 Metres Result | Birmingham Müller Grand Prix  
    ",https://worldathletics.org/results/diamond-league-meetings/2017/birmingham-muller-grand-prix-6042/men/100-metres/final/result,final
Ojie EDOBURUN,GBR,10.25,,,-0.2,,,"
        100 Metres Result | Birmingham Müller Grand Prix  
    ",https://worldathletics.org/results/diamond-league-meetings/2017/birmingham-muller-grand-prix-6042/men/100-metres/final/result,final
Andrew ROBERTSON,GBR,10.46,,,-0.2,,,"
        100 Metres Result | Birmingham Müller Grand Prix  
    ",https://worldathletics.org/results/diamond-league-meetings/2017/birmingham-muller-grand-prix-6042/men/100-metres/final/result,final
Kyle de Escofet,GBR,10.78,,,-0.2,,,"
        100 Metres Result | Birmingham Müller Grand Prix  
    ",https://worldathletics.org/results/diamond-league-meetings/2017/birmingham-muller-grand-prix-6042/men/100-metres/final/result,final
Adam GEMILI,GBR,,DQ,,-0.2,,,"
        100 Metres Result | Birmingham Müller Grand Prix  
    ",https://worldathletics.org/results/diamond-league-meetings/2017/birmingham-muller-grand-prix-6042/men/100-metres/final/result,final
Usain BOLT,JAM,9.95,,,0.7,,,"
        100 Metres Result | Monaco Herculis  
    ",https://worldathletics.org/results/diamond-league-meetings/2017/monaco-herculis-6039/men/100-metres/final/result,final
Isiah YOUNG,USA,9.98,,,0.7,,,"
        100 Metres Result | Monaco Herculis  
    ",https://worldathletics.org/results/diamond-league-meetings/2017/monaco-herculis-6039/men/100-metres/final/result,final
Akani SIMBINE,RSA,10.02,,,0.7,,,"
        100 Metres Result | Monaco Herculis  
    ",https://worldathletics.org/results/diamond-league-meetings/2017/monaco-herculis-6039/men/100-metres/final/result,final
Chijindu UJAH,GBR,10.02,,,0.7,,,"
        100 Metres Result | Monaco Herculis  
    ",https://worldathletics.org/results/diamond-league-meetings/2017/monaco-herculis-6039/men/100-metres/final/result,final
Bingtian SU,CHN,10.06,,,0.7,,,"
        100 Metres Result | Monaco Herculis  
    ",https://worldathletics.org/results/diamond-league-meetings/2017/monaco-herculis-6039/men/100-metres/final/result,final
Michael RODGERS,USA,10.06,,,0.7,,,"
        100 Metres Result | Monaco Herculis  
    ",https://worldathletics.org/results/diamond-league-meetings/2017/monaco-herculis-6039/men/100-metres/final/result,final
Christopher BELCHER,USA,10.12,,,0.7,,,"
        100 Metres Result | Monaco Herculis  
    ",https://worldathletics.org/results/diamond-league-meetings/2017/monaco-herculis-6039/men/100-metres/final/result,final
Yunier PÉREZ,CUB,10.2,,,0.7,,,"
        100 Metres Result | Monaco Herculis  
    ",https://worldathletics.org/results/diamond-league-meetings/2017/monaco-herculis-6039/men/100-metres/final/result,final
Chijindu UJAH,GBR,9.98,,,-0.3,,,"
        100 Metres Result | Meeting International Mohammed VI d'Athletisme de Rabat  
    ",https://worldathletics.org/results/diamond-league-meetings/2017/meeting-international-mohammed-vi-dathletisme-6045/men/100-metres/final/result,final
Ben Youssef Meité,CIV,10.01,,,-0.3,,,"
        100 Metres Result | Meeting International Mohammed VI d'Athletisme de Rabat  
    ",https://worldathletics.org/results/diamond-league-meetings/2017/meeting-international-mohammed-vi-dathletisme-6045/men/100-metres/final/result,final
Nethaneel MITCHELL-BLAKE,GBR,10.18,,,-0.3,,,"
        100 Metres Result | Meeting International Mohammed VI d'Athletisme de Rabat  
    ",https://worldathletics.org/results/diamond-league-meetings/2017/meeting-international-mohammed-vi-dathletisme-6045/men/100-metres/final/result,final
Bingtian SU,CHN,10.19,,,-0.3,,,"
        100 Metres Result | Meeting International Mohammed VI d'Athletisme de Rabat  
    ",https://worldathletics.org/results/diamond-league-meetings/2017/meeting-international-mohammed-vi-dathletisme-6045/men/100-metres/final/result,final
Thando Roto,RSA,10.26,,,-0.3,,,"
        100 Metres Result | Meeting International Mohammed VI d'Athletisme de Rabat  
    ",https://worldathletics.org/results/diamond-league-meetings/2017/meeting-international-mohammed-vi-dathletisme-6045/men/100-metres/final/result,final
Keston Bledman,TTO,10.26,,,-0.3,,,"
        100 Metres Result | Meeting International Mohammed VI d'Athletisme de Rabat  
    ",https://worldathletics.org/results/diamond-league-meetings/2017/meeting-international-mohammed-vi-dathletisme-6045/men/100-metres/final/result,final
BeeJay Lee,USA,10.3,,,-0.3,,,"
        100 Metres Result | Meeting International Mohammed VI d'Athletisme de Rabat  
    ",https://worldathletics.org/results/diamond-league-meetings/2017/meeting-international-mohammed-vi-dathletisme-6045/men/100-metres/final/result,final
Churandy MARTINA,NED,10.33,,,-0.3,,,"
        100 Metres Result | Meeting International Mohammed VI d'Athletisme de Rabat  
    ",https://worldathletics.org/results/diamond-league-meetings/2017/meeting-international-mohammed-vi-dathletisme-6045/men/100-metres/final/result,final
Chijindu UJAH,GBR,10.02,,,0.3,,,"
        100 Metres Result | London Müller Anniversary Games  
    ",https://worldathletics.org/results/diamond-league-meetings/2017/london-muller-anniversary-games-6038/men/100-metres/final/result,final
James Dasaolu,GBR,10.06,,,0.3,,,"
        100 Metres Result | London Müller Anniversary Games  
    ",https://worldathletics.org/results/diamond-league-meetings/2017/london-muller-anniversary-games-6038/men/100-metres/final/result,final
Isiah YOUNG,USA,10.07,,,0.3,,,"
        100 Metres Result | London Müller Anniversary Games  
    ",https://worldathletics.org/results/diamond-league-meetings/2017/london-muller-anniversary-games-6038/men/100-metres/final/result,final
Harry AIKINES-ARYEETEY,GBR,10.16,,,0.3,,,"
        100 Metres Result | London Müller Anniversary Games  
    ",https://worldathletics.org/results/diamond-league-meetings/2017/london-muller-anniversary-games-6038/men/100-metres/final/result,final
Kim COLLINS,SKN,10.2,,,0.3,,,"
        100 Metres Result | London Müller Anniversary Games  
    ",https://worldathletics.org/results/diamond-league-meetings/2017/london-muller-anniversary-games-6038/men/100-metres/final/result,final
Brandon CARNES,USA,10.22,,,0.3,,,"
        100 Metres Result | London Müller Anniversary Games  
    ",https://worldathletics.org/results/diamond-league-meetings/2017/london-muller-anniversary-games-6038/men/100-metres/final/result,final
Richard KILTY,GBR,10.23,,,0.3,,,"
        100 Metres Result | London Müller Anniversary Games  
    ",https://worldathletics.org/results/diamond-league-meetings/2017/london-muller-anniversary-games-6038/men/100-metres/final/result,final
BeeJay Lee,USA,10.33,,,0.3,,,"
        100 Metres Result | London Müller Anniversary Games  
    ",https://worldathletics.org/results/diamond-league-meetings/2017/london-muller-anniversary-games-6038/men/100-metres/final/result,final
Joel FEARON,GBR,,DQ,,0.3,,,"
        100 Metres Result | London Müller Anniversary Games  
    ",https://worldathletics.org/results/diamond-league-meetings/2017/london-muller-anniversary-games-6038/men/100-metres/final/result,final
Ben Youssef Meité,CIV,9.99,,,-0.1,,,"
        100 Metres Result | Meeting de Paris  
    ",https://worldathletics.org/results/diamond-league-meetings/2017/meeting-de-paris-6036/men/100-metres/final/result,final
Yunier PÉREZ,CUB,10.05,,,-0.1,,,"
        100 Metres Result | Meeting de Paris  
    ",https://worldathletics.org/results/diamond-league-meetings/2017/meeting-de-paris-6036/men/100-metres/final/result,final
Churandy MARTINA,NED,10.23,,,-0.1,,,"
        100 Metres Result | Meeting de Paris  
    ",https://worldathletics.org/results/diamond-league-meetings/2017/meeting-de-paris-6036/men/100-metres/final/result,final
Henricho BRUINTJIES,RSA,10.23,,,-0.1,,,"
        100 Metres Result | Meeting de Paris  
    ",https://worldathletics.org/results/diamond-league-meetings/2017/meeting-de-paris-6036/men/100-metres/final/result,final
Julian FORTE,JAM,10.26,,,-0.1,,,"
        100 Metres Result | Meeting de Paris  
    ",https://worldathletics.org/results/diamond-league-meetings/2017/meeting-de-paris-6036/men/100-metres/final/result,final
Méba Mickaël ZEZE,FRA,10.36,,,-0.1,,,"
        100 Metres Result | Meeting de Paris  
    ",https://worldathletics.org/results/diamond-league-meetings/2017/meeting-de-paris-6036/men/100-metres/final/result,final
Kim COLLINS,SKN,,DQ,,-0.1,,,"
        100 Metres Result | Meeting de Paris  
    ",https://worldathletics.org/results/diamond-league-meetings/2017/meeting-de-paris-6036/men/100-metres/final/result,final
Emmanuel MATADI,LBR,,DQ,,-0.1,,,"
        100 Metres Result | Meeting de Paris  
    ",https://worldathletics.org/results/diamond-league-meetings/2017/meeting-de-paris-6036/men/100-metres/final/result,final
Andre DE GRASSE,CAN,9.69,,,4.8,,,"
        100 Metres Result | Stockholm BAUHAUS Galan  
    ",https://worldathletics.org/results/diamond-league-meetings/2017/stockholm-bauhaus-galan-6040/men/100-metres/final/result,final
Ben Youssef Meité,CIV,9.84,,,4.8,,,"
        100 Metres Result | Stockholm BAUHAUS Galan  
    ",https://worldathletics.org/results/diamond-league-meetings/2017/stockholm-bauhaus-galan-6040/men/100-metres/final/result,final
Ryan Shields,JAM,9.89,,,4.8,,,"
        100 Metres Result | Stockholm BAUHAUS Galan  
    ",https://worldathletics.org/results/diamond-league-meetings/2017/stockholm-bauhaus-galan-6040/men/100-metres/final/result,final
Yunier PÉREZ,CUB,9.92,,,4.8,,,"
        100 Metres Result | Stockholm BAUHAUS Galan  
    ",https://worldathletics.org/results/diamond-league-meetings/2017/stockholm-bauhaus-galan-6040/men/100-metres/final/result,final
Julian REUS,GER,9.99,,,4.8,,,"
        100 Metres Result | Stockholm BAUHAUS Galan  
    ",https://worldathletics.org/results/diamond-league-meetings/2017/stockholm-bauhaus-galan-6040/men/100-metres/final/result,final
Churandy MARTINA,NED,10.0,,,4.8,,,"
        100 Metres Result | Stockholm BAUHAUS Galan  
    ",https://worldathletics.org/results/diamond-league-meetings/2017/stockholm-bauhaus-galan-6040/men/100-metres/final/result,final
Alex WILSON,SUI,10.08,,,4.8,,,"
        100 Metres Result | Stockholm BAUHAUS Galan  
    ",https://worldathletics.org/results/diamond-league-meetings/2017/stockholm-bauhaus-galan-6040/men/100-metres/final/result,final
Austin Hamilton,SWE,10.16,,,4.8,,,"
        100 Metres Result | Stockholm BAUHAUS Galan  
    ",https://worldathletics.org/results/diamond-league-meetings/2017/stockholm-bauhaus-galan-6040/men/100-metres/final/result,final
Andre DE GRASSE,CAN,10.01,,,0.2,,,"
        100 Metres Result | Oslo Bislett Games  
    ",https://worldathletics.org/results/diamond-league-meetings/2017/oslo-bislett-games-6041/men/100-metres/final/result,final
Chijindu UJAH,GBR,10.02,,,0.2,,,"
        100 Metres Result | Oslo Bislett Games  
    ",https://worldathletics.org/results/diamond-league-meetings/2017/oslo-bislett-games-6041/men/100-metres/final/result,final
Ben Youssef Meité,CIV,10.03,,,0.2,,,"
        100 Metres Result | Oslo Bislett Games  
    ",https://worldathletics.org/results/diamond-league-meetings/2017/oslo-bislett-games-6041/men/100-metres/final/result,final
Adam GEMILI,GBR,10.13,,,0.2,,,"
        100 Metres Result | Oslo Bislett Games  
    ",https://worldathletics.org/results/diamond-league-meetings/2017/oslo-bislett-games-6041/men/100-metres/final/result,final
Aaron BROWN,CAN,10.15,,,0.2,,,"
        100 Metres Result | Oslo Bislett Games  
    ",https://worldathletics.org/results/diamond-league-meetings/2017/oslo-bislett-games-6041/men/100-metres/final/result,final
Churandy MARTINA,NED,10.19,,,0.2,,,"
        100 Metres Result | Oslo Bislett Games  
    ",https://worldathletics.org/results/diamond-league-meetings/2017/oslo-bislett-games-6041/men/100-metres/final/result,final
Reece PRESCOD,GBR,10.2,,,0.2,,,"
        100 Metres Result | Oslo Bislett Games  
    ",https://worldathletics.org/results/diamond-league-meetings/2017/oslo-bislett-games-6041/men/100-metres/final/result,final
Jimmy VICAUT,FRA,10.68,,,0.2,,,"
        100 Metres Result | Oslo Bislett Games  
    ",https://worldathletics.org/results/diamond-league-meetings/2017/oslo-bislett-games-6041/men/100-metres/final/result,final
Chijindu UJAH,GBR,10.02,,,-0.2,,,"
        100 Metres Result | Roma Golden Gala - Pietro Mennea  
    ",https://worldathletics.org/results/diamond-league-meetings/2017/roma-golden-gala-pietro-mennea-6043/men/100-metres/final/result,final
Jimmy VICAUT,FRA,10.05,,,-0.2,,,"
        100 Metres Result | Roma Golden Gala - Pietro Mennea  
    ",https://worldathletics.org/results/diamond-league-meetings/2017/roma-golden-gala-pietro-mennea-6043/men/100-metres/final/result,final
Ronnie BAKER,USA,10.05,,,-0.2,,,"
        100 Metres Result | Roma Golden Gala - Pietro Mennea  
    ",https://worldathletics.org/results/diamond-league-meetings/2017/roma-golden-gala-pietro-mennea-6043/men/100-metres/final/result,final
Ben Youssef Meité,CIV,10.1,,,-0.2,,,"
        100 Metres Result | Roma Golden Gala - Pietro Mennea  
    ",https://worldathletics.org/results/diamond-league-meetings/2017/roma-golden-gala-pietro-mennea-6043/men/100-metres/final/result,final
Michael RODGERS,USA,10.14,,,-0.2,,,"
        100 Metres Result | Roma Golden Gala - Pietro Mennea  
    ",https://worldathletics.org/results/diamond-league-meetings/2017/roma-golden-gala-pietro-mennea-6043/men/100-metres/final/result,final
Yoshihide KIRYU,JPN,10.18,,,-0.2,,,"
        100 Metres Result | Roma Golden Gala - Pietro Mennea  
    ",https://worldathletics.org/results/diamond-league-meetings/2017/roma-golden-gala-pietro-mennea-6043/men/100-metres/final/result,final
Femi OGUNODE,QAT,10.21,,,-0.2,,,"
        100 Metres Result | Roma Golden Gala - Pietro Mennea  
    ",https://worldathletics.org/results/diamond-league-meetings/2017/roma-golden-gala-pietro-mennea-6043/men/100-metres/final/result,final
Aaron BROWN,CAN,10.35,,,-0.2,,,"
        100 Metres Result | Roma Golden Gala - Pietro Mennea  
    ",https://worldathletics.org/results/diamond-league-meetings/2017/roma-golden-gala-pietro-mennea-6043/men/100-metres/final/result,final
Federico CATTANEO,ITA,10.38,,,-0.2,,,"
        100 Metres Result | Roma Golden Gala - Pietro Mennea  
    ",https://worldathletics.org/results/diamond-league-meetings/2017/roma-golden-gala-pietro-mennea-6043/men/100-metres/final/result,final
Ronnie BAKER,USA,9.86,,,2.4,,,"
        100 Metres Result | Eugene Prefontaine Classic  
    ",https://worldathletics.org/results/diamond-league-meetings/2017/eugene-prefontaine-classic-6044/men/100-metres/final/result,final
Bingtian SU,CHN,9.92,,,2.4,,,"
        100 Metres Result | Eugene Prefontaine Classic  
    ",https://worldathletics.org/results/diamond-league-meetings/2017/eugene-prefontaine-classic-6044/men/100-metres/final/result,final
Chijindu UJAH,GBR,9.95,,,2.4,,,"
        100 Metres Result | Eugene Prefontaine Classic  
    ",https://worldathletics.org/results/diamond-league-meetings/2017/eugene-prefontaine-classic-6044/men/100-metres/final/result,final
Andre DE GRASSE,CAN,9.96,,,2.4,,,"
        100 Metres Result | Eugene Prefontaine Classic  
    ",https://worldathletics.org/results/diamond-league-meetings/2017/eugene-prefontaine-classic-6044/men/100-metres/final/result,final
Justin GATLIN,USA,9.97,,,2.4,,,"
        100 Metres Result | Eugene Prefontaine Classic  
    ",https://worldathletics.org/results/diamond-league-meetings/2017/eugene-prefontaine-classic-6044/men/100-metres/final/result,final
Michael RODGERS,USA,9.98,,,2.4,,,"
        100 Metres Result | Eugene Prefontaine Classic  
    ",https://worldathletics.org/results/diamond-league-meetings/2017/eugene-prefontaine-classic-6044/men/100-metres/final/result,final
Adam GEMILI,GBR,10.03,,,2.4,,,"
        100 Metres Result | Eugene Prefontaine Classic  
    ",https://worldathletics.org/results/diamond-league-meetings/2017/eugene-prefontaine-classic-6044/men/100-metres/final/result,final
Ben Youssef Meité,CIV,10.04,,,2.4,,,"
        100 Metres Result | Eugene Prefontaine Classic  
    ",https://worldathletics.org/results/diamond-league-meetings/2017/eugene-prefontaine-classic-6044/men/100-metres/final/result,final
Bingtian SU,CHN,10.09,,,0.1,,,"
        100 Metres Result | Shanghai IAAF Diamond League  
    ",https://worldathletics.org/results/diamond-league-meetings/2017/shanghai-iaaf-diamond-league-6046/men/100-metres/final/result,final
Michael RODGERS,USA,10.13,,,0.1,,,"
        100 Metres Result | Shanghai IAAF Diamond League  
    ",https://worldathletics.org/results/diamond-league-meetings/2017/shanghai-iaaf-diamond-league-6046/men/100-metres/final/result,final
Ben Youssef Meité,CIV,10.15,,,0.1,,,"
        100 Metres Result | Shanghai IAAF Diamond League  
    ",https://worldathletics.org/results/diamond-league-meetings/2017/shanghai-iaaf-diamond-league-6046/men/100-metres/final/result,final
Aska CAMBRIDGE,JPN,10.19,,,0.1,,,"
        100 Metres Result | Shanghai IAAF Diamond League  
    ",https://worldathletics.org/results/diamond-league-meetings/2017/shanghai-iaaf-diamond-league-6046/men/100-metres/final/result,final
Abdul Hakim SANI BROWN,JPN,10.22,,,0.1,,,"
        100 Metres Result | Shanghai IAAF Diamond League  
    ",https://worldathletics.org/results/diamond-league-meetings/2017/shanghai-iaaf-diamond-league-6046/men/100-metres/final/result,final
Kim COLLINS,SKN,10.3,,,0.1,,,"
        100 Metres Result | Shanghai IAAF Diamond League  
    ",https://worldathletics.org/results/diamond-league-meetings/2017/shanghai-iaaf-diamond-league-6046/men/100-metres/final/result,final
Jarrion LAWSON,USA,10.51,,,0.1,,,"
        100 Metres Result | Shanghai IAAF Diamond League  
    ",https://worldathletics.org/results/diamond-league-meetings/2017/shanghai-iaaf-diamond-league-6046/men/100-metres/final/result,final
Yoshihide KIRYU,JPN,,DQ,,0.1,,,"
        100 Metres Result | Shanghai IAAF Diamond League  
    ",https://worldathletics.org/results/diamond-league-meetings/2017/shanghai-iaaf-diamond-league-6046/men/100-metres/final/result,final
Isiah YOUNG,USA,,DQ,,0.1,,,"
        100 Metres Result | Shanghai IAAF Diamond League  
    ",https://worldathletics.org/results/diamond-league-meetings/2017/shanghai-iaaf-diamond-league-6046/men/100-metres/final/result,final
Akani SIMBINE,RSA,9.99,,,-1.2,,,"
        100 Metres Result | Doha IAAF Diamond League  
    ",https://worldathletics.org/results/diamond-league-meetings/2017/doha-iaaf-diamond-league-6047/men/100-metres/final/result,final
Asafa POWELL,JAM,10.08,,,-1.2,,,"
        100 Metres Result | Doha IAAF Diamond League  
    ",https://worldathletics.org/results/diamond-league-meetings/2017/doha-iaaf-diamond-league-6047/men/100-metres/final/result,final
Femi OGUNODE,QAT,10.13,,,-1.2,,,"
        100 Metres Result | Doha IAAF Diamond League  
    ",https://worldathletics.org/results/diamond-league-meetings/2017/doha-iaaf-diamond-league-6047/men/100-metres/final/result,final
Justin GATLIN,USA,10.14,,,-1.2,,,"
        100 Metres Result | Doha IAAF Diamond League  
    ",https://worldathletics.org/results/diamond-league-meetings/2017/doha-iaaf-diamond-league-6047/men/100-metres/final/result,final
Andre DE GRASSE,CAN,10.21,,,-1.2,,,"
        100 Metres Result | Doha IAAF Diamond League  
    ",https://worldathletics.org/results/diamond-league-meetings/2017/doha-iaaf-diamond-league-6047/men/100-metres/final/result,final
Ben Youssef Meité,CIV,10.21,,,-1.2,,,"
        100 Metres Result | Doha IAAF Diamond League  
    ",https://worldathletics.org/results/diamond-league-meetings/2017/doha-iaaf-diamond-league-6047/men/100-metres/final/result,final
Ronnie BAKER,USA,10.24,,,-1.2,,,"
        100 Metres Result | Doha IAAF Diamond League  
    ",https://worldathletics.org/results/diamond-league-meetings/2017/doha-iaaf-diamond-league-6047/men/100-metres/final/result,final
Kim COLLINS,SKN,10.33,,,-1.2,,,"
        100 Metres Result | Doha IAAF Diamond League  
    ",https://worldathletics.org/results/diamond-league-meetings/2017/doha-iaaf-diamond-league-6047/men/100-metres/final/result,final
Christian COLEMAN,USA,9.79,,,-0.3,,,"
        100 Metres Result | Bruxelles Memorial van Damme  
    ",https://worldathletics.org/results/diamond-league-meetings/2018/bruxelles-memorial-van-damme-6335/men/100-metres/final/result,final
Ronnie BAKER,USA,9.93,,,-0.3,,,"
        100 Metres Result | Bruxelles Memorial van Damme  
    ",https://worldathletics.org/results/diamond-league-meetings/2018/bruxelles-memorial-van-damme-6335/men/100-metres/final/result,final
Yohan BLAKE,JAM,9.94,,,-0.3,,,"
        100 Metres Result | Bruxelles Memorial van Damme  
    ",https://worldathletics.org/results/diamond-league-meetings/2018/bruxelles-memorial-van-damme-6335/men/100-metres/final/result,final
Reece PRESCOD,GBR,9.99,,,-0.3,,,"
        100 Metres Result | Bruxelles Memorial van Damme  
    ",https://worldathletics.org/results/diamond-league-meetings/2018/bruxelles-memorial-van-damme-6335/men/100-metres/final/result,final
Akani SIMBINE,RSA,10.03,,,-0.3,,,"
        100 Metres Result | Bruxelles Memorial van Damme  
    ",https://worldathletics.org/results/diamond-league-meetings/2018/bruxelles-memorial-van-damme-6335/men/100-metres/final/result,final
Michael RODGERS,USA,10.16,,,-0.3,,,"
        100 Metres Result | Bruxelles Memorial van Damme  
    ",https://worldathletics.org/results/diamond-league-meetings/2018/bruxelles-memorial-van-damme-6335/men/100-metres/final/result,final
Chijindu UJAH,GBR,10.17,,,-0.3,,,"
        100 Metres Result | Bruxelles Memorial van Damme  
    ",https://worldathletics.org/results/diamond-league-meetings/2018/bruxelles-memorial-van-damme-6335/men/100-metres/final/result,final
Isiah YOUNG,USA,10.26,,,-0.3,,,"
        100 Metres Result | Bruxelles Memorial van Damme  
    ",https://worldathletics.org/results/diamond-league-meetings/2018/bruxelles-memorial-van-damme-6335/men/100-metres/final/result,final
Christian COLEMAN,USA,9.94,,,-0.5,,,"
        100 Metres Result | Birmingham Müller Grand Prix  
    ",https://worldathletics.org/results/diamond-league-meetings/2018/birmingham-muller-grand-prix-6348/men/100-metres/final/result,final
Reece PRESCOD,GBR,9.94,,,-0.5,,,"
        100 Metres Result | Birmingham Müller Grand Prix  
    ",https://worldathletics.org/results/diamond-league-meetings/2018/birmingham-muller-grand-prix-6348/men/100-metres/final/result,final
Noah LYLES,USA,9.98,,,-0.5,,,"
        100 Metres Result | Birmingham Müller Grand Prix  
    ",https://worldathletics.org/results/diamond-league-meetings/2018/birmingham-muller-grand-prix-6348/men/100-metres/final/result,final
Yohan BLAKE,JAM,9.99,,,-0.5,,,"
        100 Metres Result | Birmingham Müller Grand Prix  
    ",https://worldathletics.org/results/diamond-league-meetings/2018/birmingham-muller-grand-prix-6348/men/100-metres/final/result,final
Zharnel HUGHES,GBR,10.05,,,-0.5,,,"
        100 Metres Result | Birmingham Müller Grand Prix  
    ",https://worldathletics.org/results/diamond-league-meetings/2018/birmingham-muller-grand-prix-6348/men/100-metres/final/result,final
Akani SIMBINE,RSA,10.09,,,-0.5,,,"
        100 Metres Result | Birmingham Müller Grand Prix  
    ",https://worldathletics.org/results/diamond-league-meetings/2018/birmingham-muller-grand-prix-6348/men/100-metres/final/result,final
Tyquendo TRACEY,JAM,10.15,,,-0.5,,,"
        100 Metres Result | Birmingham Müller Grand Prix  
    ",https://worldathletics.org/results/diamond-league-meetings/2018/birmingham-muller-grand-prix-6348/men/100-metres/final/result,final
Chijindu UJAH,GBR,10.17,,,-0.5,,,"
        100 Metres Result | Birmingham Müller Grand Prix  
    ",https://worldathletics.org/results/diamond-league-meetings/2018/birmingham-muller-grand-prix-6348/men/100-metres/final/result,final
Michael RODGERS,USA,10.22,,,-0.5,,,"
        100 Metres Result | Birmingham Müller Grand Prix  
    ",https://worldathletics.org/results/diamond-league-meetings/2018/birmingham-muller-grand-prix-6348/men/100-metres/final/result,final
Ronnie BAKER,USA,9.9,,,0.1,,,"
        100 Metres Result | London Müller Anniversary Games  
    ",https://worldathletics.org/results/diamond-league-meetings/2018/london-muller-anniversary-games-6333/men/100-metres/final/result,final
Zharnel HUGHES,GBR,9.93,,,0.1,,,"
        100 Metres Result | London Müller Anniversary Games  
    ",https://worldathletics.org/results/diamond-league-meetings/2018/london-muller-anniversary-games-6333/men/100-metres/final/result,final
Akani SIMBINE,RSA,9.94,,,0.1,,,"
        100 Metres Result | London Müller Anniversary Games  
    ",https://worldathletics.org/results/diamond-league-meetings/2018/london-muller-anniversary-games-6333/men/100-metres/final/result,final
Yohan BLAKE,JAM,9.95,,,0.1,,,"
        100 Metres Result | London Müller Anniversary Games  
    ",https://worldathletics.org/results/diamond-league-meetings/2018/london-muller-anniversary-games-6333/men/100-metres/final/result,final
Michael RODGERS,USA,9.98,,,0.1,,,"
        100 Metres Result | London Müller Anniversary Games  
    ",https://worldathletics.org/results/diamond-league-meetings/2018/london-muller-anniversary-games-6333/men/100-metres/final/result,final
Tyquendo TRACEY,JAM,9.98,,,0.1,,,"
        100 Metres Result | London Müller Anniversary Games  
    ",https://worldathletics.org/results/diamond-league-meetings/2018/london-muller-anniversary-games-6333/men/100-metres/final/result,final
Isiah YOUNG,USA,10.01,,,0.1,,,"
        100 Metres Result | London Müller Anniversary Games  
    ",https://worldathletics.org/results/diamond-league-meetings/2018/london-muller-anniversary-games-6333/men/100-metres/final/result,final
Zhenye XIE,CHN,10.01,,,0.1,,,"
        100 Metres Result | London Müller Anniversary Games  
    ",https://worldathletics.org/results/diamond-league-meetings/2018/london-muller-anniversary-games-6333/men/100-metres/final/result,final
Cameron BURRELL,USA,10.07,,,0.1,,,"
        100 Metres Result | London Müller Anniversary Games  
    ",https://worldathletics.org/results/diamond-league-meetings/2018/london-muller-anniversary-games-6333/men/100-metres/final/result,final
Christian COLEMAN,USA,9.98,,,-0.4,,,"
        100 Metres Result | Meeting International Mohammed VI d'Athletisme de Rabat  
    ",https://worldathletics.org/results/diamond-league-meetings/2018/meeting-international-mohammed-vi-dathletisme-6331/men/100-metres/final/result,final
Ronnie BAKER,USA,9.98,,,-0.4,,,"
        100 Metres Result | Meeting International Mohammed VI d'Athletisme de Rabat  
    ",https://worldathletics.org/results/diamond-league-meetings/2018/meeting-international-mohammed-vi-dathletisme-6331/men/100-metres/final/result,final
Noah LYLES,USA,9.99,,,-0.4,,,"
        100 Metres Result | Meeting International Mohammed VI d'Athletisme de Rabat  
    ",https://worldathletics.org/results/diamond-league-meetings/2018/meeting-international-mohammed-vi-dathletisme-6331/men/100-metres/final/result,final
Michael RODGERS,USA,10.01,,,-0.4,,,"
        100 Metres Result | Meeting International Mohammed VI d'Athletisme de Rabat  
    ",https://worldathletics.org/results/diamond-league-meetings/2018/meeting-international-mohammed-vi-dathletisme-6331/men/100-metres/final/result,final
Reece PRESCOD,GBR,10.09,,,-0.4,,,"
        100 Metres Result | Meeting International Mohammed VI d'Athletisme de Rabat  
    ",https://worldathletics.org/results/diamond-league-meetings/2018/meeting-international-mohammed-vi-dathletisme-6331/men/100-metres/final/result,final
Chijindu UJAH,GBR,10.19,,,-0.4,,,"
        100 Metres Result | Meeting International Mohammed VI d'Athletisme de Rabat  
    ",https://worldathletics.org/results/diamond-league-meetings/2018/meeting-international-mohammed-vi-dathletisme-6331/men/100-metres/final/result,final
Yoshihide KIRYU,JPN,10.2,,,-0.4,,,"
        100 Metres Result | Meeting International Mohammed VI d'Athletisme de Rabat  
    ",https://worldathletics.org/results/diamond-league-meetings/2018/meeting-international-mohammed-vi-dathletisme-6331/men/100-metres/final/result,final
Arthur CISSÉ,CIV,10.22,,,-0.4,,,"
        100 Metres Result | Meeting International Mohammed VI d'Athletisme de Rabat  
    ",https://worldathletics.org/results/diamond-league-meetings/2018/meeting-international-mohammed-vi-dathletisme-6331/men/100-metres/final/result,final
Abdullah Abkar MOHAMMED,KSA,10.3,,,-0.4,,,"
        100 Metres Result | Meeting International Mohammed VI d'Athletisme de Rabat  
    ",https://worldathletics.org/results/diamond-league-meetings/2018/meeting-international-mohammed-vi-dathletisme-6331/men/100-metres/final/result,final
Ronnie BAKER,USA,9.88,,,0.8,,,"
        100 Metres Result | Meeting de Paris  
    ",https://worldathletics.org/results/diamond-league-meetings/2018/meeting-de-paris-6329/men/100-metres/final/result,final
Jimmy VICAUT,FRA,9.91,,,0.8,,,"
        100 Metres Result | Meeting de Paris  
    ",https://worldathletics.org/results/diamond-league-meetings/2018/meeting-de-paris-6329/men/100-metres/final/result,final
Bingtian SU,CHN,9.91,,,0.8,,,"
        100 Metres Result | Meeting de Paris  
    ",https://worldathletics.org/results/diamond-league-meetings/2018/meeting-de-paris-6329/men/100-metres/final/result,final
Akani SIMBINE,RSA,9.94,,,0.8,,,"
        100 Metres Result | Meeting de Paris  
    ",https://worldathletics.org/results/diamond-league-meetings/2018/meeting-de-paris-6329/men/100-metres/final/result,final
Yohan BLAKE,JAM,10.03,,,0.8,,,"
        100 Metres Result | Meeting de Paris  
    ",https://worldathletics.org/results/diamond-league-meetings/2018/meeting-de-paris-6329/men/100-metres/final/result,final
Michael RODGERS,USA,10.1,,,0.8,,,"
        100 Metres Result | Meeting de Paris  
    ",https://worldathletics.org/results/diamond-league-meetings/2018/meeting-de-paris-6329/men/100-metres/final/result,final
Arthur CISSÉ,CIV,10.15,,,0.8,,,"
        100 Metres Result | Meeting de Paris  
    ",https://worldathletics.org/results/diamond-league-meetings/2018/meeting-de-paris-6329/men/100-metres/final/result,final
Jeffery Demps,USA,10.23,,,0.8,,,"
        100 Metres Result | Meeting de Paris  
    ",https://worldathletics.org/results/diamond-league-meetings/2018/meeting-de-paris-6329/men/100-metres/final/result,final
Hassan TAFTIAN,IRI,10.07,,,2.0,,,"
        100 Metres Result | Stockholm BAUHAUS-galan  
    ",https://worldathletics.org/results/diamond-league-meetings/2018/stockholm-bauhaus-galan-6328/men/100-metres/final/result,final
Yoshihide KIRYU,JPN,10.15,,,2.0,,,"
        100 Metres Result | Stockholm BAUHAUS-galan  
    ",https://worldathletics.org/results/diamond-league-meetings/2018/stockholm-bauhaus-galan-6328/men/100-metres/final/result,final
Gavin SMELLIE,CAN,10.17,,,2.0,,,"
        100 Metres Result | Stockholm BAUHAUS-galan  
    ",https://worldathletics.org/results/diamond-league-meetings/2018/stockholm-bauhaus-galan-6328/men/100-metres/final/result,final
Kemar HYMAN,CAY,10.28,,,2.0,,,"
        100 Metres Result | Stockholm BAUHAUS-galan  
    ",https://worldathletics.org/results/diamond-league-meetings/2018/stockholm-bauhaus-galan-6328/men/100-metres/final/result,final
Dennis Leal,SWE,10.45,,,2.0,,,"
        100 Metres Result | Stockholm BAUHAUS-galan  
    ",https://worldathletics.org/results/diamond-league-meetings/2018/stockholm-bauhaus-galan-6328/men/100-metres/final/result,final
Edel Rogelio AMORES,CUB,10.68,,,2.0,,,"
        100 Metres Result | Stockholm BAUHAUS-galan  
    ",https://worldathletics.org/results/diamond-league-meetings/2018/stockholm-bauhaus-galan-6328/men/100-metres/final/result,final
Odain ROSE,SWE,10.74,,,2.0,,,"
        100 Metres Result | Stockholm BAUHAUS-galan  
    ",https://worldathletics.org/results/diamond-league-meetings/2018/stockholm-bauhaus-galan-6328/men/100-metres/final/result,final
Eetu Rantala,FIN,10.75,,,2.0,,,"
        100 Metres Result | Stockholm BAUHAUS-galan  
    ",https://worldathletics.org/results/diamond-league-meetings/2018/stockholm-bauhaus-galan-6328/men/100-metres/final/result,final
Ronnie BAKER,USA,9.93,,,-0.4,,,"
        100 Metres Result | Roma Golden Gala - Pietro Mennea  
    ",https://worldathletics.org/results/diamond-league-meetings/2018/roma-golden-gala-pietro-mennea-6326/men/100-metres/final/result,final
Jimmy VICAUT,FRA,10.02,,,-0.4,,,"
        100 Metres Result | Roma Golden Gala - Pietro Mennea  
    ",https://worldathletics.org/results/diamond-league-meetings/2018/roma-golden-gala-pietro-mennea-6326/men/100-metres/final/result,final
Filippo TORTU,ITA,10.04,,,-0.4,,,"
        100 Metres Result | Roma Golden Gala - Pietro Mennea  
    ",https://worldathletics.org/results/diamond-league-meetings/2018/roma-golden-gala-pietro-mennea-6326/men/100-metres/final/result,final
Christian COLEMAN,USA,10.06,,,-0.4,,,"
        100 Metres Result | Roma Golden Gala - Pietro Mennea  
    ",https://worldathletics.org/results/diamond-league-meetings/2018/roma-golden-gala-pietro-mennea-6326/men/100-metres/final/result,final
Akani SIMBINE,RSA,10.13,,,-0.4,,,"
        100 Metres Result | Roma Golden Gala - Pietro Mennea  
    ",https://worldathletics.org/results/diamond-league-meetings/2018/roma-golden-gala-pietro-mennea-6326/men/100-metres/final/result,final
Michael RODGERS,USA,10.13,,,-0.4,,,"
        100 Metres Result | Roma Golden Gala - Pietro Mennea  
    ",https://worldathletics.org/results/diamond-league-meetings/2018/roma-golden-gala-pietro-mennea-6326/men/100-metres/final/result,final
Lamont Marcell JACOBS,ITA,10.19,,,-0.4,,,"
        100 Metres Result | Roma Golden Gala - Pietro Mennea  
    ",https://worldathletics.org/results/diamond-league-meetings/2018/roma-golden-gala-pietro-mennea-6326/men/100-metres/final/result,final
Ramil GULIYEV,TUR,10.19,,,-0.4,,,"
        100 Metres Result | Roma Golden Gala - Pietro Mennea  
    ",https://worldathletics.org/results/diamond-league-meetings/2018/roma-golden-gala-pietro-mennea-6326/men/100-metres/final/result,final
Isiah YOUNG,USA,10.3,,,-0.4,,,"
        100 Metres Result | Roma Golden Gala - Pietro Mennea  
    ",https://worldathletics.org/results/diamond-league-meetings/2018/roma-golden-gala-pietro-mennea-6326/men/100-metres/final/result,final
Ronnie BAKER,USA,9.78,,,2.4,,,"
        100 Metres Result | Eugene Prefontaine Classic  
    ",https://worldathletics.org/results/diamond-league-meetings/2018/eugene-prefontaine-classic-6325/men/100-metres/final/result,final
Christian COLEMAN,USA,9.84,,,2.4,,,"
        100 Metres Result | Eugene Prefontaine Classic  
    ",https://worldathletics.org/results/diamond-league-meetings/2018/eugene-prefontaine-classic-6325/men/100-metres/final/result,final
Reece PRESCOD,GBR,9.88,,,2.4,,,"
        100 Metres Result | Eugene Prefontaine Classic  
    ",https://worldathletics.org/results/diamond-league-meetings/2018/eugene-prefontaine-classic-6325/men/100-metres/final/result,final
Bingtian SU,CHN,9.9,,,2.4,,,"
        100 Metres Result | Eugene Prefontaine Classic  
    ",https://worldathletics.org/results/diamond-league-meetings/2018/eugene-prefontaine-classic-6325/men/100-metres/final/result,final
Isiah YOUNG,USA,9.94,,,2.4,,,"
        100 Metres Result | Eugene Prefontaine Classic  
    ",https://worldathletics.org/results/diamond-league-meetings/2018/eugene-prefontaine-classic-6325/men/100-metres/final/result,final
Chijindu UJAH,GBR,10.12,,,2.4,,,"
        100 Metres Result | Eugene Prefontaine Classic  
    ",https://worldathletics.org/results/diamond-league-meetings/2018/eugene-prefontaine-classic-6325/men/100-metres/final/result,final
Ben Youssef Meité,CIV,10.13,,,2.4,,,"
        100 Metres Result | Eugene Prefontaine Classic  
    ",https://worldathletics.org/results/diamond-league-meetings/2018/eugene-prefontaine-classic-6325/men/100-metres/final/result,final
Gavin SMELLIE,CAN,10.16,,,2.4,,,"
        100 Metres Result | Eugene Prefontaine Classic  
    ",https://worldathletics.org/results/diamond-league-meetings/2018/eugene-prefontaine-classic-6325/men/100-metres/final/result,final
Reece PRESCOD,GBR,10.04,,,-0.5,,,"
        100 Metres Result | Shanghai IAAF Diamond League  
    ",https://worldathletics.org/results/diamond-league-meetings/2018/shanghai-iaaf-diamond-league-6324/men/100-metres/final/result,final
Bingtian SU,CHN,10.05,,,-0.5,,,"
        100 Metres Result | Shanghai IAAF Diamond League  
    ",https://worldathletics.org/results/diamond-league-meetings/2018/shanghai-iaaf-diamond-league-6324/men/100-metres/final/result,final
Zhenye XIE,CHN,10.17,,,-0.5,,,"
        100 Metres Result | Shanghai IAAF Diamond League  
    ",https://worldathletics.org/results/diamond-league-meetings/2018/shanghai-iaaf-diamond-league-6324/men/100-metres/final/result,final
Chijindu UJAH,GBR,10.18,,,-0.5,,,"
        100 Metres Result | Shanghai IAAF Diamond League  
    ",https://worldathletics.org/results/diamond-league-meetings/2018/shanghai-iaaf-diamond-league-6324/men/100-metres/final/result,final
Isiah YOUNG,USA,10.18,,,-0.5,,,"
        100 Metres Result | Shanghai IAAF Diamond League  
    ",https://worldathletics.org/results/diamond-league-meetings/2018/shanghai-iaaf-diamond-league-6324/men/100-metres/final/result,final
Ramil GULIYEV,TUR,10.2,,,-0.5,,,"
        100 Metres Result | Shanghai IAAF Diamond League  
    ",https://worldathletics.org/results/diamond-league-meetings/2018/shanghai-iaaf-diamond-league-6324/men/100-metres/final/result,final
Justin GATLIN,USA,10.2,,,-0.5,,,"
        100 Metres Result | Shanghai IAAF Diamond League  
    ",https://worldathletics.org/results/diamond-league-meetings/2018/shanghai-iaaf-diamond-league-6324/men/100-metres/final/result,final
Andre DE GRASSE,CAN,10.25,,,-0.5,,,"
        100 Metres Result | Shanghai IAAF Diamond League  
    ",https://worldathletics.org/results/diamond-league-meetings/2018/shanghai-iaaf-diamond-league-6324/men/100-metres/final/result,final
Yoshihide KIRYU,JPN,10.26,,,-0.5,,,"
        100 Metres Result | Shanghai IAAF Diamond League  
    ",https://worldathletics.org/results/diamond-league-meetings/2018/shanghai-iaaf-diamond-league-6324/men/100-metres/final/result,final
Noah LYLES,USA,9.98,,,-0.4,,,"
        100 Metres Result | Weltklasse Zürich  
    ",https://worldathletics.org/results/diamond-league-meetings/2019/weltklasse-zurich-6538/men/100-metres/final/result,final
Zhenye XIE,CHN,10.04,,,-0.4,,,"
        100 Metres Result | Weltklasse Zürich  
    ",https://worldathletics.org/results/diamond-league-meetings/2019/weltklasse-zurich-6538/men/100-metres/final/result,final
Yohan BLAKE,JAM,10.07,,,-0.4,,,"
        100 Metres Result | Weltklasse Zürich  
    ",https://worldathletics.org/results/diamond-league-meetings/2019/weltklasse-zurich-6538/men/100-metres/final/result,final
Justin GATLIN,USA,10.08,,,-0.4,,,"
        100 Metres Result | Weltklasse Zürich  
    ",https://worldathletics.org/results/diamond-league-meetings/2019/weltklasse-zurich-6538/men/100-metres/final/result,final
Akani SIMBINE,RSA,10.1,,,-0.4,,,"
        100 Metres Result | Weltklasse Zürich  
    ",https://worldathletics.org/results/diamond-league-meetings/2019/weltklasse-zurich-6538/men/100-metres/final/result,final
Zharnel HUGHES,GBR,10.15,,,-0.4,,,"
        100 Metres Result | Weltklasse Zürich  
    ",https://worldathletics.org/results/diamond-league-meetings/2019/weltklasse-zurich-6538/men/100-metres/final/result,final
Adam GEMILI,GBR,10.15,,,-0.4,,,"
        100 Metres Result | Weltklasse Zürich  
    ",https://worldathletics.org/results/diamond-league-meetings/2019/weltklasse-zurich-6538/men/100-metres/final/result,final
Michael RODGERS,USA,10.16,,,-0.4,,,"
        100 Metres Result | Weltklasse Zürich  
    ",https://worldathletics.org/results/diamond-league-meetings/2019/weltklasse-zurich-6538/men/100-metres/final/result,final
Alex WILSON,SUI,10.4,,,-0.4,,,"
        100 Metres Result | Weltklasse Zürich  
    ",https://worldathletics.org/results/diamond-league-meetings/2019/weltklasse-zurich-6538/men/100-metres/final/result,final
Yohan BLAKE,JAM,10.07,,,2.0,,,"
        100 Metres Result | Müller Grand Prix  
    ",https://worldathletics.org/results/diamond-league-meetings/2019/muller-grand-prix-6537/men/100-metres/final/result,final
Adam GEMILI,GBR,10.07,,,2.0,,,"
        100 Metres Result | Müller Grand Prix  
    ",https://worldathletics.org/results/diamond-league-meetings/2019/muller-grand-prix-6537/men/100-metres/final/result,final
Michael RODGERS,USA,10.09,,,2.0,,,"
        100 Metres Result | Müller Grand Prix  
    ",https://worldathletics.org/results/diamond-league-meetings/2019/muller-grand-prix-6537/men/100-metres/final/result,final
Christopher BELCHER,USA,10.13,,,2.0,,,"
        100 Metres Result | Müller Grand Prix  
    ",https://worldathletics.org/results/diamond-league-meetings/2019/muller-grand-prix-6537/men/100-metres/final/result,final
Andre DE GRASSE,CAN,10.13,,,2.0,,,"
        100 Metres Result | Müller Grand Prix  
    ",https://worldathletics.org/results/diamond-league-meetings/2019/muller-grand-prix-6537/men/100-metres/final/result,final
Tyquendo TRACEY,JAM,10.14,,,2.0,,,"
        100 Metres Result | Müller Grand Prix  
    ",https://worldathletics.org/results/diamond-league-meetings/2019/muller-grand-prix-6537/men/100-metres/final/result,final
Akani SIMBINE,RSA,10.15,,,2.0,,,"
        100 Metres Result | Müller Grand Prix  
    ",https://worldathletics.org/results/diamond-league-meetings/2019/muller-grand-prix-6537/men/100-metres/final/result,final
Zhenye XIE,CHN,10.17,,,2.0,,,"
        100 Metres Result | Müller Grand Prix  
    ",https://worldathletics.org/results/diamond-league-meetings/2019/muller-grand-prix-6537/men/100-metres/final/result,final
Akani SIMBINE,RSA,9.93,,,0.5,,,"
        100 Metres Result | Müller Anniversary Games  
    ",https://worldathletics.org/results/diamond-league-meetings/2019/muller-anniversary-games-6536/men/100-metres/final/result,final
Zharnel HUGHES,GBR,9.95,,,0.5,,,"
        100 Metres Result | Müller Anniversary Games  
    ",https://worldathletics.org/results/diamond-league-meetings/2019/muller-anniversary-games-6536/men/100-metres/final/result,final
Yohan BLAKE,JAM,9.97,,,0.5,,,"
        100 Metres Result | Müller Anniversary Games  
    ",https://worldathletics.org/results/diamond-league-meetings/2019/muller-anniversary-games-6536/men/100-metres/final/result,final
Yuki KOIKE,JPN,9.98,,,0.5,,,"
        100 Metres Result | Müller Anniversary Games  
    ",https://worldathletics.org/results/diamond-league-meetings/2019/muller-anniversary-games-6536/men/100-metres/final/result,final
Andre DE GRASSE,CAN,9.99,,,0.5,,,"
        100 Metres Result | Müller Anniversary Games  
    ",https://worldathletics.org/results/diamond-league-meetings/2019/muller-anniversary-games-6536/men/100-metres/final/result,final
Adam GEMILI,GBR,10.04,,,0.5,,,"
        100 Metres Result | Müller Anniversary Games  
    ",https://worldathletics.org/results/diamond-league-meetings/2019/muller-anniversary-games-6536/men/100-metres/final/result,final
Yoshihide KIRYU,JPN,10.13,,,0.5,,,"
        100 Metres Result | Müller Anniversary Games  
    ",https://worldathletics.org/results/diamond-league-meetings/2019/muller-anniversary-games-6536/men/100-metres/final/result,final
Cejhae GREENE,ANT,10.19,,,0.5,,,"
        100 Metres Result | Müller Anniversary Games  
    ",https://worldathletics.org/results/diamond-league-meetings/2019/muller-anniversary-games-6536/men/100-metres/final/result,final
Arthur CISSÉ,CIV,10.25,,,0.5,,,"
        100 Metres Result | Müller Anniversary Games  
    ",https://worldathletics.org/results/diamond-league-meetings/2019/muller-anniversary-games-6536/men/100-metres/final/result,final
Justin GATLIN,USA,9.91,,,0.3,,,"
        100 Metres Result | Herculis  
    ",https://worldathletics.org/results/diamond-league-meetings/2019/herculis-6535/men/100-metres/final/result,final
Noah LYLES,USA,9.92,,,0.3,,,"
        100 Metres Result | Herculis  
    ",https://worldathletics.org/results/diamond-league-meetings/2019/herculis-6535/men/100-metres/final/result,final
Michael RODGERS,USA,10.01,,,0.3,,,"
        100 Metres Result | Herculis  
    ",https://worldathletics.org/results/diamond-league-meetings/2019/herculis-6535/men/100-metres/final/result,final
Akani SIMBINE,RSA,10.04,,,0.3,,,"
        100 Metres Result | Herculis  
    ",https://worldathletics.org/results/diamond-league-meetings/2019/herculis-6535/men/100-metres/final/result,final
Cravon GILLESPIE,USA,10.14,,,0.3,,,"
        100 Metres Result | Herculis  
    ",https://worldathletics.org/results/diamond-league-meetings/2019/herculis-6535/men/100-metres/final/result,final
Jimmy VICAUT,FRA,10.17,,,0.3,,,"
        100 Metres Result | Herculis  
    ",https://worldathletics.org/results/diamond-league-meetings/2019/herculis-6535/men/100-metres/final/result,final
Arthur CISSÉ,CIV,10.25,,,0.3,,,"
        100 Metres Result | Herculis  
    ",https://worldathletics.org/results/diamond-league-meetings/2019/herculis-6535/men/100-metres/final/result,final
Divine ODUDURU,NGR,10.26,,,0.3,,,"
        100 Metres Result | Herculis  
    ",https://worldathletics.org/results/diamond-league-meetings/2019/herculis-6535/men/100-metres/final/result,final
Justin GATLIN,USA,9.92,,,0.2,,,"
        100 Metres Result | Athletissima Lausanne  
    ",https://worldathletics.org/results/diamond-league-meetings/2019/athletissima-lausanne-6533/men/100-metres/final/result,final
Michael RODGERS,USA,10.01,,,0.2,,,"
        100 Metres Result | Athletissima Lausanne  
    ",https://worldathletics.org/results/diamond-league-meetings/2019/athletissima-lausanne-6533/men/100-metres/final/result,final
Aaron BROWN,CAN,10.07,,,0.2,,,"
        100 Metres Result | Athletissima Lausanne  
    ",https://worldathletics.org/results/diamond-league-meetings/2019/athletissima-lausanne-6533/men/100-metres/final/result,final
Arthur CISSÉ,CIV,10.08,,,0.2,,,"
        100 Metres Result | Athletissima Lausanne  
    ",https://worldathletics.org/results/diamond-league-meetings/2019/athletissima-lausanne-6533/men/100-metres/final/result,final
Cameron BURRELL,USA,10.18,,,0.2,,,"
        100 Metres Result | Athletissima Lausanne  
    ",https://worldathletics.org/results/diamond-league-meetings/2019/athletissima-lausanne-6533/men/100-metres/final/result,final
Devin QUINN,USA,10.19,,,0.2,,,"
        100 Metres Result | Athletissima Lausanne  
    ",https://worldathletics.org/results/diamond-league-meetings/2019/athletissima-lausanne-6533/men/100-metres/final/result,final
Kendal WILLIAMS,USA,10.2,,,0.2,,,"
        100 Metres Result | Athletissima Lausanne  
    ",https://worldathletics.org/results/diamond-league-meetings/2019/athletissima-lausanne-6533/men/100-metres/final/result,final
Devon ALLEN,USA,10.33,,,0.2,,,"
        100 Metres Result | Athletissima Lausanne  
    ",https://worldathletics.org/results/diamond-league-meetings/2019/athletissima-lausanne-6533/men/100-metres/final/result,final
Christian COLEMAN,USA,9.81,,,-0.1,,,"
        100 Metres Result | Prefontaine Classic  
    ",https://worldathletics.org/results/diamond-league-meetings/2019/prefontaine-classic-6528/men/100-metres/final/result,final
Justin GATLIN,USA,9.87,,,-0.1,,,"
        100 Metres Result | Prefontaine Classic  
    ",https://worldathletics.org/results/diamond-league-meetings/2019/prefontaine-classic-6528/men/100-metres/final/result,final
Zharnel HUGHES,GBR,9.97,,,-0.1,,,"
        100 Metres Result | Prefontaine Classic  
    ",https://worldathletics.org/results/diamond-league-meetings/2019/prefontaine-classic-6528/men/100-metres/final/result,final
Cravon GILLESPIE,USA,10.05,,,-0.1,,,"
        100 Metres Result | Prefontaine Classic  
    ",https://worldathletics.org/results/diamond-league-meetings/2019/prefontaine-classic-6528/men/100-metres/final/result,final
Michael RODGERS,USA,10.08,,,-0.1,,,"
        100 Metres Result | Prefontaine Classic  
    ",https://worldathletics.org/results/diamond-league-meetings/2019/prefontaine-classic-6528/men/100-metres/final/result,final
Arthur CISSÉ,CIV,10.12,,,-0.1,,,"
        100 Metres Result | Prefontaine Classic  
    ",https://worldathletics.org/results/diamond-league-meetings/2019/prefontaine-classic-6528/men/100-metres/final/result,final
Filippo TORTU,ITA,10.21,,,-0.1,,,"
        100 Metres Result | Prefontaine Classic  
    ",https://worldathletics.org/results/diamond-league-meetings/2019/prefontaine-classic-6528/men/100-metres/final/result,final
Cameron BURRELL,USA,10.21,,,-0.1,,,"
        100 Metres Result | Prefontaine Classic  
    ",https://worldathletics.org/results/diamond-league-meetings/2019/prefontaine-classic-6528/men/100-metres/final/result,final
Tyquendo TRACEY,JAM,10.42,,,-0.1,,,"
        100 Metres Result | Prefontaine Classic  
    ",https://worldathletics.org/results/diamond-league-meetings/2019/prefontaine-classic-6528/men/100-metres/final/result,final
Christian COLEMAN,USA,9.85,,,0.9,,,"
        100 Metres Result | Oslo Bislett Games  
    ",https://worldathletics.org/results/diamond-league-meetings/2019/oslo-bislett-games-6530/men/100-metres/final/result,final
Zhenye XIE,CHN,10.01,,,0.9,,,"
        100 Metres Result | Oslo Bislett Games  
    ",https://worldathletics.org/results/diamond-league-meetings/2019/oslo-bislett-games-6530/men/100-metres/final/result,final
Michael RODGERS,USA,10.04,,,0.9,,,"
        100 Metres Result | Oslo Bislett Games  
    ",https://worldathletics.org/results/diamond-league-meetings/2019/oslo-bislett-games-6530/men/100-metres/final/result,final
Filippo TORTU,ITA,10.1,,,0.9,,,"
        100 Metres Result | Oslo Bislett Games  
    ",https://worldathletics.org/results/diamond-league-meetings/2019/oslo-bislett-games-6530/men/100-metres/final/result,final
Yuki KOIKE,JPN,10.15,,,0.9,,,"
        100 Metres Result | Oslo Bislett Games  
    ",https://worldathletics.org/results/diamond-league-meetings/2019/oslo-bislett-games-6530/men/100-metres/final/result,final
Chijindu UJAH,GBR,10.18,,,0.9,,,"
        100 Metres Result | Oslo Bislett Games  
    ",https://worldathletics.org/results/diamond-league-meetings/2019/oslo-bislett-games-6530/men/100-metres/final/result,final
Tommy RAMDHAN,GBR,10.28,,,0.9,,,"
        100 Metres Result | Oslo Bislett Games  
    ",https://worldathletics.org/results/diamond-league-meetings/2019/oslo-bislett-games-6530/men/100-metres/final/result,final
Reece PRESCOD,GBR,10.76,,,0.9,,,"
        100 Metres Result | Oslo Bislett Games  
    ",https://worldathletics.org/results/diamond-league-meetings/2019/oslo-bislett-games-6530/men/100-metres/final/result,final
Noah LYLES,USA,9.86,,,0.9,,,"
        100 Metres Result | IAAF Diamond League  
    ",https://worldathletics.org/results/diamond-league-meetings/2019/iaaf-diamond-league-6527/men/100-metres/final/result,final
Christian COLEMAN,USA,9.86,,,0.9,,,"
        100 Metres Result | IAAF Diamond League  
    ",https://worldathletics.org/results/diamond-league-meetings/2019/iaaf-diamond-league-6527/men/100-metres/final/result,final
Akani SIMBINE,RSA,9.95,,,0.9,,,"
        100 Metres Result | IAAF Diamond League  
    ",https://worldathletics.org/results/diamond-league-meetings/2019/iaaf-diamond-league-6527/men/100-metres/final/result,final
Reece PRESCOD,GBR,9.97,,,0.9,,,"
        100 Metres Result | IAAF Diamond League  
    ",https://worldathletics.org/results/diamond-league-meetings/2019/iaaf-diamond-league-6527/men/100-metres/final/result,final
Bingtian SU,CHN,10.05,,,0.9,,,"
        100 Metres Result | IAAF Diamond League  
    ",https://worldathletics.org/results/diamond-league-meetings/2019/iaaf-diamond-league-6527/men/100-metres/final/result,final
Zhenye XIE,CHN,10.09,,,0.9,,,"
        100 Metres Result | IAAF Diamond League  
    ",https://worldathletics.org/results/diamond-league-meetings/2019/iaaf-diamond-league-6527/men/100-metres/final/result,final
Isiah YOUNG,USA,10.14,,,0.9,,,"
        100 Metres Result | IAAF Diamond League  
    ",https://worldathletics.org/results/diamond-league-meetings/2019/iaaf-diamond-league-6527/men/100-metres/final/result,final
Michael RODGERS,USA,10.15,,,0.9,,,"
        100 Metres Result | IAAF Diamond League  
    ",https://worldathletics.org/results/diamond-league-meetings/2019/iaaf-diamond-league-6527/men/100-metres/final/result,final
Tyquendo TRACEY,JAM,10.18,,,0.9,,,"
        100 Metres Result | IAAF Diamond League  
    ",https://worldathletics.org/results/diamond-league-meetings/2019/iaaf-diamond-league-6527/men/100-metres/final/result,final
Akani SIMBINE,RSA,9.96,,,0.3,,,"
        100 Metres Result | Golden Gala Pietro Mennea  
    ",https://worldathletics.org/results/diamond-league-meetings/2020/golden-gala-pietro-mennea-6775/men/100-metres/final/result,final
Arthur CISSÉ,CIV,10.04,,,0.3,,,"
        100 Metres Result | Golden Gala Pietro Mennea  
    ",https://worldathletics.org/results/diamond-league-meetings/2020/golden-gala-pietro-mennea-6775/men/100-metres/final/result,final
Filippo TORTU,ITA,10.09,,,0.3,,,"
        100 Metres Result | Golden Gala Pietro Mennea  
    ",https://worldathletics.org/results/diamond-league-meetings/2020/golden-gala-pietro-mennea-6775/men/100-metres/final/result,final
Lamont Marcell JACOBS,ITA,10.11,,,0.3,,,"
        100 Metres Result | Golden Gala Pietro Mennea  
    ",https://worldathletics.org/results/diamond-league-meetings/2020/golden-gala-pietro-mennea-6775/men/100-metres/final/result,final
Michael RODGERS,USA,10.12,,,0.3,,,"
        100 Metres Result | Golden Gala Pietro Mennea  
    ",https://worldathletics.org/results/diamond-league-meetings/2020/golden-gala-pietro-mennea-6775/men/100-metres/final/result,final
Julian FORTE,JAM,10.15,,,0.3,,,"
        100 Metres Result | Golden Gala Pietro Mennea  
    ",https://worldathletics.org/results/diamond-league-meetings/2020/golden-gala-pietro-mennea-6775/men/100-metres/final/result,final
Deniz ALMAS,GER,10.27,,,0.3,,,"
        100 Metres Result | Golden Gala Pietro Mennea  
    ",https://worldathletics.org/results/diamond-league-meetings/2020/golden-gala-pietro-mennea-6775/men/100-metres/final/result,final
Mouhamadou FALL,FRA,10.29,,,0.3,,,"
        100 Metres Result | Golden Gala Pietro Mennea  
    ",https://worldathletics.org/results/diamond-league-meetings/2020/golden-gala-pietro-mennea-6775/men/100-metres/final/result,final
Mario BURKE,BAR,10.34,,,0.3,,,"
        100 Metres Result | Golden Gala Pietro Mennea  
    ",https://worldathletics.org/results/diamond-league-meetings/2020/golden-gala-pietro-mennea-6775/men/100-metres/final/result,final
Salun Ageze Kashaali,NOR,10.59,,,0.2,,,"
        100 Metres Result | Impossible Games  
    ",https://worldathletics.org/results/diamond-league-meetings/2020/impossible-games-6778/men/100-metres/final/result,final
Mathias Hove JOHANSEN,NOR,10.78,,,0.2,,,"
        100 Metres Result | Impossible Games  
    ",https://worldathletics.org/results/diamond-league-meetings/2020/impossible-games-6778/men/100-metres/final/result,final
Christian Marthinussen,NOR,,DQ,,0.2,,,"
        100 Metres Result | Impossible Games  
    ",https://worldathletics.org/results/diamond-league-meetings/2020/impossible-games-6778/men/100-metres/final/result,final
Fred KERLEY,USA,9.87,,,-0.4,,,"
        100 Metres Result | Weltklasse Zürich  
    ",https://worldathletics.org/results/diamond-league-meetings/2021/weltklasse-zurich-7058/men/100-metres/final/result,final
Andre DE GRASSE,CAN,9.89,,,-0.4,,,"
        100 Metres Result | Weltklasse Zürich  
    ",https://worldathletics.org/results/diamond-league-meetings/2021/weltklasse-zurich-7058/men/100-metres/final/result,final
Ronnie BAKER,USA,9.91,,,-0.4,,,"
        100 Metres Result | Weltklasse Zürich  
    ",https://worldathletics.org/results/diamond-league-meetings/2021/weltklasse-zurich-7058/men/100-metres/final/result,final
Trayvon BROMELL,USA,9.96,,,-0.4,,,"
        100 Metres Result | Weltklasse Zürich  
    ",https://worldathletics.org/results/diamond-league-meetings/2021/weltklasse-zurich-7058/men/100-metres/final/result,final
Akani SIMBINE,RSA,10.1,,,-0.4,,,"
        100 Metres Result | Weltklasse Zürich  
    ",https://worldathletics.org/results/diamond-league-meetings/2021/weltklasse-zurich-7058/men/100-metres/final/result,final
Rohan BROWNING,AUS,10.18,,,-0.4,,,"
        100 Metres Result | Weltklasse Zürich  
    ",https://worldathletics.org/results/diamond-league-meetings/2021/weltklasse-zurich-7058/men/100-metres/final/result,final
Michael RODGERS,USA,10.23,,,-0.4,,,"
        100 Metres Result | Weltklasse Zürich  
    ",https://worldathletics.org/results/diamond-league-meetings/2021/weltklasse-zurich-7058/men/100-metres/final/result,final
Silvan WICKI,SUI,10.25,,,-0.4,,,"
        100 Metres Result | Weltklasse Zürich  
    ",https://worldathletics.org/results/diamond-league-meetings/2021/weltklasse-zurich-7058/men/100-metres/final/result,final
Yupun ABEYKOON,SRI,10.25,,,-0.4,,,"
        100 Metres Result | Weltklasse Zürich  
    ",https://worldathletics.org/results/diamond-league-meetings/2021/weltklasse-zurich-7058/men/100-metres/final/result,final
Fred KERLEY,USA,9.94,,,0.1,,,"
        100 Metres Result | Allianz Memorial Van Damme  
    ",https://worldathletics.org/results/diamond-league-meetings/2021/allianz-memorial-van-damme-7056/men/100-metres/final/result,final
Trayvon BROMELL,USA,9.97,,,0.1,,,"
        100 Metres Result | Allianz Memorial Van Damme  
    ",https://worldathletics.org/results/diamond-league-meetings/2021/allianz-memorial-van-damme-7056/men/100-metres/final/result,final
Michael NORMAN,USA,9.98,,,0.1,,,"
        100 Metres Result | Allianz Memorial Van Damme  
    ",https://worldathletics.org/results/diamond-league-meetings/2021/allianz-memorial-van-damme-7056/men/100-metres/final/result,final
Ferdinand OMANYALA,KEN,10.02,,,0.1,,,"
        100 Metres Result | Allianz Memorial Van Damme  
    ",https://worldathletics.org/results/diamond-league-meetings/2021/allianz-memorial-van-damme-7056/men/100-metres/final/result,final
Rohan BROWNING,AUS,10.14,,,0.1,,,"
        100 Metres Result | Allianz Memorial Van Damme  
    ",https://worldathletics.org/results/diamond-league-meetings/2021/allianz-memorial-van-damme-7056/men/100-metres/final/result,final
Akani SIMBINE,RSA,10.18,,,0.1,,,"
        100 Metres Result | Allianz Memorial Van Damme  
    ",https://worldathletics.org/results/diamond-league-meetings/2021/allianz-memorial-van-damme-7056/men/100-metres/final/result,final
Mouhamadou FALL,FRA,10.19,,,0.1,,,"
        100 Metres Result | Allianz Memorial Van Damme  
    ",https://worldathletics.org/results/diamond-league-meetings/2021/allianz-memorial-van-damme-7056/men/100-metres/final/result,final
Arthur CISSÉ,CIV,10.34,,,0.1,,,"
        100 Metres Result | Allianz Memorial Van Damme  
    ",https://worldathletics.org/results/diamond-league-meetings/2021/allianz-memorial-van-damme-7056/men/100-metres/final/result,final
Cejhae GREENE,ANT,,,,,,,"
        100 Metres Result | Meeting de Paris  
    ",https://worldathletics.org/results/diamond-league-meetings/2021/meeting-de-paris-7055/men/100-metres/final/result,final
Arthur CISSÉ,CIV,,,,,,,"
        100 Metres Result | Meeting de Paris  
    ",https://worldathletics.org/results/diamond-league-meetings/2021/meeting-de-paris-7055/men/100-metres/final/result,final
Julian FORTE,JAM,,,,,,,"
        100 Metres Result | Meeting de Paris  
    ",https://worldathletics.org/results/diamond-league-meetings/2021/meeting-de-paris-7055/men/100-metres/final/result,final
Amaury GOLITIN,FRA,,,,,,,"
        100 Metres Result | Meeting de Paris  
    ",https://worldathletics.org/results/diamond-league-meetings/2021/meeting-de-paris-7055/men/100-metres/final/result,final
Jimmy VICAUT,FRA,,,,,,,"
        100 Metres Result | Meeting de Paris  
    ",https://worldathletics.org/results/diamond-league-meetings/2021/meeting-de-paris-7055/men/100-metres/final/result,final
Marvin BRACY,USA,,,,,,,"
        100 Metres Result | Meeting de Paris  
    ",https://worldathletics.org/results/diamond-league-meetings/2021/meeting-de-paris-7055/men/100-metres/final/result,final
Méba Mickaël ZEZE,FRA,,,,,,,"
        100 Metres Result | Meeting de Paris  
    ",https://worldathletics.org/results/diamond-league-meetings/2021/meeting-de-paris-7055/men/100-metres/final/result,final
Nigel ELLIS,JAM,,,,,,,"
        100 Metres Result | Meeting de Paris  
    ",https://worldathletics.org/results/diamond-league-meetings/2021/meeting-de-paris-7055/men/100-metres/final/result,final
Andre DE GRASSE,CAN,9.74,,,2.9,,,"
        100 Metres Result | Prefontaine Classic  
    ",https://worldathletics.org/results/diamond-league-meetings/2021/prefontaine-classic-7044/men/100-metres/final/result,final
Fred KERLEY,USA,9.78,,,2.9,,,"
        100 Metres Result | Prefontaine Classic  
    ",https://worldathletics.org/results/diamond-league-meetings/2021/prefontaine-classic-7044/men/100-metres/final/result,final
Ronnie BAKER,USA,9.82,,,2.9,,,"
        100 Metres Result | Prefontaine Classic  
    ",https://worldathletics.org/results/diamond-league-meetings/2021/prefontaine-classic-7044/men/100-metres/final/result,final
Trayvon BROMELL,USA,9.86,,,2.9,,,"
        100 Metres Result | Prefontaine Classic  
    ",https://worldathletics.org/results/diamond-league-meetings/2021/prefontaine-classic-7044/men/100-metres/final/result,final
Michael NORMAN,USA,9.9,,,2.9,,,"
        100 Metres Result | Prefontaine Classic  
    ",https://worldathletics.org/results/diamond-league-meetings/2021/prefontaine-classic-7044/men/100-metres/final/result,final
Justin GATLIN,USA,9.93,,,2.9,,,"
        100 Metres Result | Prefontaine Classic  
    ",https://worldathletics.org/results/diamond-league-meetings/2021/prefontaine-classic-7044/men/100-metres/final/result,final
Akani SIMBINE,RSA,9.95,,,2.9,,,"
        100 Metres Result | Prefontaine Classic  
    ",https://worldathletics.org/results/diamond-league-meetings/2021/prefontaine-classic-7044/men/100-metres/final/result,final
Isiah YOUNG,USA,9.98,,,2.9,,,"
        100 Metres Result | Prefontaine Classic  
    ",https://worldathletics.org/results/diamond-league-meetings/2021/prefontaine-classic-7044/men/100-metres/final/result,final
Cravon GILLESPIE,USA,10.09,,,2.9,,,"
        100 Metres Result | Prefontaine Classic  
    ",https://worldathletics.org/results/diamond-league-meetings/2021/prefontaine-classic-7044/men/100-metres/final/result,final
Ronnie BAKER,USA,9.91,,,0.3,,,"
        100 Metres Result | Herculis  
    ",https://worldathletics.org/results/diamond-league-meetings/2021/herculis-7052/men/100-metres/final/result,final
Akani SIMBINE,RSA,9.98,,,0.3,,,"
        100 Metres Result | Herculis  
    ",https://worldathletics.org/results/diamond-league-meetings/2021/herculis-7052/men/100-metres/final/result,final
Lamont Marcell JACOBS,ITA,9.99,,,0.3,,,"
        100 Metres Result | Herculis  
    ",https://worldathletics.org/results/diamond-league-meetings/2021/herculis-7052/men/100-metres/final/result,final
Andre DE GRASSE,CAN,10.0,,,0.3,,,"
        100 Metres Result | Herculis  
    ",https://worldathletics.org/results/diamond-league-meetings/2021/herculis-7052/men/100-metres/final/result,final
Trayvon BROMELL,USA,10.01,,,0.3,,,"
        100 Metres Result | Herculis  
    ",https://worldathletics.org/results/diamond-league-meetings/2021/herculis-7052/men/100-metres/final/result,final
Fred KERLEY,USA,10.15,,,0.3,,,"
        100 Metres Result | Herculis  
    ",https://worldathletics.org/results/diamond-league-meetings/2021/herculis-7052/men/100-metres/final/result,final
Filippo TORTU,ITA,10.17,,,0.3,,,"
        100 Metres Result | Herculis  
    ",https://worldathletics.org/results/diamond-league-meetings/2021/herculis-7052/men/100-metres/final/result,final
Jimmy VICAUT,FRA,,DQ,,0.3,,,"
        100 Metres Result | Herculis  
    ",https://worldathletics.org/results/diamond-league-meetings/2021/herculis-7052/men/100-metres/final/result,final
Akani SIMBINE,RSA,10.08,,,-0.1,,,"
        100 Metres Result | Golden Gala Pietro Mennea  
    ",https://worldathletics.org/results/diamond-league-meetings/2021/golden-gala-pietro-mennea-7045/men/100-metres/final/result,final
Chijindu UJAH,GBR,10.1,,,-0.1,,,"
        100 Metres Result | Golden Gala Pietro Mennea  
    ",https://worldathletics.org/results/diamond-league-meetings/2021/golden-gala-pietro-mennea-7045/men/100-metres/final/result,final
Emmanuel MATADI,LBR,10.16,,,-0.1,,,"
        100 Metres Result | Golden Gala Pietro Mennea  
    ",https://worldathletics.org/results/diamond-league-meetings/2021/golden-gala-pietro-mennea-7045/men/100-metres/final/result,final
Yupun ABEYKOON,SRI,10.16,,,-0.1,,,"
        100 Metres Result | Golden Gala Pietro Mennea  
    ",https://worldathletics.org/results/diamond-league-meetings/2021/golden-gala-pietro-mennea-7045/men/100-metres/final/result,final
Michael RODGERS,USA,10.25,,,-0.1,,,"
        100 Metres Result | Golden Gala Pietro Mennea  
    ",https://worldathletics.org/results/diamond-league-meetings/2021/golden-gala-pietro-mennea-7045/men/100-metres/final/result,final
Arthur CISSÉ,CIV,10.35,,,-0.1,,,"
        100 Metres Result | Golden Gala Pietro Mennea  
    ",https://worldathletics.org/results/diamond-league-meetings/2021/golden-gala-pietro-mennea-7045/men/100-metres/final/result,final
Cejhae GREENE,ANT,10.39,,,-0.1,,,"
        100 Metres Result | Golden Gala Pietro Mennea  
    ",https://worldathletics.org/results/diamond-league-meetings/2021/golden-gala-pietro-mennea-7045/men/100-metres/final/result,final
Jak Ali HARVEY,TUR,10.46,,,-0.1,,,"
        100 Metres Result | Golden Gala Pietro Mennea  
    ",https://worldathletics.org/results/diamond-league-meetings/2021/golden-gala-pietro-mennea-7045/men/100-metres/final/result,final
Femi OGUNODE,QAT,10.0,,,0.9,,,"
        100 Metres Result | Diamond League Meeting  
    ",https://worldathletics.org/results/diamond-league-meetings/2021/diamond-league-meeting-7042/men/100-metres/final/result,final
Mahamat Goubaye YOUSSOUF,CHA,10.26,,,0.9,,,"
        100 Metres Result | Diamond League Meeting  
    ",https://worldathletics.org/results/diamond-league-meetings/2021/diamond-league-meeting-7042/men/100-metres/final/result,final
Owaab BARROW,QAT,10.46,,,0.9,,,"
        100 Metres Result | Diamond League Meeting  
    ",https://worldathletics.org/results/diamond-league-meetings/2021/diamond-league-meeting-7042/men/100-metres/final/result,final
Mahmoud Hafiz IBRAHIM,KSA,10.48,,,0.9,,,"
        100 Metres Result | Diamond League Meeting  
    ",https://worldathletics.org/results/diamond-league-meetings/2021/diamond-league-meeting-7042/men/100-metres/final/result,final
Kayhan ÖZER,TUR,10.48,,,0.9,,,"
        100 Metres Result | Diamond League Meeting  
    ",https://worldathletics.org/results/diamond-league-meetings/2021/diamond-league-meeting-7042/men/100-metres/final/result,final
Mahamat Zakaria KHALID,QAT,10.59,,,0.9,,,"
        100 Metres Result | Diamond League Meeting  
    ",https://worldathletics.org/results/diamond-league-meetings/2021/diamond-league-meeting-7042/men/100-metres/final/result,final
Saeed Othman ALABSI,QAT,10.6,,,0.9,,,"
        100 Metres Result | Diamond League Meeting  
    ",https://worldathletics.org/results/diamond-league-meetings/2021/diamond-league-meeting-7042/men/100-metres/final/result,final
Tosin OGUNODE,QAT,10.72,,,0.9,,,"
        100 Metres Result | Diamond League Meeting  
    ",https://worldathletics.org/results/diamond-league-meetings/2021/diamond-league-meeting-7042/men/100-metres/final/result,final
Akani SIMBINE,RSA,9.97,SB,0.108,,,, SEMI-FINAL | 100 Metres | Results | Oregon 22 | World Athletics Championships  ,https://worldathletics.org/competitions/world-athletics-championships/world-athletics-championships-oregon-2022-7137279/results/men/100-metres/semi-final/result,final
Trayvon BROMELL,USA,9.97,,0.121,,,, SEMI-FINAL | 100 Metres | Results | Oregon 22 | World Athletics Championships  ,https://worldathletics.org/competitions/world-athletics-championships/world-athletics-championships-oregon-2022-7137279/results/men/100-metres/semi-final/result,final
Abdul Hakim SANI BROWN,JPN,10.05,,0.124,,,, SEMI-FINAL | 100 Metres | Results | Oregon 22 | World Athletics Championships  ,https://worldathletics.org/competitions/world-athletics-championships/world-athletics-championships-oregon-2022-7137279/results/men/100-metres/semi-final/result,final
Yohan BLAKE,JAM,10.12,,0.141,,,, SEMI-FINAL | 100 Metres | Results | Oregon 22 | World Athletics Championships  ,https://worldathletics.org/competitions/world-athletics-championships/world-athletics-championships-oregon-2022-7137279/results/men/100-metres/semi-final/result,final
Emmanuel MATADI,LBR,10.12,,0.135,,,, SEMI-FINAL | 100 Metres | Results | Oregon 22 | World Athletics Championships  ,https://worldathletics.org/competitions/world-athletics-championships/world-athletics-championships-oregon-2022-7137279/results/men/100-metres/semi-final/result,final
Arthur CISSÉ,CIV,10.16,,0.129,,,, SEMI-FINAL | 100 Metres | Results | Oregon 22 | World Athletics Championships  ,https://worldathletics.org/competitions/world-athletics-championships/world-athletics-championships-oregon-2022-7137279/results/men/100-metres/semi-final/result,final
Rodrigo DO NASCIMENTO,BRA,10.19,,0.122,,,, SEMI-FINAL | 100 Metres | Results | Oregon 22 | World Athletics Championships  ,https://worldathletics.org/competitions/world-athletics-championships/world-athletics-championships-oregon-2022-7137279/results/men/100-metres/semi-final/result,final
Raymond EKEVWO,NGR,10.2,,0.128,,,, SEMI-FINAL | 100 Metres | Results | Oregon 22 | World Athletics Championships  ,https://worldathletics.org/competitions/world-athletics-championships/world-athletics-championships-oregon-2022-7137279/results/men/100-metres/semi-final/result,final
Marvin BRACY,USA,10.05,,0.115,,,, HEATS | 100 Metres | Results | Oregon 22 | World Athletics Championships  ,https://worldathletics.org/competitions/world-athletics-championships/world-athletics-championships-oregon-2022-7137279/results/men/100-metres/heats/result,final
Ackeem BLAKE,JAM,10.15,,0.139,,,, HEATS | 100 Metres | Results | Oregon 22 | World Athletics Championships  ,https://worldathletics.org/competitions/world-athletics-championships/world-athletics-championships-oregon-2022-7137279/results/men/100-metres/heats/result,final
Raymond EKEVWO,NGR,10.17,,0.116,,,, HEATS | 100 Metres | Results | Oregon 22 | World Athletics Championships  ,https://worldathletics.org/competitions/world-athletics-championships/world-athletics-championships-oregon-2022-7137279/results/men/100-metres/heats/result,final
Cejhae GREENE,ANT,10.17,,0.135,,,, HEATS | 100 Metres | Results | Oregon 22 | World Athletics Championships  ,https://worldathletics.org/competitions/world-athletics-championships/world-athletics-championships-oregon-2022-7137279/results/men/100-metres/heats/result,final
Rohan BROWNING,AUS,10.22,,0.109,,,, HEATS | 100 Metres | Results | Oregon 22 | World Athletics Championships  ,https://worldathletics.org/competitions/world-athletics-championships/world-athletics-championships-oregon-2022-7137279/results/men/100-metres/heats/result,final
Chituru ALI,ITA,10.4,,0.118,,,, HEATS | 100 Metres | Results | Oregon 22 | World Athletics Championships  ,https://worldathletics.org/competitions/world-athletics-championships/world-athletics-championships-oregon-2022-7137279/results/men/100-metres/heats/result,final
Lalu Muhammad ZOHRI,INA,10.42,SB,0.116,,,, HEATS | 100 Metres | Results | Oregon 22 | World Athletics Championships  ,https://worldathletics.org/competitions/world-athletics-championships/world-athletics-championships-oregon-2022-7137279/results/men/100-metres/heats/result,final
Francesco SANSOVINI,SMR,10.71,,0.166,,,, HEATS | 100 Metres | Results | Oregon 22 | World Athletics Championships  ,https://worldathletics.org/competitions/world-athletics-championships/world-athletics-championships-oregon-2022-7137279/results/men/100-metres/heats/result,final
Yohan BLAKE,JAM,9.95,Q,0.181,-0.4,,,"
        100 Metres Result | 13th IAAF World Championships in Athletics  
    ",https://worldathletics.org/results/world-athletics-championships/2011/13th-iaaf-world-championships-in-athletics-7003367/men/100-metres/semi-final/result,final
Walter Dix,USA,10.05,Q,0.179,-0.4,,,"
        100 Metres Result | 13th IAAF World Championships in Athletics  
    ",https://worldathletics.org/results/world-athletics-championships/2011/13th-iaaf-world-championships-in-athletics-7003367/men/100-metres/semi-final/result,final
Jimmy VICAUT,FRA,10.1,q,0.159,-0.4,,,"
        100 Metres Result | 13th IAAF World Championships in Athletics  
    ",https://worldathletics.org/results/world-athletics-championships/2011/13th-iaaf-world-championships-in-athletics-7003367/men/100-metres/semi-final/result,final
Daniel Bailey,ANT,10.14,q,0.153,-0.4,,,"
        100 Metres Result | 13th IAAF World Championships in Athletics  
    ",https://worldathletics.org/results/world-athletics-championships/2011/13th-iaaf-world-championships-in-athletics-7003367/men/100-metres/semi-final/result,final
Keston Bledman,TTO,10.14,,0.138,-0.4,,,"
        100 Metres Result | 13th IAAF World Championships in Athletics  
    ",https://worldathletics.org/results/world-athletics-championships/2011/13th-iaaf-world-championships-in-athletics-7003367/men/100-metres/semi-final/result,final
Andrew Hines,BAR,10.32,,0.159,-0.4,,,"
        100 Metres Result | 13th IAAF World Championships in Athletics  
    ",https://worldathletics.org/results/world-athletics-championships/2011/13th-iaaf-world-championships-in-athletics-7003367/men/100-metres/semi-final/result,final
Ángel David RODRÍGUEZ,ESP,10.49,,0.17,-0.4,,,"
        100 Metres Result | 13th IAAF World Championships in Athletics  
    ",https://worldathletics.org/results/world-athletics-championships/2011/13th-iaaf-world-championships-in-athletics-7003367/men/100-metres/semi-final/result,final
Dwain Chambers,GBR,,DQ,-0.137,-0.4,,,"
        100 Metres Result | 13th IAAF World Championships in Athletics  
    ",https://worldathletics.org/results/world-athletics-championships/2011/13th-iaaf-world-championships-in-athletics-7003367/men/100-metres/semi-final/result,final
Kim COLLINS,SKN,10.13,Q,0.158,-1.7,,,"
        100 Metres Result | 13th IAAF World Championships in Athletics  
    ",https://worldathletics.org/results/world-athletics-championships/2011/13th-iaaf-world-championships-in-athletics-7003367/men/100-metres/heats/result,final
Trell Kimmons,USA,10.32,Q,0.146,-1.7,,,"
        100 Metres Result | 13th IAAF World Championships in Athletics  
    ",https://worldathletics.org/results/world-athletics-championships/2011/13th-iaaf-world-championships-in-athletics-7003367/men/100-metres/heats/result,final
Richard THOMPSON,TTO,10.34,Q,0.193,-1.7,,,"
        100 Metres Result | 13th IAAF World Championships in Athletics  
    ",https://worldathletics.org/results/world-athletics-championships/2011/13th-iaaf-world-championships-in-athletics-7003367/men/100-metres/heats/result,final
Suwaibou Sanneh,GAM,10.5,,0.21,-1.7,,,"
        100 Metres Result | 13th IAAF World Championships in Athletics  
    ",https://worldathletics.org/results/world-athletics-championships/2011/13th-iaaf-world-championships-in-athletics-7003367/men/100-metres/heats/result,final
Ronalds Arajs,LAT,10.52,,0.169,-1.7,,,"
        100 Metres Result | 13th IAAF World Championships in Athletics  
    ",https://worldathletics.org/results/world-athletics-championships/2011/13th-iaaf-world-championships-in-athletics-7003367/men/100-metres/heats/result,final
Peter Emelieze,NGR,10.58,,0.19,-1.7,,,"
        100 Metres Result | 13th IAAF World Championships in Athletics  
    ",https://worldathletics.org/results/world-athletics-championships/2011/13th-iaaf-world-championships-in-athletics-7003367/men/100-metres/heats/result,final
Devilert Arsene Kimbembe,CGO,10.94,,0.355,-1.7,,,"
        100 Metres Result | 13th IAAF World Championships in Athletics  
    ",https://worldathletics.org/results/world-athletics-championships/2011/13th-iaaf-world-championships-in-athletics-7003367/men/100-metres/heats/result,final
Adrian Griffith,BAH,,DQ,-0.091,-1.7,,,"
        100 Metres Result | 13th IAAF World Championships in Athletics  
    ",https://worldathletics.org/results/world-athletics-championships/2011/13th-iaaf-world-championships-in-athletics-7003367/men/100-metres/heats/result,final
Chijindu UJAH,GBR,10.14,Q,,0.1,,,"
        100 Metres Result | London Müller Anniversary Games  
    ",https://worldathletics.org/results/diamond-league-meetings/2016/london-muller-anniversary-games-5842/men/100-metres/heats/result,final
Marvin BRACY,USA,10.17,Q,,0.1,,,"
        100 Metres Result | London Müller Anniversary Games  
    ",https://worldathletics.org/results/diamond-league-meetings/2016/london-muller-anniversary-games-5842/men/100-metres/heats/result,final
Michael RODGERS,USA,10.19,Q,,0.1,,,"
        100 Metres Result | London Müller Anniversary Games  
    ",https://worldathletics.org/results/diamond-league-meetings/2016/london-muller-anniversary-games-5842/men/100-metres/heats/result,final
Isiah YOUNG,USA,10.21,q,,0.1,,,"
        100 Metres Result | London Müller Anniversary Games  
    ",https://worldathletics.org/results/diamond-league-meetings/2016/london-muller-anniversary-games-5842/men/100-metres/heats/result,final
Michael FRATER,JAM,10.23,,,0.1,,,"
        100 Metres Result | London Müller Anniversary Games  
    ",https://worldathletics.org/results/diamond-league-meetings/2016/london-muller-anniversary-games-5842/men/100-metres/heats/result,final
James Dasaolu,GBR,10.24,,,0.1,,,"
        100 Metres Result | London Müller Anniversary Games  
    ",https://worldathletics.org/results/diamond-league-meetings/2016/london-muller-anniversary-games-5842/men/100-metres/heats/result,final
Ojie EDOBURUN,GBR,10.26,,,0.1,,,"
        100 Metres Result | London Müller Anniversary Games  
    ",https://worldathletics.org/results/diamond-league-meetings/2016/london-muller-anniversary-games-5842/men/100-metres/heats/result,final
Aaron BROWN,CAN,10.29,,,0.1,,,"
        100 Metres Result | London Müller Anniversary Games  
    ",https://worldathletics.org/results/diamond-league-meetings/2016/london-muller-anniversary-games-5842/men/100-metres/heats/result,final
Solomon BOCKARIE,NED,10.32,,,0.1,,,"
        100 Metres Result | London Müller Anniversary Games  
    ",https://worldathletics.org/results/diamond-league-meetings/2016/london-muller-anniversary-games-5842/men/100-metres/heats/result,final
Akani SIMBINE,RSA,10.07,Q,,0.1,,,"
        100 Metres Result | Birmingham Müller Grand Prix  
    ",https://worldathletics.org/results/diamond-league-meetings/2018/birmingham-muller-grand-prix-6348/men/100-metres/heats/result,final
Zharnel HUGHES,GBR,10.09,Q,,0.1,,,"
        100 Metres Result | Birmingham Müller Grand Prix  
    ",https://worldathletics.org/results/diamond-league-meetings/2018/birmingham-muller-grand-prix-6348/men/100-metres/heats/result,final
Noah LYLES,USA,10.11,Q,,0.1,,,"
        100 Metres Result | Birmingham Müller Grand Prix  
    ",https://worldathletics.org/results/diamond-league-meetings/2018/birmingham-muller-grand-prix-6348/men/100-metres/heats/result,final
Chijindu UJAH,GBR,10.13,q,,0.1,,,"
        100 Metres Result | Birmingham Müller Grand Prix  
    ",https://worldathletics.org/results/diamond-league-meetings/2018/birmingham-muller-grand-prix-6348/men/100-metres/heats/result,final
Tyquendo TRACEY,JAM,10.25,q,,0.1,,,"
        100 Metres Result | Birmingham Müller Grand Prix  
    ",https://worldathletics.org/results/diamond-league-meetings/2018/birmingham-muller-grand-prix-6348/men/100-metres/heats/result,final
Harry AIKINES-ARYEETEY,GBR,10.28,,,0.1,,,"
        100 Metres Result | Birmingham Müller Grand Prix  
    ",https://worldathletics.org/results/diamond-league-meetings/2018/birmingham-muller-grand-prix-6348/men/100-metres/heats/result,final
Adam GEMILI,GBR,10.31,,,0.1,,,"
        100 Metres Result | Birmingham Müller Grand Prix  
    ",https://worldathletics.org/results/diamond-league-meetings/2018/birmingham-muller-grand-prix-6348/men/100-metres/heats/result,final
Gavin SMELLIE,CAN,10.33,,,0.1,,,"
        100 Metres Result | Birmingham Müller Grand Prix  
    ",https://worldathletics.org/results/diamond-league-meetings/2018/birmingham-muller-grand-prix-6348/men/100-metres/heats/result,final
Arthur CISSÉ,CIV,,DQ,,0.1,,,"
        100 Metres Result | Birmingham Müller Grand Prix  
    ",https://worldathletics.org/results/diamond-league-meetings/2018/birmingham-muller-grand-prix-6348/men/100-metres/heats/result,final
Zharnel HUGHES,GBR,9.97,,,0.8,,,"
        100 Metres Result | London Müller Anniversary Games  
    ",https://worldathletics.org/results/diamond-league-meetings/2018/london-muller-anniversary-games-6333/men/100-metres/heats/result,final
Yohan BLAKE,JAM,9.99,,,0.8,,,"
        100 Metres Result | London Müller Anniversary Games  
    ",https://worldathletics.org/results/diamond-league-meetings/2018/london-muller-anniversary-games-6333/men/100-metres/heats/result,final
Zhenye XIE,CHN,10.01,,,0.8,,,"
        100 Metres Result | London Müller Anniversary Games  
    ",https://worldathletics.org/results/diamond-league-meetings/2018/london-muller-anniversary-games-6333/men/100-metres/heats/result,final
Cameron BURRELL,USA,10.08,,,0.8,,,"
        100 Metres Result | London Müller Anniversary Games  
    ",https://worldathletics.org/results/diamond-league-meetings/2018/london-muller-anniversary-games-6333/men/100-metres/heats/result,final
Isiah YOUNG,USA,10.09,,,0.8,,,"
        100 Metres Result | London Müller Anniversary Games  
    ",https://worldathletics.org/results/diamond-league-meetings/2018/london-muller-anniversary-games-6333/men/100-metres/heats/result,final
Ojie EDOBURUN,GBR,10.1,,,0.8,,,"
        100 Metres Result | London Müller Anniversary Games  
    ",https://worldathletics.org/results/diamond-league-meetings/2018/london-muller-anniversary-games-6333/men/100-metres/heats/result,final
Andrew POZZI,GBR,10.44,,,0.8,,,"
        100 Metres Result | London Müller Anniversary Games  
    ",https://worldathletics.org/results/diamond-league-meetings/2018/london-muller-anniversary-games-6333/men/100-metres/heats/result,final
Jaylen BACON,USA,,DNS,,0.8,,,"
        100 Metres Result | London Müller Anniversary Games  
    ",https://worldathletics.org/results/diamond-league-meetings/2018/london-muller-anniversary-games-6333/men/100-metres/heats/result,final
Christian COLEMAN,USA,,DNS,,0.8,,,"
        100 Metres Result | London Müller Anniversary Games  
    ",https://worldathletics.org/results/diamond-league-meetings/2018/london-muller-anniversary-games-6333/men/100-metres/heats/result,final
Adam GEMILI,GBR,10.08,Q,,0.7,,,"
        100 Metres Result | Müller Grand Prix  
    ",https://worldathletics.org/results/diamond-league-meetings/2019/muller-grand-prix-6537/men/100-metres/heats/result,final
Christopher BELCHER,USA,10.09,Q,,0.7,,,"
        100 Metres Result | Müller Grand Prix  
    ",https://worldathletics.org/results/diamond-league-meetings/2019/muller-grand-prix-6537/men/100-metres/heats/result,final
Andre DE GRASSE,CAN,10.14,Q,,0.7,,,"
        100 Metres Result | Müller Grand Prix  
    ",https://worldathletics.org/results/diamond-league-meetings/2019/muller-grand-prix-6537/men/100-metres/heats/result,final
Akani SIMBINE,RSA,10.15,q,,0.7,,,"
        100 Metres Result | Müller Grand Prix  
    ",https://worldathletics.org/results/diamond-league-meetings/2019/muller-grand-prix-6537/men/100-metres/heats/result,final
Tyquendo TRACEY,JAM,10.19,q,,0.7,,,"
        100 Metres Result | Müller Grand Prix  
    ",https://worldathletics.org/results/diamond-league-meetings/2019/muller-grand-prix-6537/men/100-metres/heats/result,final
Yuki KOIKE,JPN,10.31,,,0.7,,,"
        100 Metres Result | Müller Grand Prix  
    ",https://worldathletics.org/results/diamond-league-meetings/2019/muller-grand-prix-6537/men/100-metres/heats/result,final
Cameron BURRELL,USA,10.36,,,0.7,,,"
        100 Metres Result | Müller Grand Prix  
    ",https://worldathletics.org/results/diamond-league-meetings/2019/muller-grand-prix-6537/men/100-metres/heats/result,final
Harry AIKINES-ARYEETEY,GBR,10.37,,,0.7,,,"
        100 Metres Result | Müller Grand Prix  
    ",https://worldathletics.org/results/diamond-league-meetings/2019/muller-grand-prix-6537/men/100-metres/heats/result,final
Akani SIMBINE,RSA,10.01,Q,,-0.3,,,"
        100 Metres Result | Müller Anniversary Games  
    ",https://worldathletics.org/results/diamond-league-meetings/2019/muller-anniversary-games-6536/men/100-metres/heats/result,final
Yohan BLAKE,JAM,10.06,Q,,-0.3,,,"
        100 Metres Result | Müller Anniversary Games  
    ",https://worldathletics.org/results/diamond-league-meetings/2019/muller-anniversary-games-6536/men/100-metres/heats/result,final
Adam GEMILI,GBR,10.07,Q,,-0.3,,,"
        100 Metres Result | Müller Anniversary Games  
    ",https://worldathletics.org/results/diamond-league-meetings/2019/muller-anniversary-games-6536/men/100-metres/heats/result,final
Yuki KOIKE,JPN,10.09,q,,-0.3,,,"
        100 Metres Result | Müller Anniversary Games  
    ",https://worldathletics.org/results/diamond-league-meetings/2019/muller-anniversary-games-6536/men/100-metres/heats/result,final
Arthur CISSÉ,CIV,10.17,q,,-0.3,,,"
        100 Metres Result | Müller Anniversary Games  
    ",https://worldathletics.org/results/diamond-league-meetings/2019/muller-anniversary-games-6536/men/100-metres/heats/result,final
Andrew ROBERTSON,GBR,10.28,,,-0.3,,,"
        100 Metres Result | Müller Anniversary Games  
    ",https://worldathletics.org/results/diamond-league-meetings/2019/muller-anniversary-games-6536/men/100-metres/heats/result,final
Julian FORTE,JAM,10.33,,,-0.3,,,"
        100 Metres Result | Müller Anniversary Games  
    ",https://worldathletics.org/results/diamond-league-meetings/2019/muller-anniversary-games-6536/men/100-metres/heats/result,final
Oliver BROMBY,GBR,10.38,,,-0.3,,,"
        100 Metres Result | Müller Anniversary Games  
    ",https://worldathletics.org/results/diamond-league-meetings/2019/muller-anniversary-games-6536/men/100-metres/heats/result,final
Ojie EDOBURUN,GBR,,DQ,,-0.3,,,"
        100 Metres Result | Müller Anniversary Games  
    ",https://worldathletics.org/results/diamond-league-meetings/2019/muller-anniversary-games-6536/men/100-metres/heats/result,final
Oblique SEVILLE,JAM,9.77,PB,0.157,0.3,13/09/2025 00:00:00,Tokyo,"World Athletics |  100 Metres Result | World Athletics Championships, Tokyo 2025",https://worldathletics.org/results/world-athletics-championships/2025/world-athletics-championships-tokyo-2025-7190593/men/100-metres/final/result,final
Kishane THOMPSON,JAM,9.82,,0.16,0.3,13/09/2025 00:00:00,Tokyo,"World Athletics |  100 Metres Result | World Athletics Championships, Tokyo 2025",https://worldathletics.org/results/world-athletics-championships/2025/world-athletics-championships-tokyo-2025-7190593/men/100-metres/final/result,final
Noah LYLES,USA,9.89,SB,0.192,0.3,13/09/2025 00:00:00,Tokyo,"World Athletics |  100 Metres Result | World Athletics Championships, Tokyo 2025",https://worldathletics.org/results/world-athletics-championships/2025/world-athletics-championships-tokyo-2025-7190593/men/100-metres/final/result,final
Kenneth BEDNAREK,USA,9.92,,0.211,0.3,13/09/2025 00:00:00,Tokyo,"World Athletics |  100 Metres Result | World Athletics Championships, Tokyo 2025",https://worldathletics.org/results/world-athletics-championships/2025/world-athletics-championships-tokyo-2025-7190593/men/100-metres/final/result,final
Gift LEOTLELA,RSA,9.95,,0.184,0.3,13/09/2025 00:00:00,Tokyo,"World Athletics |  100 Metres Result | World Athletics Championships, Tokyo 2025",https://worldathletics.org/results/world-athletics-championships/2025/world-athletics-championships-tokyo-2025-7190593/men/100-metres/final/result,final
Kayinsola AJAYI,NGR,10.0,,0.177,0.3,13/09/2025 00:00:00,Tokyo,"World Athletics |  100 Metres Result | World Athletics Championships, Tokyo 2025",https://worldathletics.org/results/world-athletics-championships/2025/world-athletics-championships-tokyo-2025-7190593/men/100-metres/final/result,final
Akani SIMBINE,RSA,10.04,,0.162,0.3,13/09/2025 00:00:00,Tokyo,"World Athletics |  100 Metres Result | World Athletics Championships, Tokyo 2025",https://worldathletics.org/results/world-athletics-championships/2025/world-athletics-championships-tokyo-2025-7190593/men/100-metres/final/result,final
Letsile TEBOGO,BOT,,DQ,-0.317,0.3,13/09/2025 00:00:00,Tokyo,"World Athletics |  100 Metres Result | World Athletics Championships, Tokyo 2025",https://worldathletics.org/results/world-athletics-championships/2025/world-athletics-championships-tokyo-2025-7190593/men/100-metres/final/result,final
Usain BOLT,JAM,9.81,SB,0.155,0.2,05/08/2016 00:00:00,,World Athletics |  100 Metres Result | The XXXI Olympic Games,https://worldathletics.org/results/olympic-games/2016/the-xxxi-olympic-games-7093747/men/100-metres/final/result,final
Justin GATLIN,USA,9.89,,0.152,0.2,05/08/2016 00:00:00,,World Athletics |  100 Metres Result | The XXXI Olympic Games,https://worldathletics.org/results/olympic-games/2016/the-xxxi-olympic-games-7093747/men/100-metres/final/result,final
Andre DE GRASSE,CAN,9.91,PB,0.141,0.2,05/08/2016 00:00:00,,World Athletics |  100 Metres Result | The XXXI Olympic Games,https://worldathletics.org/results/olympic-games/2016/the-xxxi-olympic-games-7093747/men/100-metres/final/result,final
Yohan BLAKE,JAM,9.93,SB,0.145,0.2,05/08/2016 00:00:00,,World Athletics |  100 Metres Result | The XXXI Olympic Games,https://worldathletics.org/results/olympic-games/2016/the-xxxi-olympic-games-7093747/men/100-metres/final/result,final
Akani SIMBINE,RSA,9.94,,0.128,0.2,05/08/2016 00:00:00,,World Athletics |  100 Metres Result | The XXXI Olympic Games,https://worldathletics.org/results/olympic-games/2016/the-xxxi-olympic-games-7093747/men/100-metres/final/result,final
Ben Youssef Meité,CIV,9.96,NR,0.156,0.2,05/08/2016 00:00:00,,World Athletics |  100 Metres Result | The XXXI Olympic Games,https://worldathletics.org/results/olympic-games/2016/the-xxxi-olympic-games-7093747/men/100-metres/final/result,final
Jimmy VICAUT,FRA,10.04,,0.14,0.2,05/08/2016 00:00:00,,World Athletics |  100 Metres Result | The XXXI Olympic Games,https://worldathletics.org/results/olympic-games/2016/the-xxxi-olympic-games-7093747/men/100-metres/final/result,final
Trayvon BROMELL,USA,10.06,,0.135,0.2,05/08/2016 00:00:00,,World Athletics |  100 Metres Result | The XXXI Olympic Games,https://worldathletics.org/results/olympic-games/2016/the-xxxi-olympic-games-7093747/men/100-metres/final/result,final
Usain BOLT,JAM,9.69,WR,0.165,0.0,08/08/2008 00:00:00,,World Athletics |  100 Metres Result | The XXIX Olympic Games,https://worldathletics.org/results/olympic-games/2008/the-xxix-olympic-games-6977748/men/100-metres/final/result,final
Richard THOMPSON,TTO,9.89,PB,0.133,0.0,08/08/2008 00:00:00,,World Athletics |  100 Metres Result | The XXIX Olympic Games,https://worldathletics.org/results/olympic-games/2008/the-xxix-olympic-games-6977748/men/100-metres/final/result,final
Walter Dix,USA,9.91,PB,0.133,0.0,08/08/2008 00:00:00,,World Athletics |  100 Metres Result | The XXIX Olympic Games,https://worldathletics.org/results/olympic-games/2008/the-xxix-olympic-games-6977748/men/100-metres/final/result,final
Churandy MARTINA,AHO,9.93,NR,0.169,0.0,08/08/2008 00:00:00,,World Athletics |  100 Metres Result | The XXIX Olympic Games,https://worldathletics.org/results/olympic-games/2008/the-xxix-olympic-games-6977748/men/100-metres/final/result,final
Asafa POWELL,JAM,9.95,,0.134,0.0,08/08/2008 00:00:00,,World Athletics |  100 Metres Result | The XXIX Olympic Games,https://worldathletics.org/results/olympic-games/2008/the-xxix-olympic-games-6977748/men/100-metres/final/result,final
Michael FRATER,JAM,9.97,PB,0.147,0.0,08/08/2008 00:00:00,,World Athletics |  100 Metres Result | The XXIX Olympic Games,https://worldathletics.org/results/olympic-games/2008/the-xxix-olympic-games-6977748/men/100-metres/final/result,final
Marc Burns,TTO,10.01,,0.145,0.0,08/08/2008 00:00:00,,World Athletics |  100 Metres Result | The XXIX Olympic Games,https://worldathletics.org/results/olympic-games/2008/the-xxix-olympic-games-6977748/men/100-metres/final/result,final
Darvis PATTON,USA,10.03,,0.142,0.0,08/08/2008 00:00:00,,World Athletics |  100 Metres Result | The XXIX Olympic Games,https://worldathletics.org/results/olympic-games/2008/the-xxix-olympic-games-6977748/men/100-metres/final/result,final
Justin GATLIN,USA,9.85,PB,0.188,0.6,20/08/2004 00:00:00,,World Athletics |  100 Metres Result | 28th Olympic Games,https://worldathletics.org/results/olympic-games/2004/the-xxviii-olympic-games-6913163/men/100-metres/final/result,final
Francis Obikwelu,POR,9.86,AR,0.163,0.6,20/08/2004 00:00:00,,World Athletics |  100 Metres Result | 28th Olympic Games,https://worldathletics.org/results/olympic-games/2004/the-xxviii-olympic-games-6913163/men/100-metres/final/result,final
Maurice Greene,USA,9.87,SB,0.151,0.6,20/08/2004 00:00:00,,World Athletics |  100 Metres Result | 28th Olympic Games,https://worldathletics.org/results/olympic-games/2004/the-xxviii-olympic-games-6913163/men/100-metres/final/result,final
Shawn Crawford,USA,9.89,,0.161,0.6,20/08/2004 00:00:00,,World Athletics |  100 Metres Result | 28th Olympic Games,https://worldathletics.org/results/olympic-games/2004/the-xxviii-olympic-games-6913163/men/100-metres/final/result,final
Asafa POWELL,JAM,9.94,,0.166,0.6,20/08/2004 00:00:00,,World Athletics |  100 Metres Result | 28th Olympic Games,https://worldathletics.org/results/olympic-games/2004/the-xxviii-olympic-games-6913163/men/100-metres/final/result,final
Kim COLLINS,SKN,10.0,SB,0.175,0.6,20/08/2004 00:00:00,,World Athletics |  100 Metres Result | 28th Olympic Games,https://worldathletics.org/results/olympic-games/2004/the-xxviii-olympic-games-6913163/men/100-metres/final/result,final
Obadele Thompson,BAR,10.1,,0.164,0.6,20/08/2004 00:00:00,,World Athletics |  100 Metres Result | 28th Olympic Games,https://worldathletics.org/results/olympic-games/2004/the-xxviii-olympic-games-6913163/men/100-metres/final/result,final
Aziz Zakari,GHA,,DNF,0.178,0.6,20/08/2004 00:00:00,,World Athletics |  100 Metres Result | 28th Olympic Games,https://worldathletics.org/results/olympic-games/2004/the-xxviii-olympic-games-6913163/men/100-metres/final/result,final
Maurice Greene,USA,9.87,,0.197,-0.3,22/09/2000 00:00:00,,World Athletics |  100 Metres Result | 27th Olympic Games,https://worldathletics.org/results/olympic-games/2000/the-xxvii-olympic-games-6951910/men/100-metres/final/result,final
Ato Boldon,TTO,9.99,,0.136,-0.3,22/09/2000 00:00:00,,World Athletics |  100 Metres Result | 27th Olympic Games,https://worldathletics.org/results/olympic-games/2000/the-xxvii-olympic-games-6951910/men/100-metres/final/result,final
Obadele Thompson,BAR,10.04,,0.216,-0.3,22/09/2000 00:00:00,,World Athletics |  100 Metres Result | 27th Olympic Games,https://worldathletics.org/results/olympic-games/2000/the-xxvii-olympic-games-6951910/men/100-metres/final/result,final
Dwain Chambers,GBR,10.08,SB,0.174,-0.3,22/09/2000 00:00:00,,World Athletics |  100 Metres Result | 27th Olympic Games,https://worldathletics.org/results/olympic-games/2000/the-xxvii-olympic-games-6951910/men/100-metres/final/result,final
Jon Drummond,USA,10.09,,0.147,-0.3,22/09/2000 00:00:00,,World Athletics |  100 Metres Result | 27th Olympic Games,https://worldathletics.org/results/olympic-games/2000/the-xxvii-olympic-games-6951910/men/100-metres/final/result,final
Darren Campbell,GBR,10.13,,0.193,-0.3,22/09/2000 00:00:00,,World Athletics |  100 Metres Result | 27th Olympic Games,https://worldathletics.org/results/olympic-games/2000/the-xxvii-olympic-games-6951910/men/100-metres/final/result,final
Kim COLLINS,SKN,10.17,,0.21,-0.3,22/09/2000 00:00:00,,World Athletics |  100 Metres Result | 27th Olympic Games,https://worldathletics.org/results/olympic-games/2000/the-xxvii-olympic-games-6951910/men/100-metres/final/result,final
Aziz Zakari,GHA,,DNF,0.18,-0.3,22/09/2000 00:00:00,,World Athletics |  100 Metres Result | 27th Olympic Games,https://worldathletics.org/results/olympic-games/2000/the-xxvii-olympic-games-6951910/men/100-metres/final/result,final
Usain BOLT,JAM,9.58,WR,0.146,0.9,15/08/2009 00:00:00,,World Athletics |  100 Metres Result | 12th IAAF World Championships in Athletics,https://worldathletics.org/results/world-athletics-championships/2009/iaaf-world-championships-berlin-2009-6998524/men/100-metres/final/result,final
Tyson GAY,USA,9.71,NR,0.144,0.9,15/08/2009 00:00:00,,World Athletics |  100 Metres Result | 12th IAAF World Championships in Athletics,https://worldathletics.org/results/world-athletics-championships/2009/iaaf-world-championships-berlin-2009-6998524/men/100-metres/final/result,final
Asafa POWELL,JAM,9.84,SB,0.134,0.9,15/08/2009 00:00:00,,World Athletics |  100 Metres Result | 12th IAAF World Championships in Athletics,https://worldathletics.org/results/world-athletics-championships/2009/iaaf-world-championships-berlin-2009-6998524/men/100-metres/final/result,final
Daniel Bailey,ANT,9.93,,0.129,0.9,15/08/2009 00:00:00,,World Athletics |  100 Metres Result | 12th IAAF World Championships in Athletics,https://worldathletics.org/results/world-athletics-championships/2009/iaaf-world-championships-berlin-2009-6998524/men/100-metres/final/result,final
Richard THOMPSON,TTO,9.93,SB,0.119,0.9,15/08/2009 00:00:00,,World Athletics |  100 Metres Result | 12th IAAF World Championships in Athletics,https://worldathletics.org/results/world-athletics-championships/2009/iaaf-world-championships-berlin-2009-6998524/men/100-metres/final/result,final
Dwain Chambers,GBR,10.0,SB,0.123,0.9,15/08/2009 00:00:00,,World Athletics |  100 Metres Result | 12th IAAF World Championships in Athletics,https://worldathletics.org/results/world-athletics-championships/2009/iaaf-world-championships-berlin-2009-6998524/men/100-metres/final/result,final
Marc Burns,TTO,10.0,SB,0.165,0.9,15/08/2009 00:00:00,,World Athletics |  100 Metres Result | 12th IAAF World Championships in Athletics,https://worldathletics.org/results/world-athletics-championships/2009/iaaf-world-championships-berlin-2009-6998524/men/100-metres/final/result,final
Darvis PATTON,USA,10.34,,0.149,0.9,15/08/2009 00:00:00,,World Athletics |  100 Metres Result | 12th IAAF World Championships in Athletics,https://worldathletics.org/results/world-athletics-championships/2009/iaaf-world-championships-berlin-2009-6998524/men/100-metres/final/result,final
Tyson GAY,USA,9.85,,0.143,-0.5,25/08/2007 00:00:00,,World Athletics |  100 Metres Result | 11th IAAF World Championships in Athletics,https://worldathletics.org/results/world-athletics-championships/2007/iaaf-world-championships-osaka-2007-6903480/men/100-metres/final/result,final
Derrick Atkins,BAH,9.91,NR,0.137,-0.5,25/08/2007 00:00:00,,World Athletics |  100 Metres Result | 11th IAAF World Championships in Athletics,https://worldathletics.org/results/world-athletics-championships/2007/iaaf-world-championships-osaka-2007-6903480/men/100-metres/final/result,final
Asafa POWELL,JAM,9.96,,0.145,-0.5,25/08/2007 00:00:00,,World Athletics |  100 Metres Result | 11th IAAF World Championships in Athletics,https://worldathletics.org/results/world-athletics-championships/2007/iaaf-world-championships-osaka-2007-6903480/men/100-metres/final/result,final
Olusoji A. Fasuba,NGR,10.07,SB,0.13,-0.5,25/08/2007 00:00:00,,World Athletics |  100 Metres Result | 11th IAAF World Championships in Athletics,https://worldathletics.org/results/world-athletics-championships/2007/iaaf-world-championships-osaka-2007-6903480/men/100-metres/final/result,final
Churandy MARTINA,AHO,10.08,,0.18,-0.5,25/08/2007 00:00:00,,World Athletics |  100 Metres Result | 11th IAAF World Championships in Athletics,https://worldathletics.org/results/world-athletics-championships/2007/iaaf-world-championships-osaka-2007-6903480/men/100-metres/final/result,final
Marlon Devonish,GBR,10.14,,0.149,-0.5,25/08/2007 00:00:00,,World Athletics |  100 Metres Result | 11th IAAF World Championships in Athletics,https://worldathletics.org/results/world-athletics-championships/2007/iaaf-world-championships-osaka-2007-6903480/men/100-metres/final/result,final
Matic Osovnikar,SLO,10.23,,0.172,-0.5,25/08/2007 00:00:00,,World Athletics |  100 Metres Result | 11th IAAF World Championships in Athletics,https://worldathletics.org/results/world-athletics-championships/2007/iaaf-world-championships-osaka-2007-6903480/men/100-metres/final/result,final
Marc Burns,TTO,10.29,,0.166,-0.5,25/08/2007 00:00:00,,World Athletics |  100 Metres Result | 11th IAAF World Championships in Athletics,https://worldathletics.org/results/world-athletics-championships/2007/iaaf-world-championships-osaka-2007-6903480/men/100-metres/final/result,final
Justin GATLIN,USA,9.88,SB,0.157,0.4,06/08/2005 00:00:00,,World Athletics |  100 Metres Result | 10th IAAF World Championships in Athletics,https://worldathletics.org/results/world-athletics-championships/2005/iaaf-world-championships-helsinki-2005-6937596/men/100-metres/final/result,final
Michael FRATER,JAM,10.05,,0.141,0.4,06/08/2005 00:00:00,,World Athletics |  100 Metres Result | 10th IAAF World Championships in Athletics,https://worldathletics.org/results/world-athletics-championships/2005/iaaf-world-championships-helsinki-2005-6937596/men/100-metres/final/result,final
Kim COLLINS,SKN,10.05,,0.146,0.4,06/08/2005 00:00:00,,World Athletics |  100 Metres Result | 10th IAAF World Championships in Athletics,https://worldathletics.org/results/world-athletics-championships/2005/iaaf-world-championships-helsinki-2005-6937596/men/100-metres/final/result,final
Francis Obikwelu,POR,10.07,,0.134,0.4,06/08/2005 00:00:00,,World Athletics |  100 Metres Result | 10th IAAF World Championships in Athletics,https://worldathletics.org/results/world-athletics-championships/2005/iaaf-world-championships-helsinki-2005-6937596/men/100-metres/final/result,final
Dwight Thomas,JAM,10.09,,0.138,0.4,06/08/2005 00:00:00,,World Athletics |  100 Metres Result | 10th IAAF World Championships in Athletics,https://worldathletics.org/results/world-athletics-championships/2005/iaaf-world-championships-helsinki-2005-6937596/men/100-metres/final/result,final
Leonard Scott,USA,10.13,,0.123,0.4,06/08/2005 00:00:00,,World Athletics |  100 Metres Result | 10th IAAF World Championships in Athletics,https://worldathletics.org/results/world-athletics-championships/2005/iaaf-world-championships-helsinki-2005-6937596/men/100-metres/final/result,final
Marc Burns,TTO,10.14,,0.165,0.4,06/08/2005 00:00:00,,World Athletics |  100 Metres Result | 10th IAAF World Championships in Athletics,https://worldathletics.org/results/world-athletics-championships/2005/iaaf-world-championships-helsinki-2005-6937596/men/100-metres/final/result,final
Aziz Zakari,GHA,10.2,,0.131,0.4,06/08/2005 00:00:00,,World Athletics |  100 Metres Result | 10th IAAF World Championships in Athletics,https://worldathletics.org/results/world-athletics-championships/2005/iaaf-world-championships-helsinki-2005-6937596/men/100-metres/final/result,final
Kim COLLINS,SKN,10.07,,0.148,0.0,23/08/2003 00:00:00,,World Athletics |  100 Metres Result | 9th IAAF World Championships in Athletics,https://worldathletics.org/results/world-athletics-championships/2003/iaaf-world-championships-paris-2003-6930156/men/100-metres/final/result,final
Darrel Brown,TTO,10.08,,0.152,0.0,23/08/2003 00:00:00,,World Athletics |  100 Metres Result | 9th IAAF World Championships in Athletics,https://worldathletics.org/results/world-athletics-championships/2003/iaaf-world-championships-paris-2003-6930156/men/100-metres/final/result,final
Darren Campbell,GBR,10.08,SB,0.112,0.0,23/08/2003 00:00:00,,World Athletics |  100 Metres Result | 9th IAAF World Championships in Athletics,https://worldathletics.org/results/world-athletics-championships/2003/iaaf-world-championships-paris-2003-6930156/men/100-metres/final/result,final
Bernard Williams,USA,10.13,,0.133,0.0,23/08/2003 00:00:00,,World Athletics |  100 Metres Result | 9th IAAF World Championships in Athletics,https://worldathletics.org/results/world-athletics-championships/2003/iaaf-world-championships-paris-2003-6930156/men/100-metres/final/result,final
Deji Aliu,NGR,10.21,,0.132,0.0,23/08/2003 00:00:00,,World Athletics |  100 Metres Result | 9th IAAF World Championships in Athletics,https://worldathletics.org/results/world-athletics-championships/2003/iaaf-world-championships-paris-2003-6930156/men/100-metres/final/result,final
Uchenna Emedolu,NGR,10.22,,0.164,0.0,23/08/2003 00:00:00,,World Athletics |  100 Metres Result | 9th IAAF World Championships in Athletics,https://worldathletics.org/results/world-athletics-championships/2003/iaaf-world-championships-paris-2003-6930156/men/100-metres/final/result,final
Dwain Chambers,GBR,,DQ,0.145,0.0,23/08/2003 00:00:00,,World Athletics |  100 Metres Result | 9th IAAF World Championships in Athletics,https://worldathletics.org/results/world-athletics-championships/2003/iaaf-world-championships-paris-2003-6930156/men/100-metres/final/result,final
Tim Montgomery,USA,,DQ,0.14,0.0,23/08/2003 00:00:00,,World Athletics |  100 Metres Result | 9th IAAF World Championships in Athletics,https://worldathletics.org/results/world-athletics-championships/2003/iaaf-world-championships-paris-2003-6930156/men/100-metres/final/result,final
Maurice Greene,USA,9.82,WL,0.132,-0.2,03/08/2001 00:00:00,,World Athletics |  100 Metres Result | 8th IAAF World Championships,https://worldathletics.org/results/world-athletics-championships/2001/iaaf-world-championships-edmonton-2001-6947294/men/100-metres/final/result,final
Bernard Williams,USA,9.94,PB,0.146,-0.2,03/08/2001 00:00:00,,World Athletics |  100 Metres Result | 8th IAAF World Championships,https://worldathletics.org/results/world-athletics-championships/2001/iaaf-world-championships-edmonton-2001-6947294/men/100-metres/final/result,final
Ato Boldon,TTO,9.98,,0.148,-0.2,03/08/2001 00:00:00,,World Athletics |  100 Metres Result | 8th IAAF World Championships,https://worldathletics.org/results/world-athletics-championships/2001/iaaf-world-championships-edmonton-2001-6947294/men/100-metres/final/result,final
Dwain Chambers,GBR,9.99,SB,0.16,-0.2,03/08/2001 00:00:00,,World Athletics |  100 Metres Result | 8th IAAF World Championships,https://worldathletics.org/results/world-athletics-championships/2001/iaaf-world-championships-edmonton-2001-6947294/men/100-metres/final/result,final
Kim COLLINS,SKN,10.07,,0.162,-0.2,03/08/2001 00:00:00,,World Athletics |  100 Metres Result | 8th IAAF World Championships,https://worldathletics.org/results/world-athletics-championships/2001/iaaf-world-championships-edmonton-2001-6947294/men/100-metres/final/result,final
Christian Malcolm,GBR,10.11,PB,0.142,-0.2,03/08/2001 00:00:00,,World Athletics |  100 Metres Result | 8th IAAF World Championships,https://worldathletics.org/results/world-athletics-championships/2001/iaaf-world-championships-edmonton-2001-6947294/men/100-metres/final/result,final
Aziz Zakari,GHA,10.24,,0.148,-0.2,03/08/2001 00:00:00,,World Athletics |  100 Metres Result | 8th IAAF World Championships,https://worldathletics.org/results/world-athletics-championships/2001/iaaf-world-championships-edmonton-2001-6947294/men/100-metres/final/result,final
Tim Montgomery,USA,,DQ,0.157,-0.2,03/08/2001 00:00:00,,World Athletics |  100 Metres Result | 8th IAAF World Championships,https://worldathletics.org/results/world-athletics-championships/2001/iaaf-world-championships-edmonton-2001-6947294/men/100-metres/final/result,final
Maurice Greene,USA,9.8,CR,0.132,0.2,21/08/1999 00:00:00,,World Athletics |  100 Metres Result | 7th IAAF World Championships in Athletics,https://worldathletics.org/results/world-athletics-championships/1999/iaaf-world-championships-seville-1999-6939522/men/100-metres/final/result,final
Bruny Surin,CAN,9.84,NR,0.127,0.2,21/08/1999 00:00:00,,World Athletics |  100 Metres Result | 7th IAAF World Championships in Athletics,https://worldathletics.org/results/world-athletics-championships/1999/iaaf-world-championships-seville-1999-6939522/men/100-metres/final/result,final
Dwain Chambers,GBR,9.97,PB,0.14,0.2,21/08/1999 00:00:00,,World Athletics |  100 Metres Result | 7th IAAF World Championships in Athletics,https://worldathletics.org/results/world-athletics-championships/1999/iaaf-world-championships-seville-1999-6939522/men/100-metres/final/result,final
Obadele Thompson,BAR,10.0,,0.145,0.2,21/08/1999 00:00:00,,World Athletics |  100 Metres Result | 7th IAAF World Championships in Athletics,https://worldathletics.org/results/world-athletics-championships/1999/iaaf-world-championships-seville-1999-6939522/men/100-metres/final/result,final
Tim Harden,USA,10.02,,0.136,0.2,21/08/1999 00:00:00,,World Athletics |  100 Metres Result | 7th IAAF World Championships in Athletics,https://worldathletics.org/results/world-athletics-championships/1999/iaaf-world-championships-seville-1999-6939522/men/100-metres/final/result,final
Tim Montgomery,USA,10.04,,0.136,0.2,21/08/1999 00:00:00,,World Athletics |  100 Metres Result | 7th IAAF World Championships in Athletics,https://worldathletics.org/results/world-athletics-championships/1999/iaaf-world-championships-seville-1999-6939522/men/100-metres/final/result,final
Jason Gardener,GBR,10.07,,0.142,0.2,21/08/1999 00:00:00,,World Athletics |  100 Metres Result | 7th IAAF World Championships in Athletics,https://worldathletics.org/results/world-athletics-championships/1999/iaaf-world-championships-seville-1999-6939522/men/100-metres/final/result,final
Kareem Streete-Thompson,CAY,10.24,,0.173,0.2,21/08/1999 00:00:00,,World Athletics |  100 Metres Result | 7th IAAF World Championships in Athletics,https://worldathletics.org/results/world-athletics-championships/1999/iaaf-world-championships-seville-1999-6939522/men/100-metres/final/result,final
Maurice Greene,USA,9.86,,,0.2,01/08/1997 00:00:00,,World Athletics |  100 Metres Result | 6th IAAF World Championships In Athletics,https://worldathletics.org/results/world-athletics-championships/1997/iaaf-world-championships-athens-1997-6913256/men/100-metres/final/result,final
Donovan Bailey,CAN,9.91,,,0.2,01/08/1997 00:00:00,,World Athletics |  100 Metres Result | 6th IAAF World Championships In Athletics,https://worldathletics.org/results/world-athletics-championships/1997/iaaf-world-championships-athens-1997-6913256/men/100-metres/final/result,final
Tim Montgomery,USA,9.94,,,0.2,01/08/1997 00:00:00,,World Athletics |  100 Metres Result | 6th IAAF World Championships In Athletics,https://worldathletics.org/results/world-athletics-championships/1997/iaaf-world-championships-athens-1997-6913256/men/100-metres/final/result,final
Frank Fredericks,NAM,9.95,,,0.2,01/08/1997 00:00:00,,World Athletics |  100 Metres Result | 6th IAAF World Championships In Athletics,https://worldathletics.org/results/world-athletics-championships/1997/iaaf-world-championships-athens-1997-6913256/men/100-metres/final/result,final
Ato Boldon,TTO,10.02,,,0.2,01/08/1997 00:00:00,,World Athletics |  100 Metres Result | 6th IAAF World Championships In Athletics,https://worldathletics.org/results/world-athletics-championships/1997/iaaf-world-championships-athens-1997-6913256/men/100-metres/final/result,final
Davidson Ezinwa,NGR,10.1,,,0.2,01/08/1997 00:00:00,,World Athletics |  100 Metres Result | 6th IAAF World Championships In Athletics,https://worldathletics.org/results/world-athletics-championships/1997/iaaf-world-championships-athens-1997-6913256/men/100-metres/final/result,final
Bruny Surin,CAN,10.12,,,0.2,01/08/1997 00:00:00,,World Athletics |  100 Metres Result | 6th IAAF World Championships In Athletics,https://worldathletics.org/results/world-athletics-championships/1997/iaaf-world-championships-athens-1997-6913256/men/100-metres/final/result,final
Michael Marsh,USA,10.29,,,0.2,01/08/1997 00:00:00,,World Athletics |  100 Metres Result | 6th IAAF World Championships In Athletics,https://worldathletics.org/results/world-athletics-championships/1997/iaaf-world-championships-athens-1997-6913256/men/100-metres/final/result,final
Donovan Bailey,CAN,9.97,,,1.0,05/08/1995 00:00:00,,World Athletics |  100 Metres Result | 5th IAAF World Championships in Athletics,https://worldathletics.org/results/world-athletics-championships/1995/iaaf-world-championships-gothenburg-1995-6997728/men/100-metres/final/result,final
Bruny Surin,CAN,10.03,,,1.0,05/08/1995 00:00:00,,World Athletics |  100 Metres Result | 5th IAAF World Championships in Athletics,https://worldathletics.org/results/world-athletics-championships/1995/iaaf-world-championships-gothenburg-1995-6997728/men/100-metres/final/result,final
Ato Boldon,TTO,10.03,,,1.0,05/08/1995 00:00:00,,World Athletics |  100 Metres Result | 5th IAAF World Championships in Athletics,https://worldathletics.org/results/world-athletics-championships/1995/iaaf-world-championships-gothenburg-1995-6997728/men/100-metres/final/result,final
Frank Fredericks,NAM,10.07,,,1.0,05/08/1995 00:00:00,,World Athletics |  100 Metres Result | 5th IAAF World Championships in Athletics,https://worldathletics.org/results/world-athletics-championships/1995/iaaf-world-championships-gothenburg-1995-6997728/men/100-metres/final/result,final
Michael Marsh,USA,10.1,,,1.0,05/08/1995 00:00:00,,World Athletics |  100 Metres Result | 5th IAAF World Championships in Athletics,https://worldathletics.org/results/world-athletics-championships/1995/iaaf-world-championships-gothenburg-1995-6997728/men/100-metres/final/result,final
Linford Christie,GBR,10.12,,,1.0,05/08/1995 00:00:00,,World Athletics |  100 Metres Result | 5th IAAF World Championships in Athletics,https://worldathletics.org/results/world-athletics-championships/1995/iaaf-world-championships-gothenburg-1995-6997728/men/100-metres/final/result,final
Olapade Adeniken,NGR,10.2,,,1.0,05/08/1995 00:00:00,,World Athletics |  100 Metres Result | 5th IAAF World Championships in Athletics,https://worldathletics.org/results/world-athletics-championships/1995/iaaf-world-championships-gothenburg-1995-6997728/men/100-metres/final/result,final
Raymond Stewart,JAM,10.29,,,1.0,05/08/1995 00:00:00,,World Athletics |  100 Metres Result | 5th IAAF World Championships in Athletics,https://worldathletics.org/results/world-athletics-championships/1995/iaaf-world-championships-gothenburg-1995-6997728/men/100-metres/final/result,final
Linford Christie,GBR,9.87,AR,,0.3,13/08/1993 00:00:00,,World Athletics |  100 Metres Result | 4th IAAF World Championships in Athletics,https://worldathletics.org/results/world-athletics-championships/1993/iaaf-world-championships-stuttgart-1993-6993598/men/100-metres/final/result,final
Andre Cason,USA,9.92,,,0.3,13/08/1993 00:00:00,,World Athletics |  100 Metres Result | 4th IAAF World Championships in Athletics,https://worldathletics.org/results/world-athletics-championships/1993/iaaf-world-championships-stuttgart-1993-6993598/men/100-metres/final/result,final
Dennis Mitchell,USA,9.99,,,0.3,13/08/1993 00:00:00,,World Athletics |  100 Metres Result | 4th IAAF World Championships in Athletics,https://worldathletics.org/results/world-athletics-championships/1993/iaaf-world-championships-stuttgart-1993-6993598/men/100-metres/final/result,final
Carl Lewis,USA,10.02,,,0.3,13/08/1993 00:00:00,,World Athletics |  100 Metres Result | 4th IAAF World Championships in Athletics,https://worldathletics.org/results/world-athletics-championships/1993/iaaf-world-championships-stuttgart-1993-6993598/men/100-metres/final/result,final
Bruny Surin,CAN,10.02,,,0.3,13/08/1993 00:00:00,,World Athletics |  100 Metres Result | 4th IAAF World Championships in Athletics,https://worldathletics.org/results/world-athletics-championships/1993/iaaf-world-championships-stuttgart-1993-6993598/men/100-metres/final/result,final
Frank Fredericks,NAM,10.03,,,0.3,13/08/1993 00:00:00,,World Athletics |  100 Metres Result | 4th IAAF World Championships in Athletics,https://worldathletics.org/results/world-athletics-championships/1993/iaaf-world-championships-stuttgart-1993-6993598/men/100-metres/final/result,final
Daniel Effiong,NGR,10.04,,,0.3,13/08/1993 00:00:00,,World Athletics |  100 Metres Result | 4th IAAF World Championships in Athletics,https://worldathletics.org/results/world-athletics-championships/1993/iaaf-world-championships-stuttgart-1993-6993598/men/100-metres/final/result,final
Raymond Stewart,JAM,10.18,,,0.3,13/08/1993 00:00:00,,World Athletics |  100 Metres Result | 4th IAAF World Championships in Athletics,https://worldathletics.org/results/world-athletics-championships/1993/iaaf-world-championships-stuttgart-1993-6993598/men/100-metres/final/result,final
Carl Lewis,USA,9.86,WR,,1.2,23/08/1991 00:00:00,,World Athletics |  100 Metres Result | 3rd IAAF World Championships in Athletics,https://worldathletics.org/results/world-athletics-championships/1991/iaaf-world-championships-tokyo-1991-6987209/men/100-metres/final/result,final
Leroy Burrell,USA,9.88,,,1.2,23/08/1991 00:00:00,,World Athletics |  100 Metres Result | 3rd IAAF World Championships in Athletics,https://worldathletics.org/results/world-athletics-championships/1991/iaaf-world-championships-tokyo-1991-6987209/men/100-metres/final/result,final
Dennis Mitchell,USA,9.91,PB,,1.2,23/08/1991 00:00:00,,World Athletics |  100 Metres Result | 3rd IAAF World Championships in Athletics,https://worldathletics.org/results/world-athletics-championships/1991/iaaf-world-championships-tokyo-1991-6987209/men/100-metres/final/result,final
Linford Christie,GBR,9.92,AR,,1.2,23/08/1991 00:00:00,,World Athletics |  100 Metres Result | 3rd IAAF World Championships in Athletics,https://worldathletics.org/results/world-athletics-championships/1991/iaaf-world-championships-tokyo-1991-6987209/men/100-metres/final/result,final
Frank Fredericks,NAM,9.95,AR,,1.2,23/08/1991 00:00:00,,World Athletics |  100 Metres Result | 3rd IAAF World Championships in Athletics,https://worldathletics.org/results/world-athletics-championships/1991/iaaf-world-championships-tokyo-1991-6987209/men/100-metres/final/result,final
Raymond Stewart,JAM,9.96,NR,,1.2,23/08/1991 00:00:00,,World Athletics |  100 Metres Result | 3rd IAAF World Championships in Athletics,https://worldathletics.org/results/world-athletics-championships/1991/iaaf-world-championships-tokyo-1991-6987209/men/100-metres/final/result,final
Robson da Silva,BRA,10.12,,,1.2,23/08/1991 00:00:00,,World Athletics |  100 Metres Result | 3rd IAAF World Championships in Athletics,https://worldathletics.org/results/world-athletics-championships/1991/iaaf-world-championships-tokyo-1991-6987209/men/100-metres/final/result,final
Bruny Surin,CAN,10.14,,,1.2,23/08/1991 00:00:00,,World Athletics |  100 Metres Result | 3rd IAAF World Championships in Athletics,https://worldathletics.org/results/world-athletics-championships/1991/iaaf-world-championships-tokyo-1991-6987209/men/100-metres/final/result,final
Carl Lewis,USA,9.93,WR,,1.0,28/08/1987 00:00:00,,World Athletics |  100 Metres Result | 2nd IAAF World Championships in Athletics,https://worldathletics.org/results/world-athletics-championships/1987/iaaf-world-championships-rome-1987-6986221/men/100-metres/final/result,final
Raymond Stewart,JAM,10.08,,,1.0,28/08/1987 00:00:00,,World Athletics |  100 Metres Result | 2nd IAAF World Championships in Athletics,https://worldathletics.org/results/world-athletics-championships/1987/iaaf-world-championships-rome-1987-6986221/men/100-metres/final/result,final
Linford Christie,GBR,10.14,,,1.0,28/08/1987 00:00:00,,World Athletics |  100 Metres Result | 2nd IAAF World Championships in Athletics,https://worldathletics.org/results/world-athletics-championships/1987/iaaf-world-championships-rome-1987-6986221/men/100-metres/final/result,final
Attila Kovács,HUN,10.2,,,1.0,28/08/1987 00:00:00,,World Athletics |  100 Metres Result | 2nd IAAF World Championships in Athletics,https://worldathletics.org/results/world-athletics-championships/1987/iaaf-world-championships-rome-1987-6986221/men/100-metres/final/result,final
Viktor Bryzgin,URS,10.25,,,1.0,28/08/1987 00:00:00,,World Athletics |  100 Metres Result | 2nd IAAF World Championships in Athletics,https://worldathletics.org/results/world-athletics-championships/1987/iaaf-world-championships-rome-1987-6986221/men/100-metres/final/result,final
Lee McRae,USA,10.34,,,1.0,28/08/1987 00:00:00,,World Athletics |  100 Metres Result | 2nd IAAF World Championships in Athletics,https://worldathletics.org/results/world-athletics-championships/1987/iaaf-world-championships-rome-1987-6986221/men/100-metres/final/result,final
Pierfrancesco Pavoni,ITA,16.23,,,1.0,28/08/1987 00:00:00,,World Athletics |  100 Metres Result | 2nd IAAF World Championships in Athletics,https://worldathletics.org/results/world-athletics-championships/1987/iaaf-world-championships-rome-1987-6986221/men/100-metres/final/result,final
Ben Johnson,CAN,,DQ,,1.0,28/08/1987 00:00:00,,World Athletics |  100 Metres Result | 2nd IAAF World Championships in Athletics,https://worldathletics.org/results/world-athletics-championships/1987/iaaf-world-championships-rome-1987-6986221/men/100-metres/final/result,final
Carl Lewis,USA,10.07,,,-0.3,07/08/1983 00:00:00,,World Athletics |  100 Metres Result | 1st IAAF World Championships in Athletics,https://worldathletics.org/results/world-athletics-championships/1983/iaaf-world-championships-helsinki-1983-6988504/men/100-metres/final/result,final
Calvin Smith,USA,10.21,,,-0.3,07/08/1983 00:00:00,,World Athletics |  100 Metres Result | 1st IAAF World Championships in Athletics,https://worldathletics.org/results/world-athletics-championships/1983/iaaf-world-championships-helsinki-1983-6988504/men/100-metres/final/result,final
Emmit King,USA,10.24,,,-0.3,07/08/1983 00:00:00,,World Athletics |  100 Metres Result | 1st IAAF World Championships in Athletics,https://worldathletics.org/results/world-athletics-championships/1983/iaaf-world-championships-helsinki-1983-6988504/men/100-metres/final/result,final
Allan Wells,GBR,10.27,,,-0.3,07/08/1983 00:00:00,,World Athletics |  100 Metres Result | 1st IAAF World Championships in Athletics,https://worldathletics.org/results/world-athletics-championships/1983/iaaf-world-championships-helsinki-1983-6988504/men/100-metres/final/result,final
Juan Nuñez,DOM,10.29,,,-0.3,07/08/1983 00:00:00,,World Athletics |  100 Metres Result | 1st IAAF World Championships in Athletics,https://worldathletics.org/results/world-athletics-championships/1983/iaaf-world-championships-helsinki-1983-6988504/men/100-metres/final/result,final
Christian Haas,FRG,10.32,,,-0.3,07/08/1983 00:00:00,,World Athletics |  100 Metres Result | 1st IAAF World Championships in Athletics,https://worldathletics.org/results/world-athletics-championships/1983/iaaf-world-championships-helsinki-1983-6988504/men/100-metres/final/result,final
Paul Narracott,AUS,10.33,,,-0.3,07/08/1983 00:00:00,,World Athletics |  100 Metres Result | 1st IAAF World Championships in Athletics,https://worldathletics.org/results/world-athletics-championships/1983/iaaf-world-championships-helsinki-1983-6988504/men/100-metres/final/result,final
Desai Williams,CAN,10.36,,,-0.3,07/08/1983 00:00:00,,World Athletics |  100 Metres Result | 1st IAAF World Championships in Athletics,https://worldathletics.org/results/world-athletics-championships/1983/iaaf-world-championships-helsinki-1983-6988504/men/100-metres/final/result,final
Jimmy VICAUT,FRA,9.95,Q,0.131,0.2,05/08/2016 00:00:00,,World Athletics |  100 Metres Result | The XXXI Olympic Games,https://worldathletics.org/results/olympic-games/2016/the-xxxi-olympic-games-7093747/men/100-metres/semi-final/result,semi-final
Ben Youssef Meité,CIV,9.97,Q,0.142,0.2,05/08/2016 00:00:00,,World Athletics |  100 Metres Result | The XXXI Olympic Games,https://worldathletics.org/results/olympic-games/2016/the-xxxi-olympic-games-7093747/men/100-metres/semi-final/result,semi-final
Akani SIMBINE,RSA,9.98,q,0.144,0.2,05/08/2016 00:00:00,,World Athletics |  100 Metres Result | The XXXI Olympic Games,https://worldathletics.org/results/olympic-games/2016/the-xxxi-olympic-games-7093747/men/100-metres/semi-final/result,semi-final
Jak Ali HARVEY,TUR,10.03,,0.148,0.2,05/08/2016 00:00:00,,World Athletics |  100 Metres Result | The XXXI Olympic Games,https://worldathletics.org/results/olympic-games/2016/the-xxxi-olympic-games-7093747/men/100-metres/semi-final/result,semi-final
Nickel Ashmeade,JAM,10.05,,0.118,0.2,05/08/2016 00:00:00,,World Athletics |  100 Metres Result | The XXXI Olympic Games,https://worldathletics.org/results/olympic-games/2016/the-xxxi-olympic-games-7093747/men/100-metres/semi-final/result,semi-final
Marvin BRACY-WILLIAMS,USA,10.08,,0.152,0.2,05/08/2016 00:00:00,,World Athletics |  100 Metres Result | The XXXI Olympic Games,https://worldathletics.org/results/olympic-games/2016/the-xxxi-olympic-games-7093747/men/100-metres/semi-final/result,semi-final
Zhenye XIE,CHN,10.11,,0.134,0.2,05/08/2016 00:00:00,,World Athletics |  100 Metres Result | The XXXI Olympic Games,https://worldathletics.org/results/olympic-games/2016/the-xxxi-olympic-games-7093747/men/100-metres/semi-final/result,semi-final
Hassan TAFTIAN,IRI,10.23,,0.136,0.2,05/08/2016 00:00:00,,World Athletics |  100 Metres Result | The XXXI Olympic Games,https://worldathletics.org/results/olympic-games/2016/the-xxxi-olympic-games-7093747/men/100-metres/semi-final/result,semi-final
Kemarley Brown,BRN,10.13,Q,0.146,-1.2,05/08/2016 00:00:00,,World Athletics |  100 Metres Result | The XXXI Olympic Games,https://worldathletics.org/results/olympic-games/2016/the-xxxi-olympic-games-7093747/men/100-metres/heats/result,heats
Chijindu UJAH,GBR,10.13,Q,0.15,-1.2,05/08/2016 00:00:00,,World Athletics |  100 Metres Result | The XXXI Olympic Games,https://worldathletics.org/results/olympic-games/2016/the-xxxi-olympic-games-7093747/men/100-metres/heats/result,heats
Marvin BRACY-WILLIAMS,USA,10.16,q,0.155,-1.2,05/08/2016 00:00:00,,World Athletics |  100 Metres Result | The XXXI Olympic Games,https://worldathletics.org/results/olympic-games/2016/the-xxxi-olympic-games-7093747/men/100-metres/heats/result,heats
Seye OGUNLEWE,NGR,10.26,,0.139,-1.2,05/08/2016 00:00:00,,World Athletics |  100 Metres Result | The XXXI Olympic Games,https://worldathletics.org/results/olympic-games/2016/the-xxxi-olympic-games-7093747/men/100-metres/heats/result,heats
Femi OGUNODE,QAT,10.28,,0.17,-1.2,05/08/2016 00:00:00,,World Athletics |  100 Metres Result | The XXXI Olympic Games,https://worldathletics.org/results/olympic-games/2016/the-xxxi-olympic-games-7093747/men/100-metres/heats/result,heats
Sean SAFO-ANTWI,GHA,10.43,,0.145,-1.2,05/08/2016 00:00:00,,World Athletics |  100 Metres Result | The XXXI Olympic Games,https://worldathletics.org/results/olympic-games/2016/the-xxxi-olympic-games-7093747/men/100-metres/heats/result,heats
Reza Ghasemi,IRI,10.47,,0.15,-1.2,05/08/2016 00:00:00,,World Athletics |  100 Metres Result | The XXXI Olympic Games,https://worldathletics.org/results/olympic-games/2016/the-xxxi-olympic-games-7093747/men/100-metres/heats/result,heats
Adrian Griffith,BAH,10.53,,0.143,-1.2,05/08/2016 00:00:00,,World Athletics |  100 Metres Result | The XXXI Olympic Games,https://worldathletics.org/results/olympic-games/2016/the-xxxi-olympic-games-7093747/men/100-metres/heats/result,heats
Md Fakhri Ismail,BRU,10.95,,0.151,-1.2,05/08/2016 00:00:00,,World Athletics |  100 Metres Result | The XXXI Olympic Games,https://worldathletics.org/results/olympic-games/2016/the-xxxi-olympic-games-7093747/men/100-metres/heats/result,heats
Usain BOLT,JAM,9.85,Q,0.161,-0.1,08/08/2008 00:00:00,,World Athletics |  100 Metres Result | The XXIX Olympic Games,https://worldathletics.org/results/olympic-games/2008/the-xxix-olympic-games-6977748/men/100-metres/semi-final/result,semi-final
Walter Dix,USA,9.95,Q,0.143,-0.1,08/08/2008 00:00:00,,World Athletics |  100 Metres Result | The XXIX Olympic Games,https://worldathletics.org/results/olympic-games/2008/the-xxix-olympic-games-6977748/men/100-metres/semi-final/result,semi-final
Marc Burns,TTO,9.97,Q,0.124,-0.1,08/08/2008 00:00:00,,World Athletics |  100 Metres Result | The XXIX Olympic Games,https://worldathletics.org/results/olympic-games/2008/the-xxix-olympic-games-6977748/men/100-metres/semi-final/result,semi-final
Michael FRATER,JAM,10.01,Q,0.163,-0.1,08/08/2008 00:00:00,,World Athletics |  100 Metres Result | The XXIX Olympic Games,https://worldathletics.org/results/olympic-games/2008/the-xxix-olympic-games-6977748/men/100-metres/semi-final/result,semi-final
Kim COLLINS,SKN,10.05,SB,0.163,-0.1,08/08/2008 00:00:00,,World Athletics |  100 Metres Result | The XXIX Olympic Games,https://worldathletics.org/results/olympic-games/2008/the-xxix-olympic-games-6977748/men/100-metres/semi-final/result,semi-final
Derrick Atkins,BAH,10.13,,0.159,-0.1,08/08/2008 00:00:00,,World Athletics |  100 Metres Result | The XXIX Olympic Games,https://worldathletics.org/results/olympic-games/2008/the-xxix-olympic-games-6977748/men/100-metres/semi-final/result,semi-final
Tyrone Edgar,GBR,10.18,,0.143,-0.1,08/08/2008 00:00:00,,World Athletics |  100 Metres Result | The XXIX Olympic Games,https://worldathletics.org/results/olympic-games/2008/the-xxix-olympic-games-6977748/men/100-metres/semi-final/result,semi-final
Samuel Francis,QAT,,DQ,0.146,-0.1,08/08/2008 00:00:00,,World Athletics |  100 Metres Result | The XXIX Olympic Games,https://worldathletics.org/results/olympic-games/2008/the-xxix-olympic-games-6977748/men/100-metres/semi-final/result,semi-final
Usain BOLT,JAM,10.2,Q,0.186,-0.2,08/08/2008 00:00:00,,World Athletics |  100 Metres Result | The XXIX Olympic Games,https://worldathletics.org/results/olympic-games/2008/the-xxix-olympic-games-6977748/men/100-metres/heats/result,heats
Daniel Bailey,ANT,10.24,Q,0.198,-0.2,08/08/2008 00:00:00,,World Athletics |  100 Metres Result | The XXIX Olympic Games,https://worldathletics.org/results/olympic-games/2008/the-xxix-olympic-games-6977748/men/100-metres/heats/result,heats
Vicente de Lima,BRA,10.26,Q,0.168,-0.2,08/08/2008 00:00:00,,World Athletics |  100 Metres Result | The XXIX Olympic Games,https://worldathletics.org/results/olympic-games/2008/the-xxix-olympic-games-6977748/men/100-metres/heats/result,heats
Henry Vizcaíno,CUB,10.28,q,0.157,-0.2,08/08/2008 00:00:00,,World Athletics |  100 Metres Result | The XXIX Olympic Games,https://worldathletics.org/results/olympic-games/2008/the-xxix-olympic-games-6977748/men/100-metres/heats/result,heats
Fabio Cerutti,ITA,10.49,,0.136,-0.2,08/08/2008 00:00:00,,World Athletics |  100 Metres Result | The XXIX Olympic Games,https://worldathletics.org/results/olympic-games/2008/the-xxix-olympic-games-6977748/men/100-metres/heats/result,heats
Jurgen Themen,SUR,10.61,PB,0.179,-0.2,08/08/2008 00:00:00,,World Athletics |  100 Metres Result | The XXIX Olympic Games,https://worldathletics.org/results/olympic-games/2008/the-xxix-olympic-games-6977748/men/100-metres/heats/result,heats
Moses Kamut,VAN,10.81,,0.181,-0.2,08/08/2008 00:00:00,,World Athletics |  100 Metres Result | The XXIX Olympic Games,https://worldathletics.org/results/olympic-games/2008/the-xxix-olympic-games-6977748/men/100-metres/heats/result,heats
Francis Manioru,SOL,11.09,,0.197,-0.2,08/08/2008 00:00:00,,World Athletics |  100 Metres Result | The XXIX Olympic Games,https://worldathletics.org/results/olympic-games/2008/the-xxix-olympic-games-6977748/men/100-metres/heats/result,heats
Shawn Crawford,USA,10.07,Q,0.173,-1.6,20/08/2004 00:00:00,,World Athletics |  100 Metres Result | 28th Olympic Games,https://worldathletics.org/results/olympic-games/2004/the-xxviii-olympic-games-6913163/men/100-metres/semi-final/result,semi-final
Justin GATLIN,USA,10.09,Q,0.191,-1.6,20/08/2004 00:00:00,,World Athletics |  100 Metres Result | 28th Olympic Games,https://worldathletics.org/results/olympic-games/2004/the-xxviii-olympic-games-6913163/men/100-metres/semi-final/result,semi-final
Aziz Zakari,GHA,10.11,Q,0.155,-1.6,20/08/2004 00:00:00,,World Athletics |  100 Metres Result | 28th Olympic Games,https://worldathletics.org/results/olympic-games/2004/the-xxviii-olympic-games-6913163/men/100-metres/semi-final/result,semi-final
Obadele Thompson,BAR,10.22,Q,0.16,-1.6,20/08/2004 00:00:00,,World Athletics |  100 Metres Result | 28th Olympic Games,https://worldathletics.org/results/olympic-games/2004/the-xxviii-olympic-games-6913163/men/100-metres/semi-final/result,semi-final
Mark Lewis-Francis,GBR,10.28,,0.163,-1.6,20/08/2004 00:00:00,,World Athletics |  100 Metres Result | 28th Olympic Games,https://worldathletics.org/results/olympic-games/2004/the-xxviii-olympic-games-6913163/men/100-metres/semi-final/result,semi-final
Michael FRATER,JAM,10.29,,0.146,-1.6,20/08/2004 00:00:00,,World Athletics |  100 Metres Result | 28th Olympic Games,https://worldathletics.org/results/olympic-games/2004/the-xxviii-olympic-games-6913163/men/100-metres/semi-final/result,semi-final
Ronald Pognon,FRA,10.32,,0.144,-1.6,20/08/2004 00:00:00,,World Athletics |  100 Metres Result | 28th Olympic Games,https://worldathletics.org/results/olympic-games/2004/the-xxviii-olympic-games-6913163/men/100-metres/semi-final/result,semi-final
Uchenna Emedolu,NGR,10.35,,0.188,-1.6,20/08/2004 00:00:00,,World Athletics |  100 Metres Result | 28th Olympic Games,https://worldathletics.org/results/olympic-games/2004/the-xxviii-olympic-games-6913163/men/100-metres/semi-final/result,semi-final
Justin GATLIN,USA,10.07,Q,0.204,-0.2,20/08/2004 00:00:00,,World Athletics |  100 Metres Result | 28th Olympic Games,https://worldathletics.org/results/olympic-games/2004/the-xxviii-olympic-games-6913163/men/100-metres/heats/result,heats
Kareem Streete-Thompson,CAY,10.15,Q,0.156,-0.2,20/08/2004 00:00:00,,World Athletics |  100 Metres Result | 28th Olympic Games,https://worldathletics.org/results/olympic-games/2004/the-xxviii-olympic-games-6913163/men/100-metres/heats/result,heats
Leonard Myles-Mills,GHA,10.21,Q,0.133,-0.2,20/08/2004 00:00:00,,World Athletics |  100 Metres Result | 28th Olympic Games,https://worldathletics.org/results/olympic-games/2004/the-xxviii-olympic-games-6913163/men/100-metres/heats/result,heats
Vicente de Lima,BRA,10.23,q,0.169,-0.2,20/08/2004 00:00:00,,World Athletics |  100 Metres Result | 28th Olympic Games,https://worldathletics.org/results/olympic-games/2004/the-xxviii-olympic-games-6913163/men/100-metres/heats/result,heats
Andrey Epishin,RUS,10.29,q,0.146,-0.2,20/08/2004 00:00:00,,World Athletics |  100 Metres Result | 28th Olympic Games,https://worldathletics.org/results/olympic-games/2004/the-xxviii-olympic-games-6913163/men/100-metres/heats/result,heats
Yeóryios Theodorídis,GRE,10.32,q,0.141,-0.2,20/08/2004 00:00:00,,World Athletics |  100 Metres Result | 28th Olympic Games,https://worldathletics.org/results/olympic-games/2004/the-xxviii-olympic-games-6913163/men/100-metres/heats/result,heats
Hadhari Djaffar,COM,10.62,,0.163,-0.2,20/08/2004 00:00:00,,World Athletics |  100 Metres Result | 28th Olympic Games,https://worldathletics.org/results/olympic-games/2004/the-xxviii-olympic-games-6913163/men/100-metres/heats/result,heats
Sultan Saeed,MDV,11.72,,0.239,-0.2,20/08/2004 00:00:00,,World Athletics |  100 Metres Result | 28th Olympic Games,https://worldathletics.org/results/olympic-games/2004/the-xxviii-olympic-games-6913163/men/100-metres/heats/result,heats
Juan Sainfleur,DOM,,DNF,0.164,-0.2,20/08/2004 00:00:00,,World Athletics |  100 Metres Result | 28th Olympic Games,https://worldathletics.org/results/olympic-games/2004/the-xxviii-olympic-games-6913163/men/100-metres/heats/result,heats
Dwain Chambers,GBR,10.14,Q,0.164,0.4,22/09/2000 00:00:00,,World Athletics |  100 Metres Result | 27th Olympic Games,https://worldathletics.org/results/olympic-games/2000/the-xxvii-olympic-games-6951910/men/100-metres/semi-final/result,semi-final
Obadele Thompson,BAR,10.15,Q,0.189,0.4,22/09/2000 00:00:00,,World Athletics |  100 Metres Result | 27th Olympic Games,https://worldathletics.org/results/olympic-games/2000/the-xxvii-olympic-games-6951910/men/100-metres/semi-final/result,semi-final
Darren Campbell,GBR,10.19,Q,0.161,0.4,22/09/2000 00:00:00,,World Athletics |  100 Metres Result | 27th Olympic Games,https://worldathletics.org/results/olympic-games/2000/the-xxvii-olympic-games-6951910/men/100-metres/semi-final/result,semi-final
Kim COLLINS,SKN,10.2,Q,0.184,0.4,22/09/2000 00:00:00,,World Athletics |  100 Metres Result | 27th Olympic Games,https://worldathletics.org/results/olympic-games/2000/the-xxvii-olympic-games-6951910/men/100-metres/semi-final/result,semi-final
Leonard Myles-Mills,GHA,10.25,,0.22,0.4,22/09/2000 00:00:00,,World Athletics |  100 Metres Result | 27th Olympic Games,https://worldathletics.org/results/olympic-games/2000/the-xxvii-olympic-games-6951910/men/100-metres/semi-final/result,semi-final
Curtis Johnson,USA,10.27,,0.146,0.4,22/09/2000 00:00:00,,World Athletics |  100 Metres Result | 27th Olympic Games,https://worldathletics.org/results/olympic-games/2000/the-xxvii-olympic-games-6951910/men/100-metres/semi-final/result,semi-final
Koji Ito,JPN,10.39,,0.217,0.4,22/09/2000 00:00:00,,World Athletics |  100 Metres Result | 27th Olympic Games,https://worldathletics.org/results/olympic-games/2000/the-xxvii-olympic-games-6951910/men/100-metres/semi-final/result,semi-final
Lindel Frater,JAM,10.46,,0.203,0.4,22/09/2000 00:00:00,,World Athletics |  100 Metres Result | 27th Olympic Games,https://worldathletics.org/results/olympic-games/2000/the-xxvii-olympic-games-6951910/men/100-metres/semi-final/result,semi-final
Maurice Greene,USA,10.31,Q,0.195,-0.6,22/09/2000 00:00:00,,World Athletics |  100 Metres Result | 27th Olympic Games,https://worldathletics.org/results/olympic-games/2000/the-xxvii-olympic-games-6951910/men/100-metres/heats/result,heats
Kim COLLINS,SKN,10.39,Q,0.24,-0.6,22/09/2000 00:00:00,,World Athletics |  100 Metres Result | 27th Olympic Games,https://worldathletics.org/results/olympic-games/2000/the-xxvii-olympic-games-6951910/men/100-metres/heats/result,heats
Joseph Batangdon,CMR,10.45,Q,0.192,-0.6,22/09/2000 00:00:00,,World Athletics |  100 Metres Result | 27th Olympic Games,https://worldathletics.org/results/olympic-games/2000/the-xxvii-olympic-games-6951910/men/100-metres/heats/result,heats
Andrea Colombo,ITA,10.52,,0.264,-0.6,22/09/2000 00:00:00,,World Athletics |  100 Metres Result | 27th Olympic Games,https://worldathletics.org/results/olympic-games/2000/the-xxvii-olympic-games-6951910/men/100-metres/heats/result,heats
Watson Nyambek,MAS,10.61,,0.175,-0.6,22/09/2000 00:00:00,,World Athletics |  100 Metres Result | 27th Olympic Games,https://worldathletics.org/results/olympic-games/2000/the-xxvii-olympic-games-6951910/men/100-metres/heats/result,heats
John Muray,INA,10.68,,0.18,-0.6,22/09/2000 00:00:00,,World Athletics |  100 Metres Result | 27th Olympic Games,https://worldathletics.org/results/olympic-games/2000/the-xxvii-olympic-games-6951910/men/100-metres/heats/result,heats
Teinakore Teiti,COK,11.22,,0.17,-0.6,22/09/2000 00:00:00,,World Athletics |  100 Metres Result | 27th Olympic Games,https://worldathletics.org/results/olympic-games/2000/the-xxvii-olympic-games-6951910/men/100-metres/heats/result,heats
Saviour Spiteri,MLT,12.57,,0.207,-0.6,22/09/2000 00:00:00,,World Athletics |  100 Metres Result | 27th Olympic Games,https://worldathletics.org/results/olympic-games/2000/the-xxvii-olympic-games-6951910/men/100-metres/heats/result,heats
Cherico Detenamo,NRU,,DNS,,-0.6,22/09/2000 00:00:00,,World Athletics |  100 Metres Result | 27th Olympic Games,https://worldathletics.org/results/olympic-games/2000/the-xxvii-olympic-games-6951910/men/100-metres/heats/result,heats
Ággelos Pavlakákis,GRE,,DNS,,-0.6,22/09/2000 00:00:00,,World Athletics |  100 Metres Result | 27th Olympic Games,https://worldathletics.org/results/olympic-games/2000/the-xxvii-olympic-games-6951910/men/100-metres/heats/result,heats
Usain BOLT,JAM,9.89,Q,0.135,0.2,15/08/2009 00:00:00,,World Athletics |  100 Metres Result | 12th IAAF World Championships in Athletics,https://worldathletics.org/results/world-athletics-championships/2009/iaaf-world-championships-berlin-2009-6998524/men/100-metres/semi-final/result,semi-final
Daniel Bailey,ANT,9.96,Q,0.135,0.2,15/08/2009 00:00:00,,World Athletics |  100 Metres Result | 12th IAAF World Championships in Athletics,https://worldathletics.org/results/world-athletics-championships/2009/iaaf-world-championships-berlin-2009-6998524/men/100-metres/semi-final/result,semi-final
Darvis PATTON,USA,9.98,Q,0.152,0.2,15/08/2009 00:00:00,,World Athletics |  100 Metres Result | 12th IAAF World Championships in Athletics,https://worldathletics.org/results/world-athletics-championships/2009/iaaf-world-championships-berlin-2009-6998524/men/100-metres/semi-final/result,semi-final
Marc Burns,TTO,10.01,Q,0.159,0.2,15/08/2009 00:00:00,,World Athletics |  100 Metres Result | 12th IAAF World Championships in Athletics,https://worldathletics.org/results/world-athletics-championships/2009/iaaf-world-championships-berlin-2009-6998524/men/100-metres/semi-final/result,semi-final
Michael RODGERS,USA,10.04,,0.154,0.2,15/08/2009 00:00:00,,World Athletics |  100 Metres Result | 12th IAAF World Championships in Athletics,https://worldathletics.org/results/world-athletics-championships/2009/iaaf-world-championships-berlin-2009-6998524/men/100-metres/semi-final/result,semi-final
Martial Mbandjock,FRA,10.18,,0.138,0.2,15/08/2009 00:00:00,,World Athletics |  100 Metres Result | 12th IAAF World Championships in Athletics,https://worldathletics.org/results/world-athletics-championships/2009/iaaf-world-championships-berlin-2009-6998524/men/100-metres/semi-final/result,semi-final
Jaysuma SAIDY NDURE,NOR,10.2,,0.143,0.2,15/08/2009 00:00:00,,World Athletics |  100 Metres Result | 12th IAAF World Championships in Athletics,https://worldathletics.org/results/world-athletics-championships/2009/iaaf-world-championships-berlin-2009-6998524/men/100-metres/semi-final/result,semi-final
Tyrone Edgar,GBR,,DQ,0.0,0.2,15/08/2009 00:00:00,,World Athletics |  100 Metres Result | 12th IAAF World Championships in Athletics,https://worldathletics.org/results/world-athletics-championships/2009/iaaf-world-championships-berlin-2009-6998524/men/100-metres/semi-final/result,semi-final
Michael FRATER,JAM,10.3,Q,0.144,-0.4,15/08/2009 00:00:00,,World Athletics |  100 Metres Result | 12th IAAF World Championships in Athletics,https://worldathletics.org/results/world-athletics-championships/2009/iaaf-world-championships-berlin-2009-6998524/men/100-metres/heats/result,heats
Arnaldo Abrantes,POR,10.41,Q,0.137,-0.4,15/08/2009 00:00:00,,World Athletics |  100 Metres Result | 12th IAAF World Championships in Athletics,https://worldathletics.org/results/world-athletics-championships/2009/iaaf-world-championships-berlin-2009-6998524/men/100-metres/heats/result,heats
Shintaro Kimura,JPN,10.47,Q,0.132,-0.4,15/08/2009 00:00:00,,World Athletics |  100 Metres Result | 12th IAAF World Championships in Athletics,https://worldathletics.org/results/world-athletics-championships/2009/iaaf-world-championships-berlin-2009-6998524/men/100-metres/heats/result,heats
Simone Collio,ITA,10.49,,0.162,-0.4,15/08/2009 00:00:00,,World Athletics |  100 Metres Result | 12th IAAF World Championships in Athletics,https://worldathletics.org/results/world-athletics-championships/2009/iaaf-world-championships-berlin-2009-6998524/men/100-metres/heats/result,heats
Matic Osovnikar,SLO,10.52,,0.175,-0.4,15/08/2009 00:00:00,,World Athletics |  100 Metres Result | 12th IAAF World Championships in Athletics,https://worldathletics.org/results/world-athletics-championships/2009/iaaf-world-championships-berlin-2009-6998524/men/100-metres/heats/result,heats
Berenger Aymard Bossé,CAF,10.55,,0.143,-0.4,15/08/2009 00:00:00,,World Athletics |  100 Metres Result | 12th IAAF World Championships in Athletics,https://worldathletics.org/results/world-athletics-championships/2009/iaaf-world-championships-berlin-2009-6998524/men/100-metres/heats/result,heats
Jack Iroga,SOL,10.98,SB,0.144,-0.4,15/08/2009 00:00:00,,World Athletics |  100 Metres Result | 12th IAAF World Championships in Athletics,https://worldathletics.org/results/world-athletics-championships/2009/iaaf-world-championships-berlin-2009-6998524/men/100-metres/heats/result,heats
Dominic Carroll,GIB,,DNF,0.162,-0.4,15/08/2009 00:00:00,,World Athletics |  100 Metres Result | 12th IAAF World Championships in Athletics,https://worldathletics.org/results/world-athletics-championships/2009/iaaf-world-championships-berlin-2009-6998524/men/100-metres/heats/result,heats
Derrick Atkins,BAH,10.04,Q,0.166,0.3,25/08/2007 00:00:00,,World Athletics |  100 Metres Result | 11th IAAF World Championships in Athletics,https://worldathletics.org/results/world-athletics-championships/2007/iaaf-world-championships-osaka-2007-6903480/men/100-metres/semi-final/result,semi-final
Asafa POWELL,JAM,10.08,Q,0.156,0.3,25/08/2007 00:00:00,,World Athletics |  100 Metres Result | 11th IAAF World Championships in Athletics,https://worldathletics.org/results/world-athletics-championships/2007/iaaf-world-championships-osaka-2007-6903480/men/100-metres/semi-final/result,semi-final
Matic Osovnikar,SLO,10.17,Q,0.173,0.3,25/08/2007 00:00:00,,World Athletics |  100 Metres Result | 11th IAAF World Championships in Athletics,https://worldathletics.org/results/world-athletics-championships/2007/iaaf-world-championships-osaka-2007-6903480/men/100-metres/semi-final/result,semi-final
Marc Burns,TTO,10.21,Q,0.16,0.3,25/08/2007 00:00:00,,World Athletics |  100 Metres Result | 11th IAAF World Championships in Athletics,https://worldathletics.org/results/world-athletics-championships/2007/iaaf-world-championships-osaka-2007-6903480/men/100-metres/semi-final/result,semi-final
Kim COLLINS,SKN,10.21,SB,0.16,0.3,25/08/2007 00:00:00,,World Athletics |  100 Metres Result | 11th IAAF World Championships in Athletics,https://worldathletics.org/results/world-athletics-championships/2007/iaaf-world-championships-osaka-2007-6903480/men/100-metres/semi-final/result,semi-final
Craig Pickering,GBR,10.29,,0.153,0.3,25/08/2007 00:00:00,,World Athletics |  100 Metres Result | 11th IAAF World Championships in Athletics,https://worldathletics.org/results/world-athletics-championships/2007/iaaf-world-championships-osaka-2007-6903480/men/100-metres/semi-final/result,semi-final
Brendan Christian,ANT,10.29,,0.16,0.3,25/08/2007 00:00:00,,World Athletics |  100 Metres Result | 11th IAAF World Championships in Athletics,https://worldathletics.org/results/world-athletics-championships/2007/iaaf-world-championships-osaka-2007-6903480/men/100-metres/semi-final/result,semi-final
Nobuharu Asahara,JPN,10.36,,0.161,0.3,25/08/2007 00:00:00,,World Athletics |  100 Metres Result | 11th IAAF World Championships in Athletics,https://worldathletics.org/results/world-athletics-championships/2007/iaaf-world-championships-osaka-2007-6903480/men/100-metres/semi-final/result,semi-final
Nobuharu Asahara,JPN,10.14,Q,0.147,1.0,25/08/2007 00:00:00,,World Athletics |  100 Metres Result | 11th IAAF World Championships in Athletics,https://worldathletics.org/results/world-athletics-championships/2007/iaaf-world-championships-osaka-2007-6903480/men/100-metres/heats/result,heats
Tyson GAY,USA,10.19,Q,0.172,1.0,25/08/2007 00:00:00,,World Athletics |  100 Metres Result | 11th IAAF World Championships in Athletics,https://worldathletics.org/results/world-athletics-championships/2007/iaaf-world-championships-osaka-2007-6903480/men/100-metres/heats/result,heats
Sherwin Vries,RSA,10.3,Q,0.14,1.0,25/08/2007 00:00:00,,World Athletics |  100 Metres Result | 11th IAAF World Championships in Athletics,https://worldathletics.org/results/world-athletics-championships/2007/iaaf-world-championships-osaka-2007-6903480/men/100-metres/heats/result,heats
Kim COLLINS,SKN,10.34,q,0.201,1.0,25/08/2007 00:00:00,,World Athletics |  100 Metres Result | 11th IAAF World Championships in Athletics,https://worldathletics.org/results/world-athletics-championships/2007/iaaf-world-championships-osaka-2007-6903480/men/100-metres/heats/result,heats
José Carlos Moreira,BRA,10.46,,0.175,1.0,25/08/2007 00:00:00,,World Athletics |  100 Metres Result | 11th IAAF World Championships in Athletics,https://worldathletics.org/results/world-athletics-championships/2007/iaaf-world-championships-osaka-2007-6903480/men/100-metres/heats/result,heats
Muhammad Patoniah,INA,10.92,PB,0.197,1.0,25/08/2007 00:00:00,,World Athletics |  100 Metres Result | 11th IAAF World Championships in Athletics,https://worldathletics.org/results/world-athletics-championships/2007/iaaf-world-championships-osaka-2007-6903480/men/100-metres/heats/result,heats
Tyrone Omar,NMI,11.0,,0.155,1.0,25/08/2007 00:00:00,,World Athletics |  100 Metres Result | 11th IAAF World Championships in Athletics,https://worldathletics.org/results/world-athletics-championships/2007/iaaf-world-championships-osaka-2007-6903480/men/100-metres/heats/result,heats
Iowane Dovumatua,FIJ,11.09,,0.172,1.0,25/08/2007 00:00:00,,World Athletics |  100 Metres Result | 11th IAAF World Championships in Athletics,https://worldathletics.org/results/world-athletics-championships/2007/iaaf-world-championships-osaka-2007-6903480/men/100-metres/heats/result,heats
Tim Natua,KIR,11.51,PB,0.153,1.0,25/08/2007 00:00:00,,World Athletics |  100 Metres Result | 11th IAAF World Championships in Athletics,https://worldathletics.org/results/world-athletics-championships/2007/iaaf-world-championships-osaka-2007-6903480/men/100-metres/heats/result,heats
Leonard Scott,USA,10.08,Q,0.132,0.5,06/08/2005 00:00:00,,World Athletics |  100 Metres Result | 10th IAAF World Championships in Athletics,https://worldathletics.org/results/world-athletics-championships/2005/iaaf-world-championships-helsinki-2005-6937596/men/100-metres/semi-final/result,semi-final
Michael FRATER,JAM,10.09,Q,0.119,0.5,06/08/2005 00:00:00,,World Athletics |  100 Metres Result | 10th IAAF World Championships in Athletics,https://worldathletics.org/results/world-athletics-championships/2005/iaaf-world-championships-helsinki-2005-6937596/men/100-metres/semi-final/result,semi-final
Marc Burns,TTO,10.12,Q,0.159,0.5,06/08/2005 00:00:00,,World Athletics |  100 Metres Result | 10th IAAF World Championships in Athletics,https://worldathletics.org/results/world-athletics-championships/2005/iaaf-world-championships-helsinki-2005-6937596/men/100-metres/semi-final/result,semi-final
Francis Obikwelu,POR,10.13,Q,0.154,0.5,06/08/2005 00:00:00,,World Athletics |  100 Metres Result | 10th IAAF World Championships in Athletics,https://worldathletics.org/results/world-athletics-championships/2005/iaaf-world-championships-helsinki-2005-6937596/men/100-metres/semi-final/result,semi-final
Olusoji A. Fasuba,NGR,10.18,,0.138,0.5,06/08/2005 00:00:00,,World Athletics |  100 Metres Result | 10th IAAF World Championships in Athletics,https://worldathletics.org/results/world-athletics-championships/2005/iaaf-world-championships-helsinki-2005-6937596/men/100-metres/semi-final/result,semi-final
Marlon Devonish,GBR,10.24,,0.13,0.5,06/08/2005 00:00:00,,World Athletics |  100 Metres Result | 10th IAAF World Championships in Athletics,https://worldathletics.org/results/world-athletics-championships/2005/iaaf-world-championships-helsinki-2005-6937596/men/100-metres/semi-final/result,semi-final
Joshua Ross,AUS,10.27,,0.16,0.5,06/08/2005 00:00:00,,World Athletics |  100 Metres Result | 10th IAAF World Championships in Athletics,https://worldathletics.org/results/world-athletics-championships/2005/iaaf-world-championships-helsinki-2005-6937596/men/100-metres/semi-final/result,semi-final
Shawn Crawford,USA,10.28,,0.157,0.5,06/08/2005 00:00:00,,World Athletics |  100 Metres Result | 10th IAAF World Championships in Athletics,https://worldathletics.org/results/world-athletics-championships/2005/iaaf-world-championships-helsinki-2005-6937596/men/100-metres/semi-final/result,semi-final
Francis Obikwelu,POR,10.17,Q,0.16,0.6,06/08/2005 00:00:00,,World Athletics |  100 Metres Result | 10th IAAF World Championships in Athletics,https://worldathletics.org/results/world-athletics-championships/2005/iaaf-world-championships-helsinki-2005-6937596/men/100-metres/heats/result,heats
Shawn Crawford,USA,10.23,Q,0.168,0.6,06/08/2005 00:00:00,,World Athletics |  100 Metres Result | 10th IAAF World Championships in Athletics,https://worldathletics.org/results/world-athletics-championships/2005/iaaf-world-championships-helsinki-2005-6937596/men/100-metres/heats/result,heats
Simone Collio,ITA,10.27,Q,0.13,0.6,06/08/2005 00:00:00,,World Athletics |  100 Metres Result | 10th IAAF World Championships in Athletics,https://worldathletics.org/results/world-athletics-championships/2005/iaaf-world-championships-helsinki-2005-6937596/men/100-metres/heats/result,heats
Nicolas Macrozonaris,CAN,10.4,q,0.137,0.6,06/08/2005 00:00:00,,World Athletics |  100 Metres Result | 10th IAAF World Championships in Athletics,https://worldathletics.org/results/world-athletics-championships/2005/iaaf-world-championships-helsinki-2005-6937596/men/100-metres/heats/result,heats
Philam Garcia,GUM,10.79,,0.156,0.6,06/08/2005 00:00:00,,World Athletics |  100 Metres Result | 10th IAAF World Championships in Athletics,https://worldathletics.org/results/world-athletics-championships/2005/iaaf-world-championships-helsinki-2005-6937596/men/100-metres/heats/result,heats
Derrick Atkins,BAH,11.57,,0.187,0.6,06/08/2005 00:00:00,,World Athletics |  100 Metres Result | 10th IAAF World Championships in Athletics,https://worldathletics.org/results/world-athletics-championships/2005/iaaf-world-championships-helsinki-2005-6937596/men/100-metres/heats/result,heats
Harmon Harmon,COK,11.84,SB,0.182,0.6,06/08/2005 00:00:00,,World Athletics |  100 Metres Result | 10th IAAF World Championships in Athletics,https://worldathletics.org/results/world-athletics-championships/2005/iaaf-world-championships-helsinki-2005-6937596/men/100-metres/heats/result,heats
Mariuti Uan,KIR,11.92,PB,0.176,0.6,06/08/2005 00:00:00,,World Athletics |  100 Metres Result | 10th IAAF World Championships in Athletics,https://worldathletics.org/results/world-athletics-championships/2005/iaaf-world-championships-helsinki-2005-6937596/men/100-metres/heats/result,heats
Darrel Brown,TTO,10.11,Q,0.154,0.5,23/08/2003 00:00:00,,World Athletics |  100 Metres Result | 9th IAAF World Championships in Athletics,https://worldathletics.org/results/world-athletics-championships/2003/iaaf-world-championships-paris-2003-6930156/men/100-metres/semi-final/result,semi-final
Darren Campbell,GBR,10.12,Q,0.158,0.5,23/08/2003 00:00:00,,World Athletics |  100 Metres Result | 9th IAAF World Championships in Athletics,https://worldathletics.org/results/world-athletics-championships/2003/iaaf-world-championships-paris-2003-6930156/men/100-metres/semi-final/result,semi-final
Deji Aliu,NGR,10.14,Q,0.152,0.5,23/08/2003 00:00:00,,World Athletics |  100 Metres Result | 9th IAAF World Championships in Athletics,https://worldathletics.org/results/world-athletics-championships/2003/iaaf-world-championships-paris-2003-6930156/men/100-metres/semi-final/result,semi-final
Dwight Thomas,JAM,10.19,SB,0.156,0.5,23/08/2003 00:00:00,,World Athletics |  100 Metres Result | 9th IAAF World Championships in Athletics,https://worldathletics.org/results/world-athletics-championships/2003/iaaf-world-championships-paris-2003-6930156/men/100-metres/semi-final/result,semi-final
Ato Boldon,TTO,10.22,,0.157,0.5,23/08/2003 00:00:00,,World Athletics |  100 Metres Result | 9th IAAF World Championships in Athletics,https://worldathletics.org/results/world-athletics-championships/2003/iaaf-world-championships-paris-2003-6930156/men/100-metres/semi-final/result,semi-final
Ronald Pognon,FRA,10.25,,0.168,0.5,23/08/2003 00:00:00,,World Athletics |  100 Metres Result | 9th IAAF World Championships in Athletics,https://worldathletics.org/results/world-athletics-championships/2003/iaaf-world-championships-paris-2003-6930156/men/100-metres/semi-final/result,semi-final
Maurice Greene,USA,10.37,,0.129,0.5,23/08/2003 00:00:00,,World Athletics |  100 Metres Result | 9th IAAF World Championships in Athletics,https://worldathletics.org/results/world-athletics-championships/2003/iaaf-world-championships-paris-2003-6930156/men/100-metres/semi-final/result,semi-final
Sherwin Vries,RSA,10.41,,0.23,0.5,23/08/2003 00:00:00,,World Athletics |  100 Metres Result | 9th IAAF World Championships in Athletics,https://worldathletics.org/results/world-athletics-championships/2003/iaaf-world-championships-paris-2003-6930156/men/100-metres/semi-final/result,semi-final
Dwain Chambers,GBR,,DQ,0.147,0.5,23/08/2003 00:00:00,,World Athletics |  100 Metres Result | 9th IAAF World Championships in Athletics,https://worldathletics.org/results/world-athletics-championships/2003/iaaf-world-championships-paris-2003-6930156/men/100-metres/semi-final/result,semi-final
Obadele Thompson,BAR,10.15,Q,0.157,0.7,23/08/2003 00:00:00,,World Athletics |  100 Metres Result | 9th IAAF World Championships in Athletics,https://worldathletics.org/results/world-athletics-championships/2003/iaaf-world-championships-paris-2003-6930156/men/100-metres/heats/result,heats
Yeóryios Theodorídis,GRE,10.17,Q,0.145,0.7,23/08/2003 00:00:00,,World Athletics |  100 Metres Result | 9th IAAF World Championships in Athletics,https://worldathletics.org/results/world-athletics-championships/2003/iaaf-world-championships-paris-2003-6930156/men/100-metres/heats/result,heats
Mark Lewis-Francis,GBR,10.17,Q,0.165,0.7,23/08/2003 00:00:00,,World Athletics |  100 Metres Result | 9th IAAF World Championships in Athletics,https://worldathletics.org/results/world-athletics-championships/2003/iaaf-world-championships-paris-2003-6930156/men/100-metres/heats/result,heats
Jarbas Mascarenhas,BRA,10.36,,0.128,0.7,23/08/2003 00:00:00,,World Athletics |  100 Metres Result | 9th IAAF World Championships in Athletics,https://worldathletics.org/results/world-athletics-championships/2003/iaaf-world-championships-paris-2003-6930156/men/100-metres/heats/result,heats
Darren Gilford,MLT,10.6,,0.149,0.7,23/08/2003 00:00:00,,World Athletics |  100 Metres Result | 9th IAAF World Championships in Athletics,https://worldathletics.org/results/world-athletics-championships/2003/iaaf-world-championships-paris-2003-6930156/men/100-metres/heats/result,heats
Abubaker El Tawerghi,LBA,10.96,,0.216,0.7,23/08/2003 00:00:00,,World Athletics |  100 Metres Result | 9th IAAF World Championships in Athletics,https://worldathletics.org/results/world-athletics-championships/2003/iaaf-world-championships-paris-2003-6930156/men/100-metres/heats/result,heats
Hadhari Djaffar,COM,11.05,SB,0.318,0.7,23/08/2003 00:00:00,,World Athletics |  100 Metres Result | 9th IAAF World Championships in Athletics,https://worldathletics.org/results/world-athletics-championships/2003/iaaf-world-championships-paris-2003-6930156/men/100-metres/heats/result,heats
Roman Cress,MHL,,DNS,0.0,0.7,23/08/2003 00:00:00,,World Athletics |  100 Metres Result | 9th IAAF World Championships in Athletics,https://worldathletics.org/results/world-athletics-championships/2003/iaaf-world-championships-paris-2003-6930156/men/100-metres/heats/result,heats
Maurice Greene,USA,10.01,Q,0.148,-1.2,03/08/2001 00:00:00,,World Athletics |  100 Metres Result | 8th IAAF World Championships,https://worldathletics.org/results/world-athletics-championships/2001/iaaf-world-championships-edmonton-2001-6947294/men/100-metres/semi-final/result,semi-final
Ato Boldon,TTO,10.12,Q,0.123,-1.2,03/08/2001 00:00:00,,World Athletics |  100 Metres Result | 8th IAAF World Championships,https://worldathletics.org/results/world-athletics-championships/2001/iaaf-world-championships-edmonton-2001-6947294/men/100-metres/semi-final/result,semi-final
Kim COLLINS,SKN,10.12,Q,0.141,-1.2,03/08/2001 00:00:00,,World Athletics |  100 Metres Result | 8th IAAF World Championships,https://worldathletics.org/results/world-athletics-championships/2001/iaaf-world-championships-edmonton-2001-6947294/men/100-metres/semi-final/result,semi-final
Aziz Zakari,GHA,10.17,Q,0.15,-1.2,03/08/2001 00:00:00,,World Athletics |  100 Metres Result | 8th IAAF World Championships,https://worldathletics.org/results/world-athletics-championships/2001/iaaf-world-championships-edmonton-2001-6947294/men/100-metres/semi-final/result,semi-final
Mark Lewis-Francis,GBR,10.26,,0.141,-1.2,03/08/2001 00:00:00,,World Athletics |  100 Metres Result | 8th IAAF World Championships,https://worldathletics.org/results/world-athletics-championships/2001/iaaf-world-championships-edmonton-2001-6947294/men/100-metres/semi-final/result,semi-final
Donovan Bailey,CAN,10.33,,0.164,-1.2,03/08/2001 00:00:00,,World Athletics |  100 Metres Result | 8th IAAF World Championships,https://worldathletics.org/results/world-athletics-championships/2001/iaaf-world-championships-edmonton-2001-6947294/men/100-metres/semi-final/result,semi-final
Nobuharu Asahara,JPN,10.33,,0.125,-1.2,03/08/2001 00:00:00,,World Athletics |  100 Metres Result | 8th IAAF World Championships,https://worldathletics.org/results/world-athletics-championships/2001/iaaf-world-championships-edmonton-2001-6947294/men/100-metres/semi-final/result,semi-final
Troy Douglas,NED,10.47,,0.134,-1.2,03/08/2001 00:00:00,,World Athletics |  100 Metres Result | 8th IAAF World Championships,https://worldathletics.org/results/world-athletics-championships/2001/iaaf-world-championships-edmonton-2001-6947294/men/100-metres/semi-final/result,semi-final
Kim COLLINS,SKN,10.3,Q,0.162,-0.3,03/08/2001 00:00:00,,World Athletics |  100 Metres Result | 8th IAAF World Championships,https://worldathletics.org/results/world-athletics-championships/2001/iaaf-world-championships-edmonton-2001-6947294/men/100-metres/heats/result,heats
Fabrice Calligny,FRA,10.32,Q,0.164,-0.3,03/08/2001 00:00:00,,World Athletics |  100 Metres Result | 8th IAAF World Championships,https://worldathletics.org/results/world-athletics-championships/2001/iaaf-world-championships-edmonton-2001-6947294/men/100-metres/heats/result,heats
Kenneth Andam,GHA,10.4,Q,0.155,-0.3,03/08/2001 00:00:00,,World Athletics |  100 Metres Result | 8th IAAF World Championships,https://worldathletics.org/results/world-athletics-championships/2001/iaaf-world-championships-edmonton-2001-6947294/men/100-metres/heats/result,heats
Morne Nagel,RSA,10.49,q,0.13,-0.3,03/08/2001 00:00:00,,World Athletics |  100 Metres Result | 8th IAAF World Championships,https://worldathletics.org/results/world-athletics-championships/2001/iaaf-world-championships-edmonton-2001-6947294/men/100-metres/heats/result,heats
Wai Hung Chiang,HKG,10.85,,0.263,-0.3,03/08/2001 00:00:00,,World Athletics |  100 Metres Result | 8th IAAF World Championships,https://worldathletics.org/results/world-athletics-championships/2001/iaaf-world-championships-edmonton-2001-6947294/men/100-metres/heats/result,heats
Diego Ferreira,PAR,10.97,,0.144,-0.3,03/08/2001 00:00:00,,World Athletics |  100 Metres Result | 8th IAAF World Championships,https://worldathletics.org/results/world-athletics-championships/2001/iaaf-world-championships-edmonton-2001-6947294/men/100-metres/heats/result,heats
Philam Garcia,GUM,11.12,,0.162,-0.3,03/08/2001 00:00:00,,World Athletics |  100 Metres Result | 8th IAAF World Championships,https://worldathletics.org/results/world-athletics-championships/2001/iaaf-world-championships-edmonton-2001-6947294/men/100-metres/heats/result,heats
Trevor Misapeka,ASA,14.28,,0.23,-0.3,03/08/2001 00:00:00,,World Athletics |  100 Metres Result | 8th IAAF World Championships,https://worldathletics.org/results/world-athletics-championships/2001/iaaf-world-championships-edmonton-2001-6947294/men/100-metres/heats/result,heats
Maurice Greene,USA,9.96,Q,0.163,-0.7,21/08/1999 00:00:00,,World Athletics |  100 Metres Result | 7th IAAF World Championships in Athletics,https://worldathletics.org/results/world-athletics-championships/1999/iaaf-world-championships-seville-1999-6939522/men/100-metres/semi-final/result,semi-final
Dwain Chambers,GBR,10.09,Q,0.124,-0.7,21/08/1999 00:00:00,,World Athletics |  100 Metres Result | 7th IAAF World Championships in Athletics,https://worldathletics.org/results/world-athletics-championships/1999/iaaf-world-championships-seville-1999-6939522/men/100-metres/semi-final/result,semi-final
Tim Montgomery,USA,10.14,Q,0.158,-0.7,21/08/1999 00:00:00,,World Athletics |  100 Metres Result | 7th IAAF World Championships in Athletics,https://worldathletics.org/results/world-athletics-championships/1999/iaaf-world-championships-seville-1999-6939522/men/100-metres/semi-final/result,semi-final
Kareem Streete-Thompson,CAY,10.14,Q,0.169,-0.7,21/08/1999 00:00:00,,World Athletics |  100 Metres Result | 7th IAAF World Championships in Athletics,https://worldathletics.org/results/world-athletics-championships/1999/iaaf-world-championships-seville-1999-6939522/men/100-metres/semi-final/result,semi-final
Darren Campbell,GBR,10.15,,0.143,-0.7,21/08/1999 00:00:00,,World Athletics |  100 Metres Result | 7th IAAF World Championships in Athletics,https://worldathletics.org/results/world-athletics-championships/1999/iaaf-world-championships-seville-1999-6939522/men/100-metres/semi-final/result,semi-final
Matthew Shirvington,AUS,,DQ,0.0,-0.7,21/08/1999 00:00:00,,World Athletics |  100 Metres Result | 7th IAAF World Championships in Athletics,https://worldathletics.org/results/world-athletics-championships/1999/iaaf-world-championships-seville-1999-6939522/men/100-metres/semi-final/result,semi-final
Frank Fredericks,NAM,,DNS,0.0,-0.7,21/08/1999 00:00:00,,World Athletics |  100 Metres Result | 7th IAAF World Championships in Athletics,https://worldathletics.org/results/world-athletics-championships/1999/iaaf-world-championships-seville-1999-6939522/men/100-metres/semi-final/result,semi-final
Freddy Mayola,CUB,,DNS,0.0,-0.7,21/08/1999 00:00:00,,World Athletics |  100 Metres Result | 7th IAAF World Championships in Athletics,https://worldathletics.org/results/world-athletics-championships/1999/iaaf-world-championships-seville-1999-6939522/men/100-metres/semi-final/result,semi-final
Jason Gardener,GBR,10.27,Q,0.164,-0.6,21/08/1999 00:00:00,,World Athletics |  100 Metres Result | 7th IAAF World Championships in Athletics,https://worldathletics.org/results/world-athletics-championships/1999/iaaf-world-championships-seville-1999-6939522/men/100-metres/heats/result,heats
Roland Németh,HUN,10.28,Q,0.126,-0.6,21/08/1999 00:00:00,,World Athletics |  100 Metres Result | 7th IAAF World Championships in Athletics,https://worldathletics.org/results/world-athletics-championships/1999/iaaf-world-championships-seville-1999-6939522/men/100-metres/heats/result,heats
Hristóforos Hoídis,GRE,10.3,Q,0.174,-0.6,21/08/1999 00:00:00,,World Athletics |  100 Metres Result | 7th IAAF World Championships in Athletics,https://worldathletics.org/results/world-athletics-championships/1999/iaaf-world-championships-seville-1999-6939522/men/100-metres/heats/result,heats
Martin Lachkovics,AUT,10.47,,0.135,-0.6,21/08/1999 00:00:00,,World Athletics |  100 Metres Result | 7th IAAF World Championships in Athletics,https://worldathletics.org/results/world-athletics-championships/1999/iaaf-world-championships-seville-1999-6939522/men/100-metres/heats/result,heats
Erik Wijmeersch,BEL,10.56,,0.14,-0.6,21/08/1999 00:00:00,,World Athletics |  100 Metres Result | 7th IAAF World Championships in Athletics,https://worldathletics.org/results/world-athletics-championships/1999/iaaf-world-championships-seville-1999-6939522/men/100-metres/heats/result,heats
Joel Mascoll,VIN,10.63,,0.132,-0.6,21/08/1999 00:00:00,,World Athletics |  100 Metres Result | 7th IAAF World Championships in Athletics,https://worldathletics.org/results/world-athletics-championships/1999/iaaf-world-championships-seville-1999-6939522/men/100-metres/heats/result,heats
Alpha Kamara,SLE,10.8,,0.156,-0.6,21/08/1999 00:00:00,,World Athletics |  100 Metres Result | 7th IAAF World Championships in Athletics,https://worldathletics.org/results/world-athletics-championships/1999/iaaf-world-championships-seville-1999-6939522/men/100-metres/heats/result,heats
Matarr Njie,GAM,11.09,,0.143,-0.6,21/08/1999 00:00:00,,World Athletics |  100 Metres Result | 7th IAAF World Championships in Athletics,https://worldathletics.org/results/world-athletics-championships/1999/iaaf-world-championships-seville-1999-6939522/men/100-metres/heats/result,heats
Ato Boldon,TTO,10.0,Q,,-0.8,01/08/1997 00:00:00,,World Athletics |  100 Metres Result | 6th IAAF World Championships In Athletics,https://worldathletics.org/results/world-athletics-championships/1997/iaaf-world-championships-athens-1997-6913256/men/100-metres/semi-final/result,semi-final
Davidson Ezinwa,NGR,10.15,Q,,-0.8,01/08/1997 00:00:00,,World Athletics |  100 Metres Result | 6th IAAF World Championships In Athletics,https://worldathletics.org/results/world-athletics-championships/1997/iaaf-world-championships-athens-1997-6913256/men/100-metres/semi-final/result,semi-final
Michael Marsh,USA,10.21,Q,,-0.8,01/08/1997 00:00:00,,World Athletics |  100 Metres Result | 6th IAAF World Championships In Athletics,https://worldathletics.org/results/world-athletics-championships/1997/iaaf-world-championships-athens-1997-6913256/men/100-metres/semi-final/result,semi-final
Bruny Surin,CAN,10.22,Q,,-0.8,01/08/1997 00:00:00,,World Athletics |  100 Metres Result | 6th IAAF World Championships In Athletics,https://worldathletics.org/results/world-athletics-championships/1997/iaaf-world-championships-athens-1997-6913256/men/100-metres/semi-final/result,semi-final
Ággelos Pavlakákis,GRE,10.29,,,-0.8,01/08/1997 00:00:00,,World Athletics |  100 Metres Result | 6th IAAF World Championships In Athletics,https://worldathletics.org/results/world-athletics-championships/1997/iaaf-world-championships-athens-1997-6913256/men/100-metres/semi-final/result,semi-final
Obadele Thompson,BAR,10.3,,,-0.8,01/08/1997 00:00:00,,World Athletics |  100 Metres Result | 6th IAAF World Championships In Athletics,https://worldathletics.org/results/world-athletics-championships/1997/iaaf-world-championships-athens-1997-6913256/men/100-metres/semi-final/result,semi-final
Emmanuel Tuffour,GHA,10.33,,,-0.8,01/08/1997 00:00:00,,World Athletics |  100 Metres Result | 6th IAAF World Championships In Athletics,https://worldathletics.org/results/world-athletics-championships/1997/iaaf-world-championships-athens-1997-6913256/men/100-metres/semi-final/result,semi-final
Darren Campbell,GBR,10.37,,,-0.8,01/08/1997 00:00:00,,World Athletics |  100 Metres Result | 6th IAAF World Championships In Athletics,https://worldathletics.org/results/world-athletics-championships/1997/iaaf-world-championships-athens-1997-6913256/men/100-metres/semi-final/result,semi-final
André da Silva,BRA,10.28,Q,,-0.7,01/08/1997 00:00:00,,World Athletics |  100 Metres Result | 6th IAAF World Championships In Athletics,https://worldathletics.org/results/world-athletics-championships/1997/iaaf-world-championships-athens-1997-6913256/men/100-metres/heats/result,heats
Jean-Olivier ZIRIGNON,CIV,10.31,Q,,-0.7,01/08/1997 00:00:00,,World Athletics |  100 Metres Result | 6th IAAF World Championships In Athletics,https://worldathletics.org/results/world-athletics-championships/1997/iaaf-world-championships-athens-1997-6913256/men/100-metres/heats/result,heats
Chris Donaldson,NZL,10.43,Q,,-0.7,01/08/1997 00:00:00,,World Athletics |  100 Metres Result | 6th IAAF World Championships In Athletics,https://worldathletics.org/results/world-athletics-championships/1997/iaaf-world-championships-athens-1997-6913256/men/100-metres/heats/result,heats
Carlton Chambers,CAN,10.49,,,-0.7,01/08/1997 00:00:00,,World Athletics |  100 Metres Result | 6th IAAF World Championships In Athletics,https://worldathletics.org/results/world-athletics-championships/1997/iaaf-world-championships-athens-1997-6913256/men/100-metres/heats/result,heats
Paulo Neves,POR,10.51,,,-0.7,01/08/1997 00:00:00,,World Athletics |  100 Metres Result | 6th IAAF World Championships In Athletics,https://worldathletics.org/results/world-athletics-championships/1997/iaaf-world-championships-athens-1997-6913256/men/100-metres/heats/result,heats
Pascal Dangbo,BEN,10.78,,,-0.7,01/08/1997 00:00:00,,World Athletics |  100 Metres Result | 6th IAAF World Championships In Athletics,https://worldathletics.org/results/world-athletics-championships/1997/iaaf-world-championships-athens-1997-6913256/men/100-metres/heats/result,heats
Toluta'u Koula,TGA,10.85,,,-0.7,01/08/1997 00:00:00,,World Athletics |  100 Metres Result | 6th IAAF World Championships In Athletics,https://worldathletics.org/results/world-athletics-championships/1997/iaaf-world-championships-athens-1997-6913256/men/100-metres/heats/result,heats
Watson Nyambek,MAS,11.6,,,-0.7,01/08/1997 00:00:00,,World Athletics |  100 Metres Result | 6th IAAF World Championships In Athletics,https://worldathletics.org/results/world-athletics-championships/1997/iaaf-world-championships-athens-1997-6913256/men/100-metres/heats/result,heats
Bruny Surin,CAN,10.03,Q,,-0.2,05/08/1995 00:00:00,,World Athletics |  100 Metres Result | 5th IAAF World Championships in Athletics,https://worldathletics.org/results/world-athletics-championships/1995/iaaf-world-championships-gothenburg-1995-6997728/men/100-metres/semi-final/result,semi-final
Ato Boldon,TTO,10.1,Q,,-0.2,05/08/1995 00:00:00,,World Athletics |  100 Metres Result | 5th IAAF World Championships in Athletics,https://worldathletics.org/results/world-athletics-championships/1995/iaaf-world-championships-gothenburg-1995-6997728/men/100-metres/semi-final/result,semi-final
Frank Fredericks,NAM,10.1,Q,,-0.2,05/08/1995 00:00:00,,World Athletics |  100 Metres Result | 5th IAAF World Championships in Athletics,https://worldathletics.org/results/world-athletics-championships/1995/iaaf-world-championships-gothenburg-1995-6997728/men/100-metres/semi-final/result,semi-final
Linford Christie,GBR,10.12,Q,,-0.2,05/08/1995 00:00:00,,World Athletics |  100 Metres Result | 5th IAAF World Championships in Athletics,https://worldathletics.org/results/world-athletics-championships/1995/iaaf-world-championships-gothenburg-1995-6997728/men/100-metres/semi-final/result,semi-final
Robson da Silva,BRA,10.2,,,-0.2,05/08/1995 00:00:00,,World Athletics |  100 Metres Result | 5th IAAF World Championships in Athletics,https://worldathletics.org/results/world-athletics-championships/1995/iaaf-world-championships-gothenburg-1995-6997728/men/100-metres/semi-final/result,semi-final
Renward Wells,BAH,10.27,,,-0.2,05/08/1995 00:00:00,,World Athletics |  100 Metres Result | 5th IAAF World Championships in Athletics,https://worldathletics.org/results/world-athletics-championships/1995/iaaf-world-championships-gothenburg-1995-6997728/men/100-metres/semi-final/result,semi-final
Michael Green,JAM,10.3,,,-0.2,05/08/1995 00:00:00,,World Athletics |  100 Metres Result | 5th IAAF World Championships in Athletics,https://worldathletics.org/results/world-athletics-championships/1995/iaaf-world-championships-gothenburg-1995-6997728/men/100-metres/semi-final/result,semi-final
Augustine Nketia,NZL,10.45,,,-0.2,05/08/1995 00:00:00,,World Athletics |  100 Metres Result | 5th IAAF World Championships in Athletics,https://worldathletics.org/results/world-athletics-championships/1995/iaaf-world-championships-gothenburg-1995-6997728/men/100-metres/semi-final/result,semi-final
Deji Aliu,NGR,10.2,Q,,0.6,05/08/1995 00:00:00,,World Athletics |  100 Metres Result | 5th IAAF World Championships in Athletics,https://worldathletics.org/results/world-athletics-championships/1995/iaaf-world-championships-gothenburg-1995-6997728/men/100-metres/heats/result,heats
Darren Braithwaite,GBR,10.25,Q,,0.6,05/08/1995 00:00:00,,World Athletics |  100 Metres Result | 5th IAAF World Championships in Athletics,https://worldathletics.org/results/world-athletics-championships/1995/iaaf-world-championships-gothenburg-1995-6997728/men/100-metres/heats/result,heats
Édson Ribeiro,BRA,10.37,Q,,0.6,05/08/1995 00:00:00,,World Athletics |  100 Metres Result | 5th IAAF World Championships in Athletics,https://worldathletics.org/results/world-athletics-championships/1995/iaaf-world-championships-gothenburg-1995-6997728/men/100-metres/heats/result,heats
Yiannakis Zisimides,CYP,10.53,,,0.6,05/08/1995 00:00:00,,World Athletics |  100 Metres Result | 5th IAAF World Championships in Athletics,https://worldathletics.org/results/world-athletics-championships/1995/iaaf-world-championships-gothenburg-1995-6997728/men/100-metres/heats/result,heats
Vitaliy Medvedev,KAZ,10.54,,,0.6,05/08/1995 00:00:00,,World Athletics |  100 Metres Result | 5th IAAF World Championships in Athletics,https://worldathletics.org/results/world-athletics-championships/1995/iaaf-world-championships-gothenburg-1995-6997728/men/100-metres/heats/result,heats
Nigel Jones,GRN,10.88,,,0.6,05/08/1995 00:00:00,,World Athletics |  100 Metres Result | 5th IAAF World Championships in Athletics,https://worldathletics.org/results/world-athletics-championships/1995/iaaf-world-championships-gothenburg-1995-6997728/men/100-metres/heats/result,heats
Alberto Méndez,DOM,10.92,,,0.6,05/08/1995 00:00:00,,World Athletics |  100 Metres Result | 5th IAAF World Championships in Athletics,https://worldathletics.org/results/world-athletics-championships/1995/iaaf-world-championships-gothenburg-1995-6997728/men/100-metres/heats/result,heats
Toluta'u Koula,TGA,10.98,,,0.6,05/08/1995 00:00:00,,World Athletics |  100 Metres Result | 5th IAAF World Championships in Athletics,https://worldathletics.org/results/world-athletics-championships/1995/iaaf-world-championships-gothenburg-1995-6997728/men/100-metres/heats/result,heats
Andre Cason,USA,9.94,Q,,0.3,13/08/1993 00:00:00,,World Athletics |  100 Metres Result | 4th IAAF World Championships in Athletics,https://worldathletics.org/results/world-athletics-championships/1993/iaaf-world-championships-stuttgart-1993-6993598/men/100-metres/semi-final/result,semi-final
Daniel Effiong,NGR,9.98,Q,,0.3,13/08/1993 00:00:00,,World Athletics |  100 Metres Result | 4th IAAF World Championships in Athletics,https://worldathletics.org/results/world-athletics-championships/1993/iaaf-world-championships-stuttgart-1993-6993598/men/100-metres/semi-final/result,semi-final
Carl Lewis,USA,10.02,Q,,0.3,13/08/1993 00:00:00,,World Athletics |  100 Metres Result | 4th IAAF World Championships in Athletics,https://worldathletics.org/results/world-athletics-championships/1993/iaaf-world-championships-stuttgart-1993-6993598/men/100-metres/semi-final/result,semi-final
Frank Fredericks,NAM,10.05,Q,,0.3,13/08/1993 00:00:00,,World Athletics |  100 Metres Result | 4th IAAF World Championships in Athletics,https://worldathletics.org/results/world-athletics-championships/1993/iaaf-world-championships-stuttgart-1993-6993598/men/100-metres/semi-final/result,semi-final
Atlee Mahorn,CAN,10.21,,,0.3,13/08/1993 00:00:00,,World Athletics |  100 Metres Result | 4th IAAF World Championships in Athletics,https://worldathletics.org/results/world-athletics-championships/1993/iaaf-world-championships-stuttgart-1993-6993598/men/100-metres/semi-final/result,semi-final
Jason John,GBR,10.34,,,0.3,13/08/1993 00:00:00,,World Athletics |  100 Metres Result | 4th IAAF World Championships in Athletics,https://worldathletics.org/results/world-athletics-championships/1993/iaaf-world-championships-stuttgart-1993-6993598/men/100-metres/semi-final/result,semi-final
Aléxandros Terzián,GRE,10.36,,,0.3,13/08/1993 00:00:00,,World Athletics |  100 Metres Result | 4th IAAF World Championships in Athletics,https://worldathletics.org/results/world-athletics-championships/1993/iaaf-world-championships-stuttgart-1993-6993598/men/100-metres/semi-final/result,semi-final
Satoru Inoue,JPN,10.39,,,0.3,13/08/1993 00:00:00,,World Athletics |  100 Metres Result | 4th IAAF World Championships in Athletics,https://worldathletics.org/results/world-athletics-championships/1993/iaaf-world-championships-stuttgart-1993-6993598/men/100-metres/semi-final/result,semi-final
Dennis Mitchell,USA,10.26,Q,,-0.6,13/08/1993 00:00:00,,World Athletics |  100 Metres Result | 4th IAAF World Championships in Athletics,https://worldathletics.org/results/world-athletics-championships/1993/iaaf-world-championships-stuttgart-1993-6993598/men/100-metres/heats/result,heats
Satoru Inoue,JPN,10.43,Q,,-0.6,13/08/1993 00:00:00,,World Athletics |  100 Metres Result | 4th IAAF World Championships in Athletics,https://worldathletics.org/results/world-athletics-championships/1993/iaaf-world-championships-stuttgart-1993-6993598/men/100-metres/heats/result,heats
Ato Boldon,TTO,10.51,Q,,-0.6,13/08/1993 00:00:00,,World Athletics |  100 Metres Result | 4th IAAF World Championships in Athletics,https://worldathletics.org/results/world-athletics-championships/1993/iaaf-world-championships-stuttgart-1993-6993598/men/100-metres/heats/result,heats
Edmund Estaphane,LCA,10.54,q,,-0.6,13/08/1993 00:00:00,,World Athletics |  100 Metres Result | 4th IAAF World Championships in Athletics,https://worldathletics.org/results/world-athletics-championships/1993/iaaf-world-championships-stuttgart-1993-6993598/men/100-metres/heats/result,heats
Miguel Janssen,ARU,10.62,,,-0.6,13/08/1993 00:00:00,,World Athletics |  100 Metres Result | 4th IAAF World Championships in Athletics,https://worldathletics.org/results/world-athletics-championships/1993/iaaf-world-championships-stuttgart-1993-6993598/men/100-metres/heats/result,heats
Sun-kuk Jin,KOR,10.66,,,-0.6,13/08/1993 00:00:00,,World Athletics |  100 Metres Result | 4th IAAF World Championships in Athletics,https://worldathletics.org/results/world-athletics-championships/1993/iaaf-world-championships-stuttgart-1993-6993598/men/100-metres/heats/result,heats
Ahmed Al-Moamari,OMA,10.78,,,-0.6,13/08/1993 00:00:00,,World Athletics |  100 Metres Result | 4th IAAF World Championships in Athletics,https://worldathletics.org/results/world-athletics-championships/1993/iaaf-world-championships-stuttgart-1993-6993598/men/100-metres/heats/result,heats
Arfin Abdullah,INA,11.11,,,-0.6,13/08/1993 00:00:00,,World Athletics |  100 Metres Result | 4th IAAF World Championships in Athletics,https://worldathletics.org/results/world-athletics-championships/1993/iaaf-world-championships-stuttgart-1993-6993598/men/100-metres/heats/result,heats
Carl Lewis,USA,9.93,Q,,1.3,23/08/1991 00:00:00,,World Athletics |  100 Metres Result | 3rd IAAF World Championships in Athletics,https://worldathletics.org/results/world-athletics-championships/1991/iaaf-world-championships-tokyo-1991-6987209/men/100-metres/semi-final/result,semi-final
Frank Fredericks,NAM,10.02,Q,,1.3,23/08/1991 00:00:00,,World Athletics |  100 Metres Result | 3rd IAAF World Championships in Athletics,https://worldathletics.org/results/world-athletics-championships/1991/iaaf-world-championships-tokyo-1991-6987209/men/100-metres/semi-final/result,semi-final
Bruny Surin,CAN,10.07,Q,,1.3,23/08/1991 00:00:00,,World Athletics |  100 Metres Result | 3rd IAAF World Championships in Athletics,https://worldathletics.org/results/world-athletics-championships/1991/iaaf-world-championships-tokyo-1991-6987209/men/100-metres/semi-final/result,semi-final
Robson da Silva,BRA,10.13,Q,,1.3,23/08/1991 00:00:00,,World Athletics |  100 Metres Result | 3rd IAAF World Championships in Athletics,https://worldathletics.org/results/world-athletics-championships/1991/iaaf-world-championships-tokyo-1991-6987209/men/100-metres/semi-final/result,semi-final
Olapade Adeniken,NGR,10.17,,,1.3,23/08/1991 00:00:00,,World Athletics |  100 Metres Result | 3rd IAAF World Championships in Athletics,https://worldathletics.org/results/world-athletics-championships/1991/iaaf-world-championships-tokyo-1991-6987209/men/100-metres/semi-final/result,semi-final
Jean-Olivier ZIRIGNON,CIV,10.25,,,1.3,23/08/1991 00:00:00,,World Athletics |  100 Metres Result | 3rd IAAF World Championships in Athletics,https://worldathletics.org/results/world-athletics-championships/1991/iaaf-world-championships-tokyo-1991-6987209/men/100-metres/semi-final/result,semi-final
Salaam Gariba,GHA,10.37,,,1.3,23/08/1991 00:00:00,,World Athletics |  100 Metres Result | 3rd IAAF World Championships in Athletics,https://worldathletics.org/results/world-athletics-championships/1991/iaaf-world-championships-tokyo-1991-6987209/men/100-metres/semi-final/result,semi-final
Michael Green,JAM,10.38,,,1.3,23/08/1991 00:00:00,,World Athletics |  100 Metres Result | 3rd IAAF World Championships in Athletics,https://worldathletics.org/results/world-athletics-championships/1991/iaaf-world-championships-tokyo-1991-6987209/men/100-metres/semi-final/result,semi-final
Daniel Sangouma,FRA,10.27,Q,,1.6,23/08/1991 00:00:00,,World Athletics |  100 Metres Result | 3rd IAAF World Championships in Athletics,https://worldathletics.org/results/world-athletics-championships/1991/iaaf-world-championships-tokyo-1991-6987209/men/100-metres/heats/result,heats
Darren Braithwaite,GBR,10.31,Q,,1.6,23/08/1991 00:00:00,,World Athletics |  100 Metres Result | 3rd IAAF World Championships in Athletics,https://worldathletics.org/results/world-athletics-championships/1991/iaaf-world-championships-tokyo-1991-6987209/men/100-metres/heats/result,heats
Boevi Menelik Lawson,TOG,10.38,Q,,1.6,23/08/1991 00:00:00,,World Athletics |  100 Metres Result | 3rd IAAF World Championships in Athletics,https://worldathletics.org/results/world-athletics-championships/1991/iaaf-world-championships-tokyo-1991-6987209/men/100-metres/heats/result,heats
Chidi Imoh,NGR,10.42,q,,1.6,23/08/1991 00:00:00,,World Athletics |  100 Metres Result | 3rd IAAF World Championships in Athletics,https://worldathletics.org/results/world-athletics-championships/1991/iaaf-world-championships-tokyo-1991-6987209/men/100-metres/heats/result,heats
Neville Hodge,ISV,10.51,,,1.6,23/08/1991 00:00:00,,World Athletics |  100 Metres Result | 3rd IAAF World Championships in Athletics,https://worldathletics.org/results/world-athletics-championships/1991/iaaf-world-championships-tokyo-1991-6987209/men/100-metres/heats/result,heats
Thabani Gonye,ZIM,10.92,,,1.6,23/08/1991 00:00:00,,World Athletics |  100 Metres Result | 3rd IAAF World Championships in Athletics,https://worldathletics.org/results/world-athletics-championships/1991/iaaf-world-championships-tokyo-1991-6987209/men/100-metres/heats/result,heats
Botlhoko Shebe,LES,10.96,,,1.6,23/08/1991 00:00:00,,World Athletics |  100 Metres Result | 3rd IAAF World Championships in Athletics,https://worldathletics.org/results/world-athletics-championships/1991/iaaf-world-championships-tokyo-1991-6987209/men/100-metres/heats/result,heats
Ahmed Shageef,MDV,11.18,,,1.6,23/08/1991 00:00:00,,World Athletics |  100 Metres Result | 3rd IAAF World Championships in Athletics,https://worldathletics.org/results/world-athletics-championships/1991/iaaf-world-championships-tokyo-1991-6987209/men/100-metres/heats/result,heats
Linford Christie,GBR,10.25,,,-0.3,28/08/1987 00:00:00,,World Athletics |  100 Metres Result | 2nd IAAF World Championships in Athletics,https://worldathletics.org/results/world-athletics-championships/1987/iaaf-world-championships-rome-1987-6986221/men/100-metres/semi-final/result,semi-final
Pierfrancesco Pavoni,ITA,10.33,,,-0.3,28/08/1987 00:00:00,,World Athletics |  100 Metres Result | 2nd IAAF World Championships in Athletics,https://worldathletics.org/results/world-athletics-championships/1987/iaaf-world-championships-rome-1987-6986221/men/100-metres/semi-final/result,semi-final
Lee McRae,USA,10.37,,,-0.3,28/08/1987 00:00:00,,World Athletics |  100 Metres Result | 2nd IAAF World Championships in Athletics,https://worldathletics.org/results/world-athletics-championships/1987/iaaf-world-championships-rome-1987-6986221/men/100-metres/semi-final/result,semi-final
Andreas Berger,AUT,10.37,,,-0.3,28/08/1987 00:00:00,,World Athletics |  100 Metres Result | 2nd IAAF World Championships in Athletics,https://worldathletics.org/results/world-athletics-championships/1987/iaaf-world-championships-rome-1987-6986221/men/100-metres/semi-final/result,semi-final
Eric Akogyiram,GHA,10.4,,,-0.3,28/08/1987 00:00:00,,World Athletics |  100 Metres Result | 2nd IAAF World Championships in Athletics,https://worldathletics.org/results/world-athletics-championships/1987/iaaf-world-championships-rome-1987-6986221/men/100-metres/semi-final/result,semi-final
Andrew Smith,JAM,10.41,,,-0.3,28/08/1987 00:00:00,,World Athletics |  100 Metres Result | 2nd IAAF World Championships in Athletics,https://worldathletics.org/results/world-athletics-championships/1987/iaaf-world-championships-rome-1987-6986221/men/100-metres/semi-final/result,semi-final
Aleksandr Yevgenyev,URS,10.51,,,-0.3,28/08/1987 00:00:00,,World Athletics |  100 Metres Result | 2nd IAAF World Championships in Athletics,https://worldathletics.org/results/world-athletics-championships/1987/iaaf-world-championships-rome-1987-6986221/men/100-metres/semi-final/result,semi-final
Ben Johnson,CAN,,DQ,,-0.3,28/08/1987 00:00:00,,World Athletics |  100 Metres Result | 2nd IAAF World Championships in Athletics,https://worldathletics.org/results/world-athletics-championships/1987/iaaf-world-championships-rome-1987-6986221/men/100-metres/semi-final/result,semi-final
Raymond Stewart,JAM,10.23,,,1.8,28/08/1987 00:00:00,,World Athletics |  100 Metres Result | 2nd IAAF World Championships in Athletics,https://worldathletics.org/results/world-athletics-championships/1987/iaaf-world-championships-rome-1987-6986221/men/100-metres/heats/result,heats
Ronald Desruelles,BEL,10.39,,,1.8,28/08/1987 00:00:00,,World Athletics |  100 Metres Result | 2nd IAAF World Championships in Athletics,https://worldathletics.org/results/world-athletics-championships/1987/iaaf-world-championships-rome-1987-6986221/men/100-metres/heats/result,heats
Mike McFarlane,GBR,10.39,,,1.8,28/08/1987 00:00:00,,World Athletics |  100 Metres Result | 2nd IAAF World Championships in Athletics,https://worldathletics.org/results/world-athletics-championships/1987/iaaf-world-championships-rome-1987-6986221/men/100-metres/heats/result,heats
Hsin-Fu Cheng,TPE,10.41,,,1.8,28/08/1987 00:00:00,,World Athletics |  100 Metres Result | 2nd IAAF World Championships in Athletics,https://worldathletics.org/results/world-athletics-championships/1987/iaaf-world-championships-rome-1987-6986221/men/100-metres/heats/result,heats
Mark Witherspoon,USA,10.65,,,1.8,28/08/1987 00:00:00,,World Athletics |  100 Metres Result | 2nd IAAF World Championships in Athletics,https://worldathletics.org/results/world-athletics-championships/1987/iaaf-world-championships-rome-1987-6986221/men/100-metres/heats/result,heats
Leandro Peñalver,CUB,10.65,,,1.8,28/08/1987 00:00:00,,World Athletics |  100 Metres Result | 2nd IAAF World Championships in Athletics,https://worldathletics.org/results/world-athletics-championships/1987/iaaf-world-championships-rome-1987-6986221/men/100-metres/heats/result,heats
Earl Hazel,SKN,10.96,,,1.8,28/08/1987 00:00:00,,World Athletics |  100 Metres Result | 2nd IAAF World Championships in Athletics,https://worldathletics.org/results/world-athletics-championships/1987/iaaf-world-championships-rome-1987-6986221/men/100-metres/heats/result,heats
Robert Loua,GUI,11.09,,,1.8,28/08/1987 00:00:00,,World Athletics |  100 Metres Result | 2nd IAAF World Championships in Athletics,https://worldathletics.org/results/world-athletics-championships/1987/iaaf-world-championships-rome-1987-6986221/men/100-metres/heats/result,heats
Calvin Smith,USA,10.22,,,-0.8,07/08/1983 00:00:00,,World Athletics |  100 Metres Result | 1st IAAF World Championships in Athletics,https://worldathletics.org/results/world-athletics-championships/1983/iaaf-world-championships-helsinki-1983-6988504/men/100-metres/semi-final/result,semi-final
Allan Wells,GBR,10.35,,,-0.8,07/08/1983 00:00:00,,World Athletics |  100 Metres Result | 1st IAAF World Championships in Athletics,https://worldathletics.org/results/world-athletics-championships/1983/iaaf-world-championships-helsinki-1983-6988504/men/100-metres/semi-final/result,semi-final
Juan Nuñez,DOM,10.36,,,-0.8,07/08/1983 00:00:00,,World Athletics |  100 Metres Result | 1st IAAF World Championships in Athletics,https://worldathletics.org/results/world-athletics-championships/1983/iaaf-world-championships-helsinki-1983-6988504/men/100-metres/semi-final/result,semi-final
Emmit King,USA,10.36,,,-0.8,07/08/1983 00:00:00,,World Athletics |  100 Metres Result | 1st IAAF World Championships in Athletics,https://worldathletics.org/results/world-athletics-championships/1983/iaaf-world-championships-helsinki-1983-6988504/men/100-metres/semi-final/result,semi-final
Frank Emmelmann,GDR,10.4,,,-0.8,07/08/1983 00:00:00,,World Athletics |  100 Metres Result | 1st IAAF World Championships in Athletics,https://worldathletics.org/results/world-athletics-championships/1983/iaaf-world-championships-helsinki-1983-6988504/men/100-metres/semi-final/result,semi-final
Ben Johnson,CAN,10.44,,,-0.8,07/08/1983 00:00:00,,World Athletics |  100 Metres Result | 1st IAAF World Championships in Athletics,https://worldathletics.org/results/world-athletics-championships/1983/iaaf-world-championships-helsinki-1983-6988504/men/100-metres/semi-final/result,semi-final
Tony Sharpe,CAN,10.44,,,-0.8,07/08/1983 00:00:00,,World Athletics |  100 Metres Result | 1st IAAF World Championships in Athletics,https://worldathletics.org/results/world-athletics-championships/1983/iaaf-world-championships-helsinki-1983-6988504/men/100-metres/semi-final/result,semi-final
Leandro Peñalver,CUB,10.47,,,-0.8,07/08/1983 00:00:00,,World Athletics |  100 Metres Result | 1st IAAF World Championships in Athletics,https://worldathletics.org/results/world-athletics-championships/1983/iaaf-world-championships-helsinki-1983-6988504/men/100-metres/semi-final/result,semi-final
Juan Nuñez,DOM,10.38,,,-1.0,07/08/1983 00:00:00,,World Athletics |  100 Metres Result | 1st IAAF World Championships in Athletics,https://worldathletics.org/results/world-athletics-championships/1983/iaaf-world-championships-helsinki-1983-6988504/men/100-metres/heats/result,heats
Innocent Egbunike,NGR,10.44,,,-1.0,07/08/1983 00:00:00,,World Athletics |  100 Metres Result | 1st IAAF World Championships in Athletics,https://worldathletics.org/results/world-athletics-championships/1983/iaaf-world-championships-helsinki-1983-6988504/men/100-metres/heats/result,heats
Ben Johnson,CAN,10.45,,,-1.0,07/08/1983 00:00:00,,World Athletics |  100 Metres Result | 1st IAAF World Championships in Athletics,https://worldathletics.org/results/world-athletics-championships/1983/iaaf-world-championships-helsinki-1983-6988504/men/100-metres/heats/result,heats
Everard Samuels,JAM,10.57,,,-1.0,07/08/1983 00:00:00,,World Athletics |  100 Metres Result | 1st IAAF World Championships in Athletics,https://worldathletics.org/results/world-athletics-championships/1983/iaaf-world-championships-helsinki-1983-6988504/men/100-metres/heats/result,heats
Oumar Faye,GAM,10.76,,,-1.0,07/08/1983 00:00:00,,World Athletics |  100 Metres Result | 1st IAAF World Championships in Athletics,https://worldathletics.org/results/world-athletics-championships/1983/iaaf-world-championships-helsinki-1983-6988504/men/100-metres/heats/result,heats
Chian-Shin Hwang,TPE,10.82,,,-1.0,07/08/1983 00:00:00,,World Athletics |  100 Metres Result | 1st IAAF World Championships in Athletics,https://worldathletics.org/results/world-athletics-championships/1983/iaaf-world-championships-helsinki-1983-6988504/men/100-metres/heats/result,heats
John Albertie,LCA,10.9,,,-1.0,07/08/1983 00:00:00,,World Athletics |  100 Metres Result | 1st IAAF World Championships in Athletics,https://worldathletics.org/results/world-athletics-championships/1983/iaaf-world-championships-helsinki-1983-6988504/men/100-metres/heats/result,heats
Joske Teabuge,NRU,12.2,,,-1.0,07/08/1983 00:00:00,,World Athletics |  100 Metres Result | 1st IAAF World Championships in Athletics,https://worldathletics.org/results/world-athletics-championships/1983/iaaf-world-championships-helsinki-1983-6988504/men/100-metres/heats/result,heats
Gift LEOTLELA,,9.97,,,,,,Wanda Diamond League | Diamond League | World Athletics,https://worldathletics.org/competitions/diamond-league/calendar-results/7214016/result,final
Ferdinand OMANYALA,,9.98,,,,,,Wanda Diamond League | Diamond League | World Athletics,https://worldathletics.org/competitions/diamond-league/calendar-results/7214016/result,final
Kenneth BEDNAREK,,9.98,,,,,,Wanda Diamond League | Diamond League | World Athletics,https://worldathletics.org/competitions/diamond-league/calendar-results/7214016/result,final
Trayvon BROMELL,,10.01,,,,,,Wanda Diamond League | Diamond League | World Athletics,https://worldathletics.org/competitions/diamond-league/calendar-results/7214016/result,final
Lachlan KENNEDY,,10.01,,,,,,Wanda Diamond League | Diamond League | World Athletics,https://worldathletics.org/competitions/diamond-league/calendar-results/7214016/result,final
Akani SIMBINE,,10.05,,,,,,Wanda Diamond League | Diamond League | World Athletics,https://worldathletics.org/competitions/diamond-league/calendar-results/7214016/result,final
Letsile TEBOGO,,10.12,,,,,,Wanda Diamond League | Diamond League | World Athletics,https://worldathletics.org/competitions/diamond-league/calendar-results/7214016/result,final
Christian COLEMAN,,10.19,,,,,,Wanda Diamond League | Diamond League | World Athletics,https://worldathletics.org/competitions/diamond-league/calendar-results/7214016/result,final
Zhenye XIE,,10.27,,,,,,Wanda Diamond League | Diamond League | World Athletics,https://worldathletics.org/competitions/diamond-league/calendar-results/7214016/result,final
Ferdinand OMANYALA,,9.94,,,,,,Wanda Diamond League Xiamen | Diamond League | World Athletics,https://worldathletics.org/competitions/diamond-league/calendar-results/7214017/result,final
Gift LEOTLELA,,10.0,,,,,,Wanda Diamond League Xiamen | Diamond League | World Athletics,https://worldathletics.org/competitions/diamond-league/calendar-results/7214017/result,final
Trayvon BROMELL,,10.03,,,,,,Wanda Diamond League Xiamen | Diamond League | World Athletics,https://worldathletics.org/competitions/diamond-league/calendar-results/7214017/result,final
Kenneth BEDNAREK,,10.03,,,,,,Wanda Diamond League Xiamen | Diamond League | World Athletics,https://worldathletics.org/competitions/diamond-league/calendar-results/7214017/result,final
Akani SIMBINE,,10.04,,,,,,Wanda Diamond League Xiamen | Diamond League | World Athletics,https://worldathletics.org/competitions/diamond-league/calendar-results/7214017/result,final
Lachlan KENNEDY,,10.06,,,,,,Wanda Diamond League Xiamen | Diamond League | World Athletics,https://worldathletics.org/competitions/diamond-league/calendar-results/7214017/result,final
Christian COLEMAN,,10.08,,,,,,Wanda Diamond League Xiamen | Diamond League | World Athletics,https://worldathletics.org/competitions/diamond-league/calendar-results/7214017/result,final
Letsile TEBOGO,,10.1,,,,,,Wanda Diamond League Xiamen | Diamond League | World Athletics,https://worldathletics.org/competitions/diamond-league/calendar-results/7214017/result,final
Xinrui DENG,,10.27,,,,,,Wanda Diamond League Xiamen | Diamond League | World Athletics,https://worldathletics.org/competitions/diamond-league/calendar-results/7214017/result,final
Shengjie WANG,,10.33,,,,,,Wanda Diamond League Xiamen | Diamond League | World Athletics,https://worldathletics.org/competitions/diamond-league/calendar-results/7214017/result,final
Noah LYLES,,9.88,,,,,,Golden Gala Pietro Mennea | Diamond League | World Athletics,https://worldathletics.org/competitions/diamond-league/calendar-results/7214019/result,final
Emmanuel ESEME,,9.94,,,,,,Golden Gala Pietro Mennea | Diamond League | World Athletics,https://worldathletics.org/competitions/diamond-league/calendar-results/7214019/result,final
Letsile TEBOGO,,9.95,,,,,,Golden Gala Pietro Mennea | Diamond League | World Athletics,https://worldathletics.org/competitions/diamond-league/calendar-results/7214019/result,final
Jordan ANTHONY,,9.96,,,,,,Golden Gala Pietro Mennea | Diamond League | World Athletics,https://worldathletics.org/competitions/diamond-league/calendar-results/7214019/result,final
Lamont Marcell JACOBS,,9.99,,,,,,Golden Gala Pietro Mennea | Diamond League | World Athletics,https://worldathletics.org/competitions/diamond-league/calendar-results/7214019/result,final
Akani SIMBINE,,10.03,,,,,,Golden Gala Pietro Mennea | Diamond League | World Athletics,https://worldathletics.org/competitions/diamond-league/calendar-results/7214019/result,final
Ackeem BLAKE,,10.06,,,,,,Golden Gala Pietro Mennea | Diamond League | World Athletics,https://worldathletics.org/competitions/diamond-league/calendar-results/7214019/result,final
Ferdinand OMANYALA,,10.11,,,,,,Golden Gala Pietro Mennea | Diamond League | World Athletics,https://worldathletics.org/competitions/diamond-league/calendar-results/7214019/result,final
Jeremiah AZU,,10.12,,,,,,Golden Gala Pietro Mennea | Diamond League | World Athletics,https://worldathletics.org/competitions/diamond-league/calendar-results/7214019/result,final
Kenneth BEDNAREK,,19.87,,,,,,BAUHAUS-Galan | Diamond League | World Athletics,https://worldathletics.org/competitions/diamond-league/calendar-results/7214021/result,final
Sinesipho DAMBILE,,20.1,,,,,,BAUHAUS-Galan | Diamond League | World Athletics,https://worldathletics.org/competitions/diamond-league/calendar-results/7214021/result,final
Courtney LINDSEY,,20.24,,,,,,BAUHAUS-Galan | Diamond League | World Athletics,https://worldathletics.org/competitions/diamond-league/calendar-results/7214021/result,final
Reynier MENA,,20.53,,,,,,BAUHAUS-Galan | Diamond League | World Athletics,https://worldathletics.org/competitions/diamond-league/calendar-results/7214021/result,final
Mthi MTHIMKULU,,20.78,,,,,,BAUHAUS-Galan | Diamond League | World Athletics,https://worldathletics.org/competitions/diamond-league/calendar-results/7214021/result,final
Linus PIHL,,20.9,,,,,,BAUHAUS-Galan | Diamond League | World Athletics,https://worldathletics.org/competitions/diamond-league/calendar-results/7214021/result,final
Jeremiah AZU,,,DQ,,,,,BAUHAUS-Galan | Diamond League | World Athletics,https://worldathletics.org/competitions/diamond-league/calendar-results/7214021/result,final
Timothé MUMENTHALER,,,DQ,,,,,BAUHAUS-Galan | Diamond League | World Athletics,https://worldathletics.org/competitions/diamond-league/calendar-results/7214021/result,final
Trayvon BROMELL,,9.91,,,,,,Meeting de Paris | Diamond League | World Athletics,https://worldathletics.org/competitions/diamond-league/calendar-results/7214022/result,final
Noah LYLES,,9.92,,,,,,Meeting de Paris | Diamond League | World Athletics,https://worldathletics.org/competitions/diamond-league/calendar-results/7214022/result,final
Lamont Marcell JACOBS,,9.96,,,,,,Meeting de Paris | Diamond League | World Athletics,https://worldathletics.org/competitions/diamond-league/calendar-results/7214022/result,final
Akani SIMBINE,,9.97,,,,,,Meeting de Paris | Diamond League | World Athletics,https://worldathletics.org/competitions/diamond-league/calendar-results/7214022/result,final
Jordan ANTHONY,,9.99,,,,,,Meeting de Paris | Diamond League | World Athletics,https://worldathletics.org/competitions/diamond-league/calendar-results/7214022/result,final
Ferdinand OMANYALA,,10.02,,,,,,Meeting de Paris | Diamond League | World Athletics,https://worldathletics.org/competitions/diamond-league/calendar-results/7214022/result,final
Andre DE GRASSE,,10.02,,,,,,Meeting de Paris | Diamond League | World Athletics,https://worldathletics.org/competitions/diamond-league/calendar-results/7214022/result,final
Jeremiah AZU,,10.18,,,,,,Meeting de Paris | Diamond League | World Athletics,https://worldathletics.org/competitions/diamond-league/calendar-results/7214022/result,final
Oblique SEVILLE,,9.88,,,,,,Meeting International d’Athlétisme Herculis EBS | Diamond League | World Athletics,https://worldathletics.org/competitions/diamond-league/calendar-results/7214023/result,final
Jordan ANTHONY,,9.92,,,,,,Meeting International d’Athlétisme Herculis EBS | Diamond League | World Athletics,https://worldathletics.org/competitions/diamond-league/calendar-results/7214023/result,final
Emmanuel ESEME,,10.0,,,,,,Meeting International d’Athlétisme Herculis EBS | Diamond League | World Athletics,https://worldathletics.org/competitions/diamond-league/calendar-results/7214023/result,final
Owen ANSAH,,10.01,,,,,,Meeting International d’Athlétisme Herculis EBS | Diamond League | World Athletics,https://worldathletics.org/competitions/diamond-league/calendar-results/7214023/result,final
Letsile TEBOGO,,10.04,,,,,,Meeting International d’Athlétisme Herculis EBS | Diamond League | World Athletics,https://worldathletics.org/competitions/diamond-league/calendar-results/7214023/result,final
Ronal LONGA,,10.05,,,,,,Meeting International d’Athlétisme Herculis EBS | Diamond League | World Athletics,https://worldathletics.org/competitions/diamond-league/calendar-results/7214023/result,final
Sam BLASKOWSKI,,10.06,,,,,,Meeting International d’Athlétisme Herculis EBS | Diamond League | World Athletics,https://worldathletics.org/competitions/diamond-league/calendar-results/7214023/result,final
Bradley NKOANA,,10.06,,,,,,Meeting International d’Athlétisme Herculis EBS | Diamond League | World Athletics,https://worldathletics.org/competitions/diamond-league/calendar-results/7214023/result,final
Brandon MILLER,,,1:43.68,,,,,Prefontaine Classic | Diamond League | World Athletics,https://worldathletics.org/competitions/diamond-league/calendar-results/7214024/result,final
Cooper LUTKENHAUS,,,1:44.62,,,,,Prefontaine Classic | Diamond League | World Athletics,https://worldathletics.org/competitions/diamond-league/calendar-results/7214024/result,final
Donavan BRAZIER,,,1:44.86,,,,,Prefontaine Classic | Diamond League | World Athletics,https://worldathletics.org/competitions/diamond-league/calendar-results/7214024/result,final
Bryce HOPPEL,,,1:45.05,,,,,Prefontaine Classic | Diamond League | World Athletics,https://worldathletics.org/competitions/diamond-league/calendar-results/7214024/result,final
Eliott CRESTAN,,,1:45.11,,,,,Prefontaine Classic | Diamond League | World Athletics,https://worldathletics.org/competitions/diamond-league/calendar-results/7214024/result,final
Daniel WILLIAMS,,,1:45.42,,,,,Prefontaine Classic | Diamond League | World Athletics,https://worldathletics.org/competitions/diamond-league/calendar-results/7214024/result,final
Yanis MEZIANE,,,1:45.66,,,,,Prefontaine Classic | Diamond League | World Athletics,https://worldathletics.org/competitions/diamond-league/calendar-results/7214024/result,final
Tshepiso MASALELA,,,1:45.70,,,,,Prefontaine Classic | Diamond League | World Athletics,https://worldathletics.org/competitions/diamond-league/calendar-results/7214024/result,final
Noah KIBET,,,1:46.10,,,,,Prefontaine Classic | Diamond League | World Athletics,https://worldathletics.org/competitions/diamond-league/calendar-results/7214024/result,final
Yusuf BIZIMANA,,,1:46.37,,,,,Prefontaine Classic | Diamond League | World Athletics,https://worldathletics.org/competitions/diamond-league/calendar-results/7214024/result,final
Lloyd FRILOT,,,DNF,,,,,Prefontaine Classic | Diamond League | World Athletics,https://worldathletics.org/competitions/diamond-league/calendar-results/7214024/result,final
Kayinsola AJAYI,,9.84,,,,,,Novuna London Athletics Meet | Diamond League | World Athletics,https://worldathletics.org/competitions/diamond-league/calendar-results/7214025/result,final
Oblique SEVILLE,,9.87,,,,,,Novuna London Athletics Meet | Diamond League | World Athletics,https://worldathletics.org/competitions/diamond-league/calendar-results/7214025/result,final
Romell GLAVE,,9.97,,,,,,Novuna London Athletics Meet | Diamond League | World Athletics,https://worldathletics.org/competitions/diamond-league/calendar-results/7214025/result,final
Emmanuel ESEME,,9.97,,,,,,Novuna London Athletics Meet | Diamond League | World Athletics,https://worldathletics.org/competitions/diamond-league/calendar-results/7214025/result,final
Gift LEOTLELA,,9.99,,,,,,Novuna London Athletics Meet | Diamond League | World Athletics,https://worldathletics.org/competitions/diamond-league/calendar-results/7214025/result,final
Jordan ANTHONY,,9.99,,,,,,Novuna London Athletics Meet | Diamond League | World Athletics,https://worldathletics.org/competitions/diamond-league/calendar-results/7214025/result,final
Zharnel HUGHES,,10.02,,,,,,Novuna London Athletics Meet | Diamond League | World Athletics,https://worldathletics.org/competitions/diamond-league/calendar-results/7214025/result,final
Jeremiah AZU,,10.07,,,,,,Novuna London Athletics Meet | Diamond League | World Athletics,https://worldathletics.org/competitions/diamond-league/calendar-results/7214025/result,final
Akani SIMBINE,,9.95,,,,,,Meeting International Mohammed VI d'Athlétisme de Rabat | Diamond League | World Athletics,https://worldathletics.org/competitions/diamond-league/calendar-results/7199683/result,final
Ferdinand OMANYALA,,10.05,,,,,,Meeting International Mohammed VI d'Athlétisme de Rabat | Diamond League | World Athletics,https://worldathletics.org/competitions/diamond-league/calendar-results/7199683/result,final
Emmanuel ESEME,,10.1,,,,,,Meeting International Mohammed VI d'Athlétisme de Rabat | Diamond League | World Athletics,https://worldathletics.org/competitions/diamond-league/calendar-results/7199683/result,final
Brandon HICKLIN,,10.11,,,,,,Meeting International Mohammed VI d'Athlétisme de Rabat | Diamond League | World Athletics,https://worldathletics.org/competitions/diamond-league/calendar-results/7199683/result,final
Shaun MASWANGANYI,,10.19,,,,,,Meeting International Mohammed VI d'Athlétisme de Rabat | Diamond League | World Athletics,https://worldathletics.org/competitions/diamond-league/calendar-results/7199683/result,final
Jeff ERIUS,,10.25,,,,,,Meeting International Mohammed VI d'Athlétisme de Rabat | Diamond League | World Athletics,https://worldathletics.org/competitions/diamond-league/calendar-results/7199683/result,final
Kyree KING,,10.28,,,,,,Meeting International Mohammed VI d'Athlétisme de Rabat | Diamond League | World Athletics,https://worldathletics.org/competitions/diamond-league/calendar-results/7199683/result,final
Letsile TEBOGO,,10.43,,,,,,Meeting International Mohammed VI d'Athlétisme de Rabat | Diamond League | World Athletics,https://worldathletics.org/competitions/diamond-league/calendar-results/7199683/result,final
Fred KERLEY,,,DQ,,,,,Meeting International Mohammed VI d'Athlétisme de Rabat | Diamond League | World Athletics,https://worldathletics.org/competitions/diamond-league/calendar-results/7199683/result,final
Yaroslava MAHUCHIKH,,2.0,,,,,,Silesia Kamila Skolimowska Memorial | Diamond League | World Athletics,https://worldathletics.org/competitions/diamond-league/calendar-results/7199684/result,final
Nicola OLYSLAGERS,,1.97,,,,,,Silesia Kamila Skolimowska Memorial | Diamond League | World Athletics,https://worldathletics.org/competitions/diamond-league/calendar-results/7199684/result,final
Imke ONNEN,,1.91,,,,,,Silesia Kamila Skolimowska Memorial | Diamond League | World Athletics,https://worldathletics.org/competitions/diamond-league/calendar-results/7199684/result,final
Michaela HRUBÁ,,1.88,,,,,,Silesia Kamila Skolimowska Memorial | Diamond League | World Athletics,https://worldathletics.org/competitions/diamond-league/calendar-results/7199684/result,final
Charity HUFNAGEL,,1.88,,,,,,Silesia Kamila Skolimowska Memorial | Diamond League | World Athletics,https://worldathletics.org/competitions/diamond-league/calendar-results/7199684/result,final
Kateryna TABASHNYK,,1.88,,,,,,Silesia Kamila Skolimowska Memorial | Diamond League | World Athletics,https://worldathletics.org/competitions/diamond-league/calendar-results/7199684/result,final
Ona BONET,,1.84,,,,,,Silesia Kamila Skolimowska Memorial | Diamond League | World Athletics,https://worldathletics.org/competitions/diamond-league/calendar-results/7199684/result,final
Elisabeth PIHELA,,1.84,,,,,,Silesia Kamila Skolimowska Memorial | Diamond League | World Athletics,https://worldathletics.org/competitions/diamond-league/calendar-results/7199684/result,final
Emma GATES,,1.84,,,,,,Silesia Kamila Skolimowska Memorial | Diamond League | World Athletics,https://worldathletics.org/competitions/diamond-league/calendar-results/7199684/result,final
Paulina BORYS,,1.8,,,,,,Silesia Kamila Skolimowska Memorial | Diamond League | World Athletics,https://worldathletics.org/competitions/diamond-league/calendar-results/7199684/result,final
Alexander OGANDO,,20.16,,,,,,Memorial van Damme | Diamond League | World Athletics,https://worldathletics.org/competitions/diamond-league/calendar-results/7199685/result,final
Robert GREGORY,,20.19,,,,,,Memorial van Damme | Diamond League | World Athletics,https://worldathletics.org/competitions/diamond-league/calendar-results/7199685/result,final
Udodi Chudi ONWUZURIKE,,20.29,,,,,,Memorial van Damme | Diamond League | World Athletics,https://worldathletics.org/competitions/diamond-league/calendar-results/7199685/result,final
Christian COLEMAN,,20.42,,,,,,Memorial van Damme | Diamond League | World Athletics,https://worldathletics.org/competitions/diamond-league/calendar-results/7199685/result,final
Makanakaishe CHARAMBA,,20.57,,,,,,Memorial van Damme | Diamond League | World Athletics,https://worldathletics.org/competitions/diamond-league/calendar-results/7199685/result,final
Joseph FAHNBULLEH,,20.58,,,,,,Memorial van Damme | Diamond League | World Athletics,https://worldathletics.org/competitions/diamond-league/calendar-results/7199685/result,final
Kyree KING,,20.66,,,,,,Memorial van Damme | Diamond League | World Athletics,https://worldathletics.org/competitions/diamond-league/calendar-results/7199685/result,final
Kobe VLEMINCKX,,21.4,,,,,,Memorial van Damme | Diamond League | World Athletics,https://worldathletics.org/competitions/diamond-league/calendar-results/7199685/result,final
Armand DUPLANTIS,,6.0,,,,,,Weltklasse Zürich | Diamond League | World Athletics,https://worldathletics.org/competitions/diamond-league/calendar-results/7199686/result,final
Emmanouil KARALIS,,6.0,,,,,,Weltklasse Zürich | Diamond League | World Athletics,https://worldathletics.org/competitions/diamond-league/calendar-results/7199686/result,final
Sam KENDRICKS,,5.8,,,,,,Weltklasse Zürich | Diamond League | World Athletics,https://worldathletics.org/competitions/diamond-league/calendar-results/7199686/result,final
Kurtis MARSCHALL,,5.65,,,,,,Weltklasse Zürich | Diamond League | World Athletics,https://worldathletics.org/competitions/diamond-league/calendar-results/7199686/result,final
Menno VLOON,,5.65,,,,,,Weltklasse Zürich | Diamond League | World Athletics,https://worldathletics.org/competitions/diamond-league/calendar-results/7199686/result,final
Renaud LAVILLENIE,,,NM,,,,,Weltklasse Zürich | Diamond League | World Athletics,https://worldathletics.org/competitions/diamond-league/calendar-results/7199686/result,final
Akani SIMBINE,,9.98,,,,,,Yangtze River Delta Athletics Diamond Gala | Diamond League | World Athletics,https://worldathletics.org/competitions/diamond-league/calendar-results/7199680/result,final
Kishane THOMPSON,,9.99,,,,,,Yangtze River Delta Athletics Diamond Gala | Diamond League | World Athletics,https://worldathletics.org/competitions/diamond-league/calendar-results/7199680/result,final
Letsile TEBOGO,,10.03,,,,,,Yangtze River Delta Athletics Diamond Gala | Diamond League | World Athletics,https://worldathletics.org/competitions/diamond-league/calendar-results/7199680/result,final
Emmanuel ESEME,,10.07,,,,,,Yangtze River Delta Athletics Diamond Gala | Diamond League | World Athletics,https://worldathletics.org/competitions/diamond-league/calendar-results/7199680/result,final
Christian COLEMAN,,10.13,,,,,,Yangtze River Delta Athletics Diamond Gala | Diamond League | World Athletics,https://worldathletics.org/competitions/diamond-league/calendar-results/7199680/result,final
Rohan WATSON,,10.18,,,,,,Yangtze River Delta Athletics Diamond Gala | Diamond League | World Athletics,https://worldathletics.org/competitions/diamond-league/calendar-results/7199680/result,final
Jeremiah AZU,,10.19,,,,,,Yangtze River Delta Athletics Diamond Gala | Diamond League | World Athletics,https://worldathletics.org/competitions/diamond-league/calendar-results/7199680/result,final
Zhenye XIE,,10.23,,,,,,Yangtze River Delta Athletics Diamond Gala | Diamond League | World Athletics,https://worldathletics.org/competitions/diamond-league/calendar-results/7199680/result,final
Ferdinand OMANYALA,,10.25,,,,,,Yangtze River Delta Athletics Diamond Gala | Diamond League | World Athletics,https://worldathletics.org/competitions/diamond-league/calendar-results/7199680/result,final
Trayvon BROMELL,,9.84,,,,,,Golden Gala | Diamond League | World Athletics,https://worldathletics.org/competitions/diamond-league/calendar-results/7203938/result,final
Emmanuel ESEME,,9.99,,,,,,Golden Gala | Diamond League | World Athletics,https://worldathletics.org/competitions/diamond-league/calendar-results/7203938/result,final
Ferdinand OMANYALA,,10.01,,,,,,Golden Gala | Diamond League | World Athletics,https://worldathletics.org/competitions/diamond-league/calendar-results/7203938/result,final
Brandon HICKLIN,,10.04,,,,,,Golden Gala | Diamond League | World Athletics,https://worldathletics.org/competitions/diamond-league/calendar-results/7203938/result,final
Courtney LINDSEY,,10.18,,,,,,Golden Gala | Diamond League | World Athletics,https://worldathletics.org/competitions/diamond-league/calendar-results/7203938/result,final
Filippo TORTU,,10.19,,,,,,Golden Gala | Diamond League | World Athletics,https://worldathletics.org/competitions/diamond-league/calendar-results/7203938/result,final
Abdul Hakim SANI BROWN,,10.31,,,,,,Golden Gala | Diamond League | World Athletics,https://worldathletics.org/competitions/diamond-league/calendar-results/7203938/result,final
Chituru ALI,,11.21,,,,,,Golden Gala | Diamond League | World Athletics,https://worldathletics.org/competitions/diamond-league/calendar-results/7203938/result,final
Fred KERLEY,,,DQ,,,,,Golden Gala | Diamond League | World Athletics,https://worldathletics.org/competitions/diamond-league/calendar-results/7203938/result,final
Mohamed ATTAOUI,,,1:42.73,,,,,Meeting de Paris | Diamond League | World Athletics,https://worldathletics.org/competitions/diamond-league/calendar-results/7203940/result,final
Josh HOEY,,,1:43.00,,,,,Meeting de Paris | Diamond League | World Athletics,https://worldathletics.org/competitions/diamond-league/calendar-results/7203940/result,final
Bryce HOPPEL,,,1:43.11,,,,,Meeting de Paris | Diamond League | World Athletics,https://worldathletics.org/competitions/diamond-league/calendar-results/7203940/result,final
Max BURGIN,,,1:43.61,,,,,Meeting de Paris | Diamond League | World Athletics,https://worldathletics.org/competitions/diamond-league/calendar-results/7203940/result,final
Gabriel TUAL,,,1:43.84,,,,,Meeting de Paris | Diamond League | World Athletics,https://worldathletics.org/competitions/diamond-league/calendar-results/7203940/result,final
Mark ENGLISH,,,1:43.98,,,,,Meeting de Paris | Diamond League | World Athletics,https://worldathletics.org/competitions/diamond-league/calendar-results/7203940/result,final
Andreas KRAMER,,,1:44.02,,,,,Meeting de Paris | Diamond League | World Athletics,https://worldathletics.org/competitions/diamond-league/calendar-results/7203940/result,final
Tshepiso MASALELA,,,1:44.16,,,,,Meeting de Paris | Diamond League | World Athletics,https://worldathletics.org/competitions/diamond-league/calendar-results/7203940/result,final
Slimane MOULA,,,1:44.46,,,,,Meeting de Paris | Diamond League | World Athletics,https://worldathletics.org/competitions/diamond-league/calendar-results/7203940/result,final
Yanis MEZIANE,,,1:44.55,,,,,Meeting de Paris | Diamond League | World Athletics,https://worldathletics.org/competitions/diamond-league/calendar-results/7203940/result,final
Wyclife KINYAMAL,,,1:44.85,,,,,Meeting de Paris | Diamond League | World Athletics,https://worldathletics.org/competitions/diamond-league/calendar-results/7203940/result,final
Nicholas KIPLAGAT,,,1:45.03,,,,,Meeting de Paris | Diamond League | World Athletics,https://worldathletics.org/competitions/diamond-league/calendar-results/7203940/result,final
Patryk SIERADZKI,,,DNF,,,,,Meeting de Paris | Diamond League | World Athletics,https://worldathletics.org/competitions/diamond-league/calendar-results/7203940/result,final
Kishane THOMPSON,,9.85,,,,,,Prefontaine Classic | Diamond League | World Athletics,https://worldathletics.org/competitions/diamond-league/calendar-results/7203941/result,final
Zharnel HUGHES,,9.91,,,,,,Prefontaine Classic | Diamond League | World Athletics,https://worldathletics.org/competitions/diamond-league/calendar-results/7203941/result,final
Trayvon BROMELL,,9.94,,,,,,Prefontaine Classic | Diamond League | World Athletics,https://worldathletics.org/competitions/diamond-league/calendar-results/7203941/result,final
Brandon HICKLIN,,9.98,,,,,,Prefontaine Classic | Diamond League | World Athletics,https://worldathletics.org/competitions/diamond-league/calendar-results/7203941/result,final
Ackeem BLAKE,,10.03,,,,,,Prefontaine Classic | Diamond League | World Athletics,https://worldathletics.org/competitions/diamond-league/calendar-results/7203941/result,final
Bayanda WALAZA,,10.04,,,,,,Prefontaine Classic | Diamond League | World Athletics,https://worldathletics.org/competitions/diamond-league/calendar-results/7203941/result,final
Christian COLEMAN,,10.06,,,,,,Prefontaine Classic | Diamond League | World Athletics,https://worldathletics.org/competitions/diamond-league/calendar-results/7203941/result,final
Lachlan KENNEDY,,10.07,,,,,,Prefontaine Classic | Diamond League | World Athletics,https://worldathletics.org/competitions/diamond-league/calendar-results/7203941/result,final
Jeremiah AZU,,10.2,,,,,,Prefontaine Classic | Diamond League | World Athletics,https://worldathletics.org/competitions/diamond-league/calendar-results/7203941/result,final
Oblique SEVILLE,,9.86,,,,,,London Athletics Meet | Diamond League | World Athletics,https://worldathletics.org/competitions/diamond-league/calendar-results/7203943/result,final
Noah LYLES,,10.0,,,,,,London Athletics Meet | Diamond League | World Athletics,https://worldathletics.org/competitions/diamond-league/calendar-results/7203943/result,final
Zharnel HUGHES,,10.02,,,,,,London Athletics Meet | Diamond League | World Athletics,https://worldathletics.org/competitions/diamond-league/calendar-results/7203943/result,final
Ackeem BLAKE,,10.08,,,,,,London Athletics Meet | Diamond League | World Athletics,https://worldathletics.org/competitions/diamond-league/calendar-results/7203943/result,final
Akani SIMBINE,,10.11,,,,,,London Athletics Meet | Diamond League | World Athletics,https://worldathletics.org/competitions/diamond-league/calendar-results/7203943/result,final
Jeremiah AZU,,10.11,,,,,,London Athletics Meet | Diamond League | World Athletics,https://worldathletics.org/competitions/diamond-league/calendar-results/7203943/result,final
Letsile TEBOGO,,10.12,,,,,,London Athletics Meet | Diamond League | World Athletics,https://worldathletics.org/competitions/diamond-league/calendar-results/7203943/result,final
Louie HINCHLIFFE,,10.21,,,,,,London Athletics Meet | Diamond League | World Athletics,https://worldathletics.org/competitions/diamond-league/calendar-results/7203943/result,final
Emmanouil KARALIS,,6.02,,,,,,Athletissima Lausanne | Diamond League | World Athletics,https://worldathletics.org/competitions/diamond-league/calendar-results/7203944/result,final
Renaud LAVILLENIE,,5.82,,,,,,Athletissima Lausanne | Diamond League | World Athletics,https://worldathletics.org/competitions/diamond-league/calendar-results/7203944/result,final
Thibaut COLLET,,5.82,,,,,,Athletissima Lausanne | Diamond League | World Athletics,https://worldathletics.org/competitions/diamond-league/calendar-results/7203944/result,final
Ersu ŞAŞMA,,5.82,,,,,,Athletissima Lausanne | Diamond League | World Athletics,https://worldathletics.org/competitions/diamond-league/calendar-results/7203944/result,final
Menno VLOON,,5.82,,,,,,Athletissima Lausanne | Diamond League | World Athletics,https://worldathletics.org/competitions/diamond-league/calendar-results/7203944/result,final
Sam KENDRICKS,,5.72,,,,,,Athletissima Lausanne | Diamond League | World Athletics,https://worldathletics.org/competitions/diamond-league/calendar-results/7203944/result,final
Austin MILLER,,5.62,,,,,,Athletissima Lausanne | Diamond League | World Athletics,https://worldathletics.org/competitions/diamond-league/calendar-results/7203944/result,final
Ben BROEDERS,,5.62,,,,,,Athletissima Lausanne | Diamond League | World Athletics,https://worldathletics.org/competitions/diamond-league/calendar-results/7203944/result,final
Sondre GUTTORMSEN,,5.42,,,,,,Athletissima Lausanne | Diamond League | World Athletics,https://worldathletics.org/competitions/diamond-league/calendar-results/7203944/result,final
Kurtis MARSCHALL,,,NM,,,,,Athletissima Lausanne | Diamond League | World Athletics,https://worldathletics.org/competitions/diamond-league/calendar-results/7203944/result,final
Akani SIMBINE,,9.99,,,,,,Wanda Diamond League Xiamen | Diamond League | World Athletics,https://worldathletics.org/competitions/diamond-league/calendar-results/7203816/result,final
Ferdinand OMANYALA,,10.13,,,,,,Wanda Diamond League Xiamen | Diamond League | World Athletics,https://worldathletics.org/competitions/diamond-league/calendar-results/7203816/result,final
Jeremiah AZU,,10.17,,,,,,Wanda Diamond League Xiamen | Diamond League | World Athletics,https://worldathletics.org/competitions/diamond-league/calendar-results/7203816/result,final
Christian COLEMAN,,10.18,,,,,,Wanda Diamond League Xiamen | Diamond League | World Athletics,https://worldathletics.org/competitions/diamond-league/calendar-results/7203816/result,final
Lachlan KENNEDY,,10.18,,,,,,Wanda Diamond League Xiamen | Diamond League | World Athletics,https://worldathletics.org/competitions/diamond-league/calendar-results/7203816/result,final
Emmanuel ESEME,,10.19,,,,,,Wanda Diamond League Xiamen | Diamond League | World Athletics,https://worldathletics.org/competitions/diamond-league/calendar-results/7203816/result,final
Letsile TEBOGO,,10.2,,,,,,Wanda Diamond League Xiamen | Diamond League | World Athletics,https://worldathletics.org/competitions/diamond-league/calendar-results/7203816/result,final
Zhenye XIE,,10.23,,,,,,Wanda Diamond League Xiamen | Diamond League | World Athletics,https://worldathletics.org/competitions/diamond-league/calendar-results/7203816/result,final
Rohan WATSON,,10.31,,,,,,Wanda Diamond League Xiamen | Diamond League | World Athletics,https://worldathletics.org/competitions/diamond-league/calendar-results/7203816/result,final
Abdul Hakim SANI BROWN,,10.42,,,,,,Wanda Diamond League Xiamen | Diamond League | World Athletics,https://worldathletics.org/competitions/diamond-league/calendar-results/7203816/result,final
Christian COLEMAN,,10.13,,,,,,Wanda Diamond League Xiamen | Diamond League | World Athletics,https://worldathletics.org/competitions/diamond-league/calendar-results/7174050/result,final
Fred KERLEY,,10.17,,,,,,Wanda Diamond League Xiamen | Diamond League | World Athletics,https://worldathletics.org/competitions/diamond-league/calendar-results/7174050/result,final
Ackeem BLAKE,,10.2,,,,,,Wanda Diamond League Xiamen | Diamond League | World Athletics,https://worldathletics.org/competitions/diamond-league/calendar-results/7174050/result,final
Rohan WATSON,,10.27,,,,,,Wanda Diamond League Xiamen | Diamond League | World Athletics,https://worldathletics.org/competitions/diamond-league/calendar-results/7174050/result,final
Ryo WADA,,10.31,,,,,,Wanda Diamond League Xiamen | Diamond League | World Athletics,https://worldathletics.org/competitions/diamond-league/calendar-results/7174050/result,final
Ronnie BAKER,,10.33,,,,,,Wanda Diamond League Xiamen | Diamond League | World Athletics,https://worldathletics.org/competitions/diamond-league/calendar-results/7174050/result,final
Yoshihide KIRYU,,10.38,,,,,,Wanda Diamond League Xiamen | Diamond League | World Athletics,https://worldathletics.org/competitions/diamond-league/calendar-results/7174050/result,final
Brandon CARNES,,10.4,,,,,,Wanda Diamond League Xiamen | Diamond League | World Athletics,https://worldathletics.org/competitions/diamond-league/calendar-results/7174050/result,final
Yohan BLAKE,,10.43,,,,,,Wanda Diamond League Xiamen | Diamond League | World Athletics,https://worldathletics.org/competitions/diamond-league/calendar-results/7174050/result,final
Xinrui DENG,,10.55,,,,,,Wanda Diamond League Xiamen | Diamond League | World Athletics,https://worldathletics.org/competitions/diamond-league/calendar-results/7174050/result,final
Tamer SALEH,,10.25,,,,,,Seashore Group Doha Meeting | Diamond League | World Athletics,https://worldathletics.org/competitions/diamond-league/calendar-results/7174051/result,final
Taha Hussein YASEEN,,10.41,,,,,,Seashore Group Doha Meeting | Diamond League | World Athletics,https://worldathletics.org/competitions/diamond-league/calendar-results/7174051/result,final
Falah Abdulzahra MAHDI,,10.42,,,,,,Seashore Group Doha Meeting | Diamond League | World Athletics,https://worldathletics.org/competitions/diamond-league/calendar-results/7174051/result,final
Owaab BARROW,,10.44,,,,,,Seashore Group Doha Meeting | Diamond League | World Athletics,https://worldathletics.org/competitions/diamond-league/calendar-results/7174051/result,final
Amir MUHAMMAD,,11.21,,,,,,Seashore Group Doha Meeting | Diamond League | World Athletics,https://worldathletics.org/competitions/diamond-league/calendar-results/7174051/result,final
Emmanuel ESEME,,10.11,,,,,,Meeting International Mohammed VI d’Athlétisme de Rabat/Marrakech | Diamond League | World Athletics,https://worldathletics.org/competitions/diamond-league/calendar-results/7174052/result,final
Andre DE GRASSE,,10.19,,,,,,Meeting International Mohammed VI d’Athlétisme de Rabat/Marrakech | Diamond League | World Athletics,https://worldathletics.org/competitions/diamond-league/calendar-results/7174052/result,final
Jeremiah AZU,,10.25,,,,,,Meeting International Mohammed VI d’Athlétisme de Rabat/Marrakech | Diamond League | World Athletics,https://worldathletics.org/competitions/diamond-league/calendar-results/7174052/result,final
Brandon HICKLIN,,10.26,,,,,,Meeting International Mohammed VI d’Athlétisme de Rabat/Marrakech | Diamond League | World Athletics,https://worldathletics.org/competitions/diamond-league/calendar-results/7174052/result,final
Rohan WATSON,,10.26,,,,,,Meeting International Mohammed VI d’Athlétisme de Rabat/Marrakech | Diamond League | World Athletics,https://worldathletics.org/competitions/diamond-league/calendar-results/7174052/result,final
Pjai AUSTIN,,10.29,,,,,,Meeting International Mohammed VI d’Athlétisme de Rabat/Marrakech | Diamond League | World Athletics,https://worldathletics.org/competitions/diamond-league/calendar-results/7174052/result,final
Jona EFOLOKO,,10.36,,,,,,Meeting International Mohammed VI d’Athlétisme de Rabat/Marrakech | Diamond League | World Athletics,https://worldathletics.org/competitions/diamond-league/calendar-results/7174052/result,final
Yohan BLAKE,,10.41,,,,,,Meeting International Mohammed VI d’Athlétisme de Rabat/Marrakech | Diamond League | World Athletics,https://worldathletics.org/competitions/diamond-league/calendar-results/7174052/result,final
Chakir MACHMOUR,,10.69,,,,,,Meeting International Mohammed VI d’Athlétisme de Rabat/Marrakech | Diamond League | World Athletics,https://worldathletics.org/competitions/diamond-league/calendar-results/7174052/result,final
Akani SIMBINE,,10.01,,,,,,Yangtze Delta Athletics Diamond Gala | Diamond League | World Athletics,https://worldathletics.org/competitions/diamond-league/calendar-results/7174053/result,final
Christian COLEMAN,,10.04,,,,,,Yangtze Delta Athletics Diamond Gala | Diamond League | World Athletics,https://worldathletics.org/competitions/diamond-league/calendar-results/7174053/result,final
Fred KERLEY,,10.11,,,,,,Yangtze Delta Athletics Diamond Gala | Diamond League | World Athletics,https://worldathletics.org/competitions/diamond-league/calendar-results/7174053/result,final
Emmanuel ESEME,,10.17,,,,,,Yangtze Delta Athletics Diamond Gala | Diamond League | World Athletics,https://worldathletics.org/competitions/diamond-league/calendar-results/7174053/result,final
Ackeem BLAKE,,10.23,,,,,,Yangtze Delta Athletics Diamond Gala | Diamond League | World Athletics,https://worldathletics.org/competitions/diamond-league/calendar-results/7174053/result,final
Rohan WATSON,,10.29,,,,,,Yangtze Delta Athletics Diamond Gala | Diamond League | World Athletics,https://worldathletics.org/competitions/diamond-league/calendar-results/7174053/result,final
Brandon CARNES,,10.35,,,,,,Yangtze Delta Athletics Diamond Gala | Diamond League | World Athletics,https://worldathletics.org/competitions/diamond-league/calendar-results/7174053/result,final
Yoshihide KIRYU,,10.37,,,,,,Yangtze Delta Athletics Diamond Gala | Diamond League | World Athletics,https://worldathletics.org/competitions/diamond-league/calendar-results/7174053/result,final
Guanfeng CHEN,,10.47,,,,,,Yangtze Delta Athletics Diamond Gala | Diamond League | World Athletics,https://worldathletics.org/competitions/diamond-league/calendar-results/7174053/result,final
Letsile TEBOGO,,9.87,,,,,,Golden Gala | Diamond League | World Athletics,https://worldathletics.org/competitions/diamond-league/calendar-results/7174054/result,final
Christian COLEMAN,,9.92,,,,,,Golden Gala | Diamond League | World Athletics,https://worldathletics.org/competitions/diamond-league/calendar-results/7174054/result,final
Fred KERLEY,,9.95,,,,,,Golden Gala | Diamond League | World Athletics,https://worldathletics.org/competitions/diamond-league/calendar-results/7174054/result,final
Ackeem BLAKE,,10.03,,,,,,Golden Gala | Diamond League | World Athletics,https://worldathletics.org/competitions/diamond-league/calendar-results/7174054/result,final
Abdul Hakim SANI BROWN,,10.05,,,,,,Golden Gala | Diamond League | World Athletics,https://worldathletics.org/competitions/diamond-league/calendar-results/7174054/result,final
Kyree KING,,10.07,,,,,,Golden Gala | Diamond League | World Athletics,https://worldathletics.org/competitions/diamond-league/calendar-results/7174054/result,final
Ferdinand OMANYALA,,10.08,,,,,,Golden Gala | Diamond League | World Athletics,https://worldathletics.org/competitions/diamond-league/calendar-results/7174054/result,final
Jeremiah AZU,,10.17,,,,,,Golden Gala | Diamond League | World Athletics,https://worldathletics.org/competitions/diamond-league/calendar-results/7174054/result,final
Lamont Marcell JACOBS,,10.2,,,,,,Golden Gala | Diamond League | World Athletics,https://worldathletics.org/competitions/diamond-league/calendar-results/7174054/result,final
Akani SIMBINE,,9.94,,,,,,Oslo Bislett Games | Diamond League | World Athletics,https://worldathletics.org/competitions/diamond-league/calendar-results/7174056/result,final
Abdul Hakim SANI BROWN,,9.99,,,,,,Oslo Bislett Games | Diamond League | World Athletics,https://worldathletics.org/competitions/diamond-league/calendar-results/7174056/result,final
Emmanuel ESEME,,10.01,,,,,,Oslo Bislett Games | Diamond League | World Athletics,https://worldathletics.org/competitions/diamond-league/calendar-results/7174056/result,final
Lamont Marcell JACOBS,,10.03,,,,,,Oslo Bislett Games | Diamond League | World Athletics,https://worldathletics.org/competitions/diamond-league/calendar-results/7174056/result,final
Brandon HICKLIN,,10.05,,,,,,Oslo Bislett Games | Diamond League | World Athletics,https://worldathletics.org/competitions/diamond-league/calendar-results/7174056/result,final
Rohan WATSON,,10.23,,,,,,Oslo Bislett Games | Diamond League | World Athletics,https://worldathletics.org/competitions/diamond-league/calendar-results/7174056/result,final
Yohan BLAKE,,10.29,,,,,,Oslo Bislett Games | Diamond League | World Athletics,https://worldathletics.org/competitions/diamond-league/calendar-results/7174056/result,final
Jeremiah AZU,,11.11,,,,,,Oslo Bislett Games | Diamond League | World Athletics,https://worldathletics.org/competitions/diamond-league/calendar-results/7174056/result,final
Emmanuel ESEME,,10.16,,,,,,BAUHAUS-Galan | Diamond League | World Athletics,https://worldathletics.org/competitions/diamond-league/calendar-results/7174057/result,final
Kyree KING,,10.18,,,,,,BAUHAUS-Galan | Diamond League | World Athletics,https://worldathletics.org/competitions/diamond-league/calendar-results/7174057/result,final
Chituru ALI,,10.19,,,,,,BAUHAUS-Galan | Diamond League | World Athletics,https://worldathletics.org/competitions/diamond-league/calendar-results/7174057/result,final
Ryiem FORDE,,10.22,,,,,,BAUHAUS-Galan | Diamond League | World Athletics,https://worldathletics.org/competitions/diamond-league/calendar-results/7174057/result,final
Abdul Hakim SANI BROWN,,10.28,,,,,,BAUHAUS-Galan | Diamond League | World Athletics,https://worldathletics.org/competitions/diamond-league/calendar-results/7174057/result,final
Joshua HARTMANN,,10.3,,,,,,BAUHAUS-Galan | Diamond League | World Athletics,https://worldathletics.org/competitions/diamond-league/calendar-results/7174057/result,final
Henrik LARSSON,,10.47,,,,,,BAUHAUS-Galan | Diamond League | World Athletics,https://worldathletics.org/competitions/diamond-league/calendar-results/7174057/result,final
Yupun ABEYKOON,,10.63,,,,,,BAUHAUS-Galan | Diamond League | World Athletics,https://worldathletics.org/competitions/diamond-league/calendar-results/7174057/result,final
Noah LYLES,,9.81,,,,,,London Athletics Meet | Diamond League | World Athletics,https://worldathletics.org/competitions/diamond-league/calendar-results/7174059/result,final
Akani SIMBINE,,9.86,,,,,,London Athletics Meet | Diamond League | World Athletics,https://worldathletics.org/competitions/diamond-league/calendar-results/7174059/result,final
Letsile TEBOGO,,9.88,,,,,,London Athletics Meet | Diamond League | World Athletics,https://worldathletics.org/competitions/diamond-league/calendar-results/7174059/result,final
Louie HINCHLIFFE,,9.97,,,,,,London Athletics Meet | Diamond League | World Athletics,https://worldathletics.org/competitions/diamond-league/calendar-results/7174059/result,final
Ackeem BLAKE,,9.97,,,,,,London Athletics Meet | Diamond League | World Athletics,https://worldathletics.org/competitions/diamond-league/calendar-results/7174059/result,final
Zharnel HUGHES,,10.0,,,,,,London Athletics Meet | Diamond League | World Athletics,https://worldathletics.org/competitions/diamond-league/calendar-results/7174059/result,final
Jeremiah AZU,,10.08,,,,,,London Athletics Meet | Diamond League | World Athletics,https://worldathletics.org/competitions/diamond-league/calendar-results/7174059/result,final
Yohan BLAKE,,10.23,,,,,,London Athletics Meet | Diamond League | World Athletics,https://worldathletics.org/competitions/diamond-league/calendar-results/7174059/result,final
Alexander OGANDO,,19.98,,,,,,Meeting de Paris | Diamond League | World Athletics,https://worldathletics.org/competitions/diamond-league/calendar-results/7174060/result,final
Tarsis Gracious OROGOT,,20.18,,,,,,Meeting de Paris | Diamond League | World Athletics,https://worldathletics.org/competitions/diamond-league/calendar-results/7174060/result,final
Ryan ZEZE,,20.46,,,,,,Meeting de Paris | Diamond League | World Athletics,https://worldathletics.org/competitions/diamond-league/calendar-results/7174060/result,final
Filippo TORTU,,20.53,,,,,,Meeting de Paris | Diamond League | World Athletics,https://worldathletics.org/competitions/diamond-league/calendar-results/7174060/result,final
Jerome BLAKE,,20.82,,,,,,Meeting de Paris | Diamond League | World Athletics,https://worldathletics.org/competitions/diamond-league/calendar-results/7174060/result,final
William REAIS,,20.89,,,,,,Meeting de Paris | Diamond League | World Athletics,https://worldathletics.org/competitions/diamond-league/calendar-results/7174060/result,final
Cheickna TRAORE,,,DNF,,,,,Meeting de Paris | Diamond League | World Athletics,https://worldathletics.org/competitions/diamond-league/calendar-results/7174060/result,final
Ackeem BLAKE,,9.93,,,,,,Memorial van Damme | Diamond League | World Athletics,https://worldathletics.org/competitions/diamond-league/calendar-results/7174062/result,final
Christian COLEMAN,,10.0,,,,,,Memorial van Damme | Diamond League | World Athletics,https://worldathletics.org/competitions/diamond-league/calendar-results/7174062/result,final
Fred KERLEY,,10.01,,,,,,Memorial van Damme | Diamond League | World Athletics,https://worldathletics.org/competitions/diamond-league/calendar-results/7174062/result,final
Emmanuel ESEME,,10.09,,,,,,Memorial van Damme | Diamond League | World Athletics,https://worldathletics.org/competitions/diamond-league/calendar-results/7174062/result,final
Akani SIMBINE,,10.1,,,,,,Memorial van Damme | Diamond League | World Athletics,https://worldathletics.org/competitions/diamond-league/calendar-results/7174062/result,final
Abdul Hakim SANI BROWN,,10.1,,,,,,Memorial van Damme | Diamond League | World Athletics,https://worldathletics.org/competitions/diamond-league/calendar-results/7174062/result,final
Brandon HICKLIN,,10.13,,,,,,Memorial van Damme | Diamond League | World Athletics,https://worldathletics.org/competitions/diamond-league/calendar-results/7174062/result,final
Rohan WATSON,,10.25,,,,,,Memorial van Damme | Diamond League | World Athletics,https://worldathletics.org/competitions/diamond-league/calendar-results/7174062/result,final
Armand DUPLANTIS,,10.37,,,,,,Weltklasse Zürich | Diamond League | World Athletics,https://worldathletics.org/competitions/diamond-league/calendar-results/7174063/result,final
Karsten WARHOLM,,10.47,,,,,,Weltklasse Zürich | Diamond League | World Athletics,https://worldathletics.org/competitions/diamond-league/calendar-results/7174063/result,final
Aaron BROWN,,10.13,,,,,,Diamond League Meeting | Diamond League | World Athletics,https://worldathletics.org/competitions/diamond-league/calendar-results/7174658/result,final
Yohan BLAKE,,10.18,,,,,,Diamond League Meeting | Diamond League | World Athletics,https://worldathletics.org/competitions/diamond-league/calendar-results/7174658/result,final
Jerome BLAKE,,10.2,,,,,,Diamond League Meeting | Diamond League | World Athletics,https://worldathletics.org/competitions/diamond-league/calendar-results/7174658/result,final
Andre DE GRASSE,,10.24,,,,,,Diamond League Meeting | Diamond League | World Athletics,https://worldathletics.org/competitions/diamond-league/calendar-results/7174658/result,final
Nethaneel MITCHELL-BLAKE,,10.31,,,,,,Diamond League Meeting | Diamond League | World Athletics,https://worldathletics.org/competitions/diamond-league/calendar-results/7174658/result,final
Adam GEMILI,,10.38,,,,,,Diamond League Meeting | Diamond League | World Athletics,https://worldathletics.org/competitions/diamond-league/calendar-results/7174658/result,final
Reece PRESCOD,,10.65,,,,,,Diamond League Meeting | Diamond League | World Athletics,https://worldathletics.org/competitions/diamond-league/calendar-results/7174658/result,final
Trayvon BROMELL,,,DQ,,,,,Diamond League Meeting | Diamond League | World Athletics,https://worldathletics.org/competitions/diamond-league/calendar-results/7174658/result,final
Zharnel HUGHES,,,DQ,,,,,Diamond League Meeting | Diamond League | World Athletics,https://worldathletics.org/competitions/diamond-league/calendar-results/7174658/result,final
Letsile TEBOGO,,19.83,,,,,,Silesia Kamila Skolimowska Memorial | Diamond League | World Athletics,https://worldathletics.org/competitions/diamond-league/calendar-results/7202834/result,final
Alexander OGANDO,,19.86,,,,,,Silesia Kamila Skolimowska Memorial | Diamond League | World Athletics,https://worldathletics.org/competitions/diamond-league/calendar-results/7202834/result,final
Kenneth BEDNAREK,,20.0,,,,,,Silesia Kamila Skolimowska Memorial | Diamond League | World Athletics,https://worldathletics.org/competitions/diamond-league/calendar-results/7202834/result,final
Kyree KING,,20.27,,,,,,Silesia Kamila Skolimowska Memorial | Diamond League | World Athletics,https://worldathletics.org/competitions/diamond-league/calendar-results/7202834/result,final
Joseph FAHNBULLEH,,20.39,,,,,,Silesia Kamila Skolimowska Memorial | Diamond League | World Athletics,https://worldathletics.org/competitions/diamond-league/calendar-results/7202834/result,final
Shaun MASWANGANYI,,20.55,,,,,,Silesia Kamila Skolimowska Memorial | Diamond League | World Athletics,https://worldathletics.org/competitions/diamond-league/calendar-results/7202834/result,final
Eseosa Fostine DESALU,,20.62,,,,,,Silesia Kamila Skolimowska Memorial | Diamond League | World Athletics,https://worldathletics.org/competitions/diamond-league/calendar-results/7202834/result,final
Albert KOMAŃSKI,,21.07,,,,,,Silesia Kamila Skolimowska Memorial | Diamond League | World Athletics,https://worldathletics.org/competitions/diamond-league/calendar-results/7202834/result,final
Erriyon KNIGHTON,,,DQ,,,,,Silesia Kamila Skolimowska Memorial | Diamond League | World Athletics,https://worldathletics.org/competitions/diamond-league/calendar-results/7202834/result,final
Fred KERLEY,,19.92,,,,,,Diamond League Meeting | Diamond League | World Athletics,https://worldathletics.org/competitions/diamond-league/calendar-results/7172922/result,final
Kenneth BEDNAREK,,20.11,,,,,,Diamond League Meeting | Diamond League | World Athletics,https://worldathletics.org/competitions/diamond-league/calendar-results/7172922/result,final
Aaron BROWN,,20.2,,,,,,Diamond League Meeting | Diamond League | World Athletics,https://worldathletics.org/competitions/diamond-league/calendar-results/7172922/result,final
Kyree KING,,20.29,,,,,,Diamond League Meeting | Diamond League | World Athletics,https://worldathletics.org/competitions/diamond-league/calendar-results/7172922/result,final
Joseph FAHNBULLEH,,20.29,,,,,,Diamond League Meeting | Diamond League | World Athletics,https://worldathletics.org/competitions/diamond-league/calendar-results/7172922/result,final
Andre DE GRASSE,,20.35,,,,,,Diamond League Meeting | Diamond League | World Athletics,https://worldathletics.org/competitions/diamond-league/calendar-results/7172922/result,final
Alexander OGANDO,,20.62,,,,,,Diamond League Meeting | Diamond League | World Athletics,https://worldathletics.org/competitions/diamond-league/calendar-results/7172922/result,final
Michael NORMAN,,20.65,,,,,,Diamond League Meeting | Diamond League | World Athletics,https://worldathletics.org/competitions/diamond-league/calendar-results/7172922/result,final
Fred KERLEY,,9.94,,,,,,Meeting International Mohammed VI d'Athletisme de Rabat | Diamond League | World Athletics,https://worldathletics.org/competitions/diamond-league/calendar-results/7172925/result,final
Akani SIMBINE,,9.99,,,,,,Meeting International Mohammed VI d'Athletisme de Rabat | Diamond League | World Athletics,https://worldathletics.org/competitions/diamond-league/calendar-results/7172925/result,final
Ferdinand OMANYALA,,10.05,,,,,,Meeting International Mohammed VI d'Athletisme de Rabat | Diamond League | World Athletics,https://worldathletics.org/competitions/diamond-league/calendar-results/7172925/result,final
Letsile TEBOGO,,10.09,,,,,,Meeting International Mohammed VI d'Athletisme de Rabat | Diamond League | World Athletics,https://worldathletics.org/competitions/diamond-league/calendar-results/7172925/result,final
Trayvon BROMELL,,10.1,,,,,,Meeting International Mohammed VI d'Athletisme de Rabat | Diamond League | World Athletics,https://worldathletics.org/competitions/diamond-league/calendar-results/7172925/result,final
Yohan BLAKE,,10.18,,,,,,Meeting International Mohammed VI d'Athletisme de Rabat | Diamond League | World Athletics,https://worldathletics.org/competitions/diamond-league/calendar-results/7172925/result,final
Jeremiah AZU,,10.2,,,,,,Meeting International Mohammed VI d'Athletisme de Rabat | Diamond League | World Athletics,https://worldathletics.org/competitions/diamond-league/calendar-results/7172925/result,final
Chakir MACHMOUR,,10.63,,,,,,Meeting International Mohammed VI d'Athletisme de Rabat | Diamond League | World Athletics,https://worldathletics.org/competitions/diamond-league/calendar-results/7172925/result,final
Mouhamadou FALL,,,DQ,,,,,Meeting International Mohammed VI d'Athletisme de Rabat | Diamond League | World Athletics,https://worldathletics.org/competitions/diamond-league/calendar-results/7172925/result,final
Fred KERLEY,,9.94,,,,,,Golden Gala Pietro Mennea | Diamond League | World Athletics,https://worldathletics.org/competitions/diamond-league/calendar-results/7172926/result,final
Ferdinand OMANYALA,,10.05,,,,,,Golden Gala Pietro Mennea | Diamond League | World Athletics,https://worldathletics.org/competitions/diamond-league/calendar-results/7172926/result,final
Trayvon BROMELL,,10.09,,,,,,Golden Gala Pietro Mennea | Diamond League | World Athletics,https://worldathletics.org/competitions/diamond-league/calendar-results/7172926/result,final
Akani SIMBINE,,10.09,,,,,,Golden Gala Pietro Mennea | Diamond League | World Athletics,https://worldathletics.org/competitions/diamond-league/calendar-results/7172926/result,final
Samuele CECCARELLI,,10.13,,,,,,Golden Gala Pietro Mennea | Diamond League | World Athletics,https://worldathletics.org/competitions/diamond-league/calendar-results/7172926/result,final
Rohan BROWNING,,10.15,,,,,,Golden Gala Pietro Mennea | Diamond League | World Athletics,https://worldathletics.org/competitions/diamond-league/calendar-results/7172926/result,final
Yohan BLAKE,,10.15,,,,,,Golden Gala Pietro Mennea | Diamond League | World Athletics,https://worldathletics.org/competitions/diamond-league/calendar-results/7172926/result,final
Marvin BRACY-WILLIAMS,,,DQ,,,,,Golden Gala Pietro Mennea | Diamond League | World Athletics,https://worldathletics.org/competitions/diamond-league/calendar-results/7172926/result,final
Akani SIMBINE,,10.03,,,,,,BAUHAUS-Galan | Diamond League | World Athletics,https://worldathletics.org/competitions/diamond-league/calendar-results/7172927/result,final
Reece PRESCOD,,10.14,,,,,,BAUHAUS-Galan | Diamond League | World Athletics,https://worldathletics.org/competitions/diamond-league/calendar-results/7172927/result,final
Joshua HARTMANN,,10.23,,,,,,BAUHAUS-Galan | Diamond League | World Athletics,https://worldathletics.org/competitions/diamond-league/calendar-results/7172927/result,final
Raphael BOUJU,,10.24,,,,,,BAUHAUS-Galan | Diamond League | World Athletics,https://worldathletics.org/competitions/diamond-league/calendar-results/7172927/result,final
Aaron BROWN,,10.27,,,,,,BAUHAUS-Galan | Diamond League | World Athletics,https://worldathletics.org/competitions/diamond-league/calendar-results/7172927/result,final
Abdul Hakim SANI BROWN,,10.33,,,,,,BAUHAUS-Galan | Diamond League | World Athletics,https://worldathletics.org/competitions/diamond-league/calendar-results/7172927/result,final
Henrik LARSSON,,10.46,,,,,,BAUHAUS-Galan | Diamond League | World Athletics,https://worldathletics.org/competitions/diamond-league/calendar-results/7172927/result,final
Jimmy VICAUT,,13.34,,,,,,BAUHAUS-Galan | Diamond League | World Athletics,https://worldathletics.org/competitions/diamond-league/calendar-results/7172927/result,final
Noah LYLES,,9.97,,,,,,Meeting de Paris | Diamond League | World Athletics,https://worldathletics.org/competitions/diamond-league/calendar-results/7155407/result,final
Ferdinand OMANYALA,,9.98,,,,,,Meeting de Paris | Diamond League | World Athletics,https://worldathletics.org/competitions/diamond-league/calendar-results/7155407/result,final
Letsile TEBOGO,,10.05,,,,,,Meeting de Paris | Diamond League | World Athletics,https://worldathletics.org/competitions/diamond-league/calendar-results/7155407/result,final
Yohan BLAKE,,10.16,,,,,,Meeting de Paris | Diamond League | World Athletics,https://worldathletics.org/competitions/diamond-league/calendar-results/7155407/result,final
Ronnie BAKER,,10.17,,,,,,Meeting de Paris | Diamond League | World Athletics,https://worldathletics.org/competitions/diamond-league/calendar-results/7155407/result,final
Benjamin AZAMATI,,10.2,,,,,,Meeting de Paris | Diamond League | World Athletics,https://worldathletics.org/competitions/diamond-league/calendar-results/7155407/result,final
Lamont Marcell JACOBS,,10.21,,,,,,Meeting de Paris | Diamond League | World Athletics,https://worldathletics.org/competitions/diamond-league/calendar-results/7155407/result,final
Mouhamadou FALL,,,DQ,,,,,Meeting de Paris | Diamond League | World Athletics,https://worldathletics.org/competitions/diamond-league/calendar-results/7155407/result,final
Nicola OLYSLAGERS,,2.02,,,,,,Athletissima Lausanne | Diamond League | World Athletics,https://worldathletics.org/competitions/diamond-league/calendar-results/7155467/result,final
Iryna GERASHCHENKO,,2.0,,,,,,Athletissima Lausanne | Diamond League | World Athletics,https://worldathletics.org/competitions/diamond-league/calendar-results/7155467/result,final
Yaroslava MAHUCHIKH,,1.97,,,,,,Athletissima Lausanne | Diamond League | World Athletics,https://worldathletics.org/competitions/diamond-league/calendar-results/7155467/result,final
Morgan LAKE,,1.94,,,,,,Athletissima Lausanne | Diamond League | World Athletics,https://worldathletics.org/competitions/diamond-league/calendar-results/7155467/result,final
Yuliia LEVCHENKO,,1.94,,,,,,Athletissima Lausanne | Diamond League | World Athletics,https://worldathletics.org/competitions/diamond-league/calendar-results/7155467/result,final
Angelina TOPIĆ,,1.94,,,,,,Athletissima Lausanne | Diamond League | World Athletics,https://worldathletics.org/competitions/diamond-league/calendar-results/7155467/result,final
Daniela STANCIU,,1.94,,,,,,Athletissima Lausanne | Diamond League | World Athletics,https://worldathletics.org/competitions/diamond-league/calendar-results/7155467/result,final
Nafissatou THIAM,,1.91,,,,,,Athletissima Lausanne | Diamond League | World Athletics,https://worldathletics.org/competitions/diamond-league/calendar-results/7155467/result,final
Elisabeth PIHELA,,1.91,,,,,,Athletissima Lausanne | Diamond League | World Athletics,https://worldathletics.org/competitions/diamond-league/calendar-results/7155467/result,final
Salome LANG,,1.87,,,,,,Athletissima Lausanne | Diamond League | World Athletics,https://worldathletics.org/competitions/diamond-league/calendar-results/7155467/result,final
Karmen BRUUS,,1.83,,,,,,Athletissima Lausanne | Diamond League | World Athletics,https://worldathletics.org/competitions/diamond-league/calendar-results/7155467/result,final
Ferdinand OMANYALA,,9.92,,,,,,Herculis Meeting International d’Athlétisme EBS | Diamond League | World Athletics,https://worldathletics.org/competitions/diamond-league/calendar-results/7154214/result,final
Letsile TEBOGO,,9.93,,,,,,Herculis Meeting International d’Athlétisme EBS | Diamond League | World Athletics,https://worldathletics.org/competitions/diamond-league/calendar-results/7154214/result,final
Ackeem BLAKE,,10.0,,,,,,Herculis Meeting International d’Athlétisme EBS | Diamond League | World Athletics,https://worldathletics.org/competitions/diamond-league/calendar-results/7154214/result,final
Yohan BLAKE,,10.01,,,,,,Herculis Meeting International d’Athlétisme EBS | Diamond League | World Athletics,https://worldathletics.org/competitions/diamond-league/calendar-results/7154214/result,final
Kishane THOMPSON,,10.04,,,,,,Herculis Meeting International d’Athlétisme EBS | Diamond League | World Athletics,https://worldathletics.org/competitions/diamond-league/calendar-results/7154214/result,final
Joshua HARTMANN,,10.15,,,,,,Herculis Meeting International d’Athlétisme EBS | Diamond League | World Athletics,https://worldathletics.org/competitions/diamond-league/calendar-results/7154214/result,final
Courtney LINDSEY,,10.16,,,,,,Herculis Meeting International d’Athlétisme EBS | Diamond League | World Athletics,https://worldathletics.org/competitions/diamond-league/calendar-results/7154214/result,final
Arthur CISSÉ,,10.21,,,,,,Herculis Meeting International d’Athlétisme EBS | Diamond League | World Athletics,https://worldathletics.org/competitions/diamond-league/calendar-results/7154214/result,final
Chase EALY,,20.05,,,,,,Memorial van Damme | Diamond League | World Athletics,https://worldathletics.org/competitions/diamond-league/calendar-results/7154216/result,final
Sarah MITTON,,19.76,,,,,,Memorial van Damme | Diamond League | World Athletics,https://worldathletics.org/competitions/diamond-league/calendar-results/7154216/result,final
Maggie EWEN,,19.64,,,,,,Memorial van Damme | Diamond League | World Athletics,https://worldathletics.org/competitions/diamond-league/calendar-results/7154216/result,final
Auriol DONGMO,,19.31,,,,,,Memorial van Damme | Diamond League | World Athletics,https://worldathletics.org/competitions/diamond-league/calendar-results/7154216/result,final
Adelaide AQUILLA,,19.2,,,,,,Memorial van Damme | Diamond League | World Athletics,https://worldathletics.org/competitions/diamond-league/calendar-results/7154216/result,final
Jessica SCHILDER,,18.93,,,,,,Memorial van Damme | Diamond League | World Athletics,https://worldathletics.org/competitions/diamond-league/calendar-results/7154216/result,final
Danniel THOMAS-DODD,,18.88,,,,,,Memorial van Damme | Diamond League | World Athletics,https://worldathletics.org/competitions/diamond-league/calendar-results/7154216/result,final
Fanny ROOS,,18.88,,,,,,Memorial van Damme | Diamond League | World Athletics,https://worldathletics.org/competitions/diamond-league/calendar-results/7154216/result,final
Jessica WOODARD,,18.82,,,,,,Memorial van Damme | Diamond League | World Athletics,https://worldathletics.org/competitions/diamond-league/calendar-results/7154216/result,final
Yemisi OGUNLEYE,,17.57,,,,,,Memorial van Damme | Diamond League | World Athletics,https://worldathletics.org/competitions/diamond-league/calendar-results/7154216/result,final
Christian COLEMAN,,9.83,,,,,,Prefontaine Classic | Diamond League | World Athletics,https://worldathletics.org/competitions/diamond-league/calendar-results/7154217/result,final
Noah LYLES,,9.85,,,,,,Prefontaine Classic | Diamond League | World Athletics,https://worldathletics.org/competitions/diamond-league/calendar-results/7154217/result,final
Ferdinand OMANYALA,,9.85,,,,,,Prefontaine Classic | Diamond League | World Athletics,https://worldathletics.org/competitions/diamond-league/calendar-results/7154217/result,final
Kishane THOMPSON,,9.87,,,,,,Prefontaine Classic | Diamond League | World Athletics,https://worldathletics.org/competitions/diamond-league/calendar-results/7154217/result,final
Yohan BLAKE,,10.08,,,,,,Prefontaine Classic | Diamond League | World Athletics,https://worldathletics.org/competitions/diamond-league/calendar-results/7154217/result,final
Joshua HARTMANN,,10.3,,,,,,Prefontaine Classic | Diamond League | World Athletics,https://worldathletics.org/competitions/diamond-league/calendar-results/7154217/result,final
Letsile TEBOGO,,10.61,,,,,,Prefontaine Classic | Diamond League | World Athletics,https://worldathletics.org/competitions/diamond-league/calendar-results/7154217/result,final
Ackeem BLAKE,,,DQ,,,,,Prefontaine Classic | Diamond League | World Athletics,https://worldathletics.org/competitions/diamond-league/calendar-results/7154217/result,final
Erriyon KNIGHTON,,19.77,,,,,,Oslo Bislett Games | Diamond League | World Athletics,https://worldathletics.org/competitions/diamond-league/calendar-results/7154228/result,final
Reynier MENA,,20.09,,,,,,Oslo Bislett Games | Diamond League | World Athletics,https://worldathletics.org/competitions/diamond-league/calendar-results/7154228/result,final
Joseph FAHNBULLEH,,20.23,,,,,,Oslo Bislett Games | Diamond League | World Athletics,https://worldathletics.org/competitions/diamond-league/calendar-results/7154228/result,final
Alexander OGANDO,,20.27,,,,,,Oslo Bislett Games | Diamond League | World Athletics,https://worldathletics.org/competitions/diamond-league/calendar-results/7154228/result,final
Andre DE GRASSE,,20.33,,,,,,Oslo Bislett Games | Diamond League | World Athletics,https://worldathletics.org/competitions/diamond-league/calendar-results/7154228/result,final
Joshua HARTMANN,,20.39,,,,,,Oslo Bislett Games | Diamond League | World Athletics,https://worldathletics.org/competitions/diamond-league/calendar-results/7154228/result,final
Luxolo ADAMS,,20.79,,,,,,Oslo Bislett Games | Diamond League | World Athletics,https://worldathletics.org/competitions/diamond-league/calendar-results/7154228/result,final
Mouhamadou FALL,,,DQ,,,,,Oslo Bislett Games | Diamond League | World Athletics,https://worldathletics.org/competitions/diamond-league/calendar-results/7154228/result,final
Trayvon BROMELL,,9.95,,,,,,Silesia Kamila Skolimowska Memorial | Diamond League | World Athletics,https://worldathletics.org/competitions/diamond-league/calendar-results/7147636/result,final
Marvin BRACY-WILLIAMS,,10.0,,,,,,Silesia Kamila Skolimowska Memorial | Diamond League | World Athletics,https://worldathletics.org/competitions/diamond-league/calendar-results/7147636/result,final
Ackeem BLAKE,,10.0,,,,,,Silesia Kamila Skolimowska Memorial | Diamond League | World Athletics,https://worldathletics.org/competitions/diamond-league/calendar-results/7147636/result,final
Christian COLEMAN,,10.13,,,,,,Silesia Kamila Skolimowska Memorial | Diamond League | World Athletics,https://worldathletics.org/competitions/diamond-league/calendar-results/7147636/result,final
Yohan BLAKE,,10.13,,,,,,Silesia Kamila Skolimowska Memorial | Diamond League | World Athletics,https://worldathletics.org/competitions/diamond-league/calendar-results/7147636/result,final
Elijah HALL,,10.14,,,,,,Silesia Kamila Skolimowska Memorial | Diamond League | World Athletics,https://worldathletics.org/competitions/diamond-league/calendar-results/7147636/result,final
Abdul Hakim SANI BROWN,,10.15,,,,,,Silesia Kamila Skolimowska Memorial | Diamond League | World Athletics,https://worldathletics.org/competitions/diamond-league/calendar-results/7147636/result,final
Akani SIMBINE,,10.21,,,,,,Silesia Kamila Skolimowska Memorial | Diamond League | World Athletics,https://worldathletics.org/competitions/diamond-league/calendar-results/7147636/result,final
Kyree KING,,10.29,,,,,,Silesia Kamila Skolimowska Memorial | Diamond League | World Athletics,https://worldathletics.org/competitions/diamond-league/calendar-results/7147636/result,final
Akani SIMBINE,,9.97,,,,,,Silesia Kamila Skolimowska Memorial | Diamond League | World Athletics,https://worldathletics.org/competitions/diamond-league/calendar-results/7147656/result,final
Fred KERLEY,,9.98,,,,,,Silesia Kamila Skolimowska Memorial | Diamond League | World Athletics,https://worldathletics.org/competitions/diamond-league/calendar-results/7147656/result,final
Emmanuel ESEME,,9.98,,,,,,Silesia Kamila Skolimowska Memorial | Diamond League | World Athletics,https://worldathletics.org/competitions/diamond-league/calendar-results/7147656/result,final
Cravont CHARLESTON,,9.99,,,,,,Silesia Kamila Skolimowska Memorial | Diamond League | World Athletics,https://worldathletics.org/competitions/diamond-league/calendar-results/7147656/result,final
Yohan BLAKE,,10.01,,,,,,Silesia Kamila Skolimowska Memorial | Diamond League | World Athletics,https://worldathletics.org/competitions/diamond-league/calendar-results/7147656/result,final
Ackeem BLAKE,,10.15,,,,,,Silesia Kamila Skolimowska Memorial | Diamond League | World Athletics,https://worldathletics.org/competitions/diamond-league/calendar-results/7147656/result,final
Pjai AUSTIN,,10.23,,,,,,Silesia Kamila Skolimowska Memorial | Diamond League | World Athletics,https://worldathletics.org/competitions/diamond-league/calendar-results/7147656/result,final
Jeremiah AZU,,10.31,,,,,,Silesia Kamila Skolimowska Memorial | Diamond League | World Athletics,https://worldathletics.org/competitions/diamond-league/calendar-results/7147656/result,final
Marvin BRACY-WILLIAMS,,,DQ,,,,,Silesia Kamila Skolimowska Memorial | Diamond League | World Athletics,https://worldathletics.org/competitions/diamond-league/calendar-results/7147656/result,final
Christian COLEMAN,,9.83,,,,,,Wanda Diamond League Xiamen | Diamond League | World Athletics,https://worldathletics.org/competitions/diamond-league/calendar-results/7190105/result,final
Kishane THOMPSON,,9.85,,,,,,Wanda Diamond League Xiamen | Diamond League | World Athletics,https://worldathletics.org/competitions/diamond-league/calendar-results/7190105/result,final
Fred KERLEY,,9.96,,,,,,Wanda Diamond League Xiamen | Diamond League | World Athletics,https://worldathletics.org/competitions/diamond-league/calendar-results/7190105/result,final
Brandon CARNES,,10.01,,,,,,Wanda Diamond League Xiamen | Diamond League | World Athletics,https://worldathletics.org/competitions/diamond-league/calendar-results/7190105/result,final
Yohan BLAKE,,10.04,,,,,,Wanda Diamond League Xiamen | Diamond League | World Athletics,https://worldathletics.org/competitions/diamond-league/calendar-results/7190105/result,final
Lamont Marcell JACOBS,,10.05,,,,,,Wanda Diamond League Xiamen | Diamond League | World Athletics,https://worldathletics.org/competitions/diamond-league/calendar-results/7190105/result,final
Zhenye XIE,,10.12,,,,,,Wanda Diamond League Xiamen | Diamond League | World Athletics,https://worldathletics.org/competitions/diamond-league/calendar-results/7190105/result,final
Rohan WATSON,,10.18,,,,,,Wanda Diamond League Xiamen | Diamond League | World Athletics,https://worldathletics.org/competitions/diamond-league/calendar-results/7190105/result,final
Ackeem BLAKE,,25.13,,,,,,Wanda Diamond League Xiamen | Diamond League | World Athletics,https://worldathletics.org/competitions/diamond-league/calendar-results/7190105/result,final
Marvin BRACY-WILLIAMS,,,DQ,,,,,Wanda Diamond League Xiamen | Diamond League | World Athletics,https://worldathletics.org/competitions/diamond-league/calendar-results/7190105/result,final
Noah LYLES,,19.72,,,,,,Ooredoo Doha Meeting | Diamond League | World Athletics,https://worldathletics.org/competitions/diamond-league/calendar-results/7153961/result,final
Fred KERLEY,,19.75,,,,,,Ooredoo Doha Meeting | Diamond League | World Athletics,https://worldathletics.org/competitions/diamond-league/calendar-results/7153961/result,final
Jereem RICHARDS,,20.15,,,,,,Ooredoo Doha Meeting | Diamond League | World Athletics,https://worldathletics.org/competitions/diamond-league/calendar-results/7153961/result,final
Andre DE GRASSE,,20.15,,,,,,Ooredoo Doha Meeting | Diamond League | World Athletics,https://worldathletics.org/competitions/diamond-league/calendar-results/7153961/result,final
Aaron BROWN,,20.18,,,,,,Ooredoo Doha Meeting | Diamond League | World Athletics,https://worldathletics.org/competitions/diamond-league/calendar-results/7153961/result,final
Jerome BLAKE,,20.25,,,,,,Ooredoo Doha Meeting | Diamond League | World Athletics,https://worldathletics.org/competitions/diamond-league/calendar-results/7153961/result,final
Filippo TORTU,,20.41,,,,,,Ooredoo Doha Meeting | Diamond League | World Athletics,https://worldathletics.org/competitions/diamond-league/calendar-results/7153961/result,final
Femi OGUNODE,,,DNF,,,,,Ooredoo Doha Meeting | Diamond League | World Athletics,https://worldathletics.org/competitions/diamond-league/calendar-results/7153961/result,final
Fred KERLEY,,9.92,,,,,,Golden Gala Pietro Mennea | Diamond League | World Athletics,https://worldathletics.org/competitions/diamond-league/calendar-results/7153966/result,final
Kyree KING,,10.14,,,,,,Golden Gala Pietro Mennea | Diamond League | World Athletics,https://worldathletics.org/competitions/diamond-league/calendar-results/7153966/result,final
Cravont CHARLESTON,,10.17,,,,,,Golden Gala Pietro Mennea | Diamond League | World Athletics,https://worldathletics.org/competitions/diamond-league/calendar-results/7153966/result,final
Nigel ELLIS,,10.17,,,,,,Golden Gala Pietro Mennea | Diamond League | World Athletics,https://worldathletics.org/competitions/diamond-league/calendar-results/7153966/result,final
Emile ERASMUS,,10.22,,,,,,Golden Gala Pietro Mennea | Diamond League | World Athletics,https://worldathletics.org/competitions/diamond-league/calendar-results/7153966/result,final
Chituru ALI,,10.25,,,,,,Golden Gala Pietro Mennea | Diamond League | World Athletics,https://worldathletics.org/competitions/diamond-league/calendar-results/7153966/result,final
Michael RODGERS,,10.29,,,,,,Golden Gala Pietro Mennea | Diamond League | World Athletics,https://worldathletics.org/competitions/diamond-league/calendar-results/7153966/result,final
Isiah YOUNG,,10.35,,,,,,Golden Gala Pietro Mennea | Diamond League | World Athletics,https://worldathletics.org/competitions/diamond-league/calendar-results/7153966/result,final
Lucas ANSAH-PEPRAH,,10.39,,,,,,Golden Gala Pietro Mennea | Diamond League | World Athletics,https://worldathletics.org/competitions/diamond-league/calendar-results/7153966/result,final
Akani SIMBINE,,10.02,,,,,,BAUHAUS-Galan | Diamond League | World Athletics,https://worldathletics.org/competitions/diamond-league/calendar-results/7153967/result,final
Reece PRESCOD,,10.15,,,,,,BAUHAUS-Galan | Diamond League | World Athletics,https://worldathletics.org/competitions/diamond-league/calendar-results/7153967/result,final
Jimmy VICAUT,,10.19,,,,,,BAUHAUS-Galan | Diamond League | World Athletics,https://worldathletics.org/competitions/diamond-league/calendar-results/7153967/result,final
Yupun ABEYKOON,,10.21,,,,,,BAUHAUS-Galan | Diamond League | World Athletics,https://worldathletics.org/competitions/diamond-league/calendar-results/7153967/result,final
Joris VAN GOOL,,10.38,,,,,,BAUHAUS-Galan | Diamond League | World Athletics,https://worldathletics.org/competitions/diamond-league/calendar-results/7153967/result,final
Rohan BROWNING,,10.38,,,,,,BAUHAUS-Galan | Diamond League | World Athletics,https://worldathletics.org/competitions/diamond-league/calendar-results/7153967/result,final
Henrik LARSSON,,10.4,,,,,,BAUHAUS-Galan | Diamond League | World Athletics,https://worldathletics.org/competitions/diamond-league/calendar-results/7153967/result,final
Mouhamadou FALL,,,DQ,,,,,BAUHAUS-Galan | Diamond League | World Athletics,https://worldathletics.org/competitions/diamond-league/calendar-results/7153967/result,final
Andre DE GRASSE,,10.05,,,,,,Oslo Bislett Games | Diamond League | World Athletics,https://worldathletics.org/competitions/diamond-league/calendar-results/7153968/result,final
Reece PRESCOD,,10.06,,,,,,Oslo Bislett Games | Diamond League | World Athletics,https://worldathletics.org/competitions/diamond-league/calendar-results/7153968/result,final
Akani SIMBINE,,10.09,,,,,,Oslo Bislett Games | Diamond League | World Athletics,https://worldathletics.org/competitions/diamond-league/calendar-results/7153968/result,final
Benjamin AZAMATI,,10.15,,,,,,Oslo Bislett Games | Diamond League | World Athletics,https://worldathletics.org/competitions/diamond-league/calendar-results/7153968/result,final
Yupun ABEYKOON,,10.16,,,,,,Oslo Bislett Games | Diamond League | World Athletics,https://worldathletics.org/competitions/diamond-league/calendar-results/7153968/result,final
Abdul Hakim SANI BROWN,,10.18,,,,,,Oslo Bislett Games | Diamond League | World Athletics,https://worldathletics.org/competitions/diamond-league/calendar-results/7153968/result,final
Rohan BROWNING,,10.28,,,,,,Oslo Bislett Games | Diamond League | World Athletics,https://worldathletics.org/competitions/diamond-league/calendar-results/7153968/result,final
Ojie EDOBURUN,,10.3,,,,,,Oslo Bislett Games | Diamond League | World Athletics,https://worldathletics.org/competitions/diamond-league/calendar-results/7153968/result,final
Luxolo ADAMS,,19.82,,,,,,Meeting de Paris | Diamond League | World Athletics,https://worldathletics.org/competitions/diamond-league/calendar-results/7153970/result,final
Alexander OGANDO,,20.03,,,,,,Meeting de Paris | Diamond League | World Athletics,https://worldathletics.org/competitions/diamond-league/calendar-results/7153970/result,final
Andre DE GRASSE,,20.38,,,,,,Meeting de Paris | Diamond League | World Athletics,https://worldathletics.org/competitions/diamond-league/calendar-results/7153970/result,final
Eseosa Fostine DESALU,,20.52,,,,,,Meeting de Paris | Diamond League | World Athletics,https://worldathletics.org/competitions/diamond-league/calendar-results/7153970/result,final
Yancarlos MARTÍNEZ,,20.61,,,,,,Meeting de Paris | Diamond League | World Athletics,https://worldathletics.org/competitions/diamond-league/calendar-results/7153970/result,final
Benjamin AZAMATI,,20.77,,,,,,Meeting de Paris | Diamond League | World Athletics,https://worldathletics.org/competitions/diamond-league/calendar-results/7153970/result,final
Mouhamadou FALL,,,DQ,,,,,Meeting de Paris | Diamond League | World Athletics,https://worldathletics.org/competitions/diamond-league/calendar-results/7153970/result,final
Amaury GOLITIN,,,DQ,,,,,Meeting de Paris | Diamond League | World Athletics,https://worldathletics.org/competitions/diamond-league/calendar-results/7153970/result,final
Joe KOVACS,,22.61,,,,,,Memorial van Damme | Diamond League | World Athletics,https://worldathletics.org/competitions/diamond-league/calendar-results/7153974/result,final
Tom WALSH,,21.6,,,,,,Memorial van Damme | Diamond League | World Athletics,https://worldathletics.org/competitions/diamond-league/calendar-results/7153974/result,final
Jacko GILL,,21.32,,,,,,Memorial van Damme | Diamond League | World Athletics,https://worldathletics.org/competitions/diamond-league/calendar-results/7153974/result,final
Filip MIHALJEVIĆ,,21.13,,,,,,Memorial van Damme | Diamond League | World Athletics,https://worldathletics.org/competitions/diamond-league/calendar-results/7153974/result,final
Nick PONZIO,,21.06,,,,,,Memorial van Damme | Diamond League | World Athletics,https://worldathletics.org/competitions/diamond-league/calendar-results/7153974/result,final
Adrian PIPERI,,20.88,,,,,,Memorial van Damme | Diamond League | World Athletics,https://worldathletics.org/competitions/diamond-league/calendar-results/7153974/result,final
Armin SINANČEVIĆ,,20.84,,,,,,Memorial van Damme | Diamond League | World Athletics,https://worldathletics.org/competitions/diamond-league/calendar-results/7153974/result,final
Josh AWOTUNDE,,20.69,,,,,,Memorial van Damme | Diamond League | World Athletics,https://worldathletics.org/competitions/diamond-league/calendar-results/7153974/result,final
Gianmarco TAMBERI,,2.34,,,,,,Weltklasse Zürich | Diamond League | World Athletics,https://worldathletics.org/competitions/diamond-league/calendar-results/7153975/result,final
JuVaughn HARRISON,,2.34,,,,,,Weltklasse Zürich | Diamond League | World Athletics,https://worldathletics.org/competitions/diamond-league/calendar-results/7153975/result,final
Django LOVETT,,2.27,,,,,,Weltklasse Zürich | Diamond League | World Athletics,https://worldathletics.org/competitions/diamond-league/calendar-results/7153975/result,final
Andrii PROTSENKO,,2.24,,,,,,Weltklasse Zürich | Diamond League | World Athletics,https://worldathletics.org/competitions/diamond-league/calendar-results/7153975/result,final
Hamish KERR,,2.21,,,,,,Weltklasse Zürich | Diamond League | World Athletics,https://worldathletics.org/competitions/diamond-league/calendar-results/7153975/result,final
Mutaz Essa BARSHIM,,2.18,,,,,,Weltklasse Zürich | Diamond League | World Athletics,https://worldathletics.org/competitions/diamond-league/calendar-results/7153975/result,final
Christian COLEMAN,,9.95,,,,,,Prefontaine Classic | Diamond League | World Athletics,https://worldathletics.org/competitions/diamond-league/calendar-results/7174055/result,final
Ferdinand OMANYALA,,9.98,,,,,,Prefontaine Classic | Diamond League | World Athletics,https://worldathletics.org/competitions/diamond-league/calendar-results/7174055/result,final
Brandon HICKLIN,,10.08,,,,,,Prefontaine Classic | Diamond League | World Athletics,https://worldathletics.org/competitions/diamond-league/calendar-results/7174055/result,final
Ackeem BLAKE,,10.12,,,,,,Prefontaine Classic | Diamond League | World Athletics,https://worldathletics.org/competitions/diamond-league/calendar-results/7174055/result,final
Sandrey DAVISON,,10.13,,,,,,Prefontaine Classic | Diamond League | World Athletics,https://worldathletics.org/competitions/diamond-league/calendar-results/7174055/result,final
Rikkoi BRATHWAITE,,10.19,,,,,,Prefontaine Classic | Diamond League | World Athletics,https://worldathletics.org/competitions/diamond-league/calendar-results/7174055/result,final
Benjamin AZAMATI,,10.21,,,,,,Prefontaine Classic | Diamond League | World Athletics,https://worldathletics.org/competitions/diamond-league/calendar-results/7174055/result,final
Hiroki YANAGITA,,10.26,,,,,,Prefontaine Classic | Diamond League | World Athletics,https://worldathletics.org/competitions/diamond-league/calendar-results/7174055/result,final
Brandon CARNES,,10.33,,,,,,Prefontaine Classic | Diamond League | World Athletics,https://worldathletics.org/competitions/diamond-league/calendar-results/7174055/result,final
Sandi MORRIS,,4.82,,,,,,BAUHAUS-Galan | Diamond League | World Athletics,https://worldathletics.org/competitions/diamond-league/calendar-results/7203937/result,final
Angelica MOSER,,4.63,,,,,,BAUHAUS-Galan | Diamond League | World Athletics,https://worldathletics.org/competitions/diamond-league/calendar-results/7203937/result,final
Roberta BRUNI,,4.53,,,,,,BAUHAUS-Galan | Diamond League | World Athletics,https://worldathletics.org/competitions/diamond-league/calendar-results/7203937/result,final
Gabriela LEON,,4.53,,,,,,BAUHAUS-Galan | Diamond League | World Athletics,https://worldathletics.org/competitions/diamond-league/calendar-results/7203937/result,final
Tina ŠUTEJ,,4.38,,,,,,BAUHAUS-Galan | Diamond League | World Athletics,https://worldathletics.org/competitions/diamond-league/calendar-results/7203937/result,final
Emily GROVE,,4.23,,,,,,BAUHAUS-Galan | Diamond League | World Athletics,https://worldathletics.org/competitions/diamond-league/calendar-results/7203937/result,final
Elina LAMPELA,,,NM,,,,,BAUHAUS-Galan | Diamond League | World Athletics,https://worldathletics.org/competitions/diamond-league/calendar-results/7203937/result,final
Elisa MOLINAROLO,,,NM,,,,,BAUHAUS-Galan | Diamond League | World Athletics,https://worldathletics.org/competitions/diamond-league/calendar-results/7203937/result,final
Sinesipho DAMBILE,,19.74,,,,,,Doha Meeting | Diamond League | World Athletics,https://worldathletics.org/competitions/diamond-league/calendar-results/7214015/result,final
Makanakaishe CHARAMBA,,19.88,,,,,,Doha Meeting | Diamond League | World Athletics,https://worldathletics.org/competitions/diamond-league/calendar-results/7214015/result,final
Alexander OGANDO,,19.96,,,,,,Doha Meeting | Diamond League | World Athletics,https://worldathletics.org/competitions/diamond-league/calendar-results/7214015/result,final
Prince Phaezel SELEPE,,20.01,,,,,,Doha Meeting | Diamond League | World Athletics,https://worldathletics.org/competitions/diamond-league/calendar-results/7214015/result,final
Reynier MENA,,20.04,,,,,,Doha Meeting | Diamond League | World Athletics,https://worldathletics.org/competitions/diamond-league/calendar-results/7214015/result,final
Kyree KING,,20.38,,,,,,Doha Meeting | Diamond League | World Athletics,https://worldathletics.org/competitions/diamond-league/calendar-results/7214015/result,final
Cheickna TRAORE,,20.52,,,,,,Doha Meeting | Diamond League | World Athletics,https://worldathletics.org/competitions/diamond-league/calendar-results/7214015/result,final
Robin GANTER,,20.65,,,,,,Doha Meeting | Diamond League | World Athletics,https://worldathletics.org/competitions/diamond-league/calendar-results/7214015/result,final
